term,valence,source
added,1.0,finvader_extension
ahead,1.0,finvader_extension
behind,-1.0,finvader_extension
bigger,1.0,finvader_extension
climbs,2.0,finvader_extension
concerns,-2.0,finvader_extension
costs,-1.0,finvader_extension
cyclosporiasis,-2.1,finvader_extension
dents,-2.0,finvader_extension
faces,-1.0,finvader_extension
highs,2.0,finvader_extension
hikes,-0.8,finvader_extension
lifts,2.0,finvader_extension
overshadows,-1.9,finvader_extension
raises,1.0,finvader_extension
returns,0.9,finvader_extension
rout,-3.8,finvader_extension
slows,-2.0,finvader_extension
soars,3.1,finvader_extension
tariffs,-2.0,finvader_extension
above,1.5,henry
accomplish,1.5,henry
accomplished,1.5,henry
accomplishes,1.5,henry
accomplishing,1.5,henry
accomplishment,1.5,henry
accomplishments,1.5,henry
achieve,1.5,henry
achieved,1.5,henry
achievement,1.5,henry
achievements,1.5,henry
achieves,1.5,henry
achieving,1.5,henry
beat,1.5,henry
beating,1.5,henry
beats,1.5,henry
below,-1.5,henry
best,1.5,henry
better,1.5,henry
certain,1.5,henry
certainty,1.5,henry
challenge,-1.5,henry
challenged,-1.5,henry
challenges,-1.5,henry
challenging,-1.5,henry
decline,-1.5,henry
declined,-1.5,henry
declines,-1.5,henry
declining,-1.5,henry
decrease,-1.5,henry
decreased,-1.5,henry
decreases,-1.5,henry
decreasing,-1.5,henry
definite,1.5,henry
deliver,1.5,henry
delivered,1.5,henry
delivering,1.5,henry
delivers,1.5,henry
depressed,-1.5,henry
deteriorate,-1.5,henry
deteriorated,-1.5,henry
deteriorates,-1.5,henry
deteriorating,-1.5,henry
difficult,-1.5,henry
difficulty,-1.5,henry
disappoint,-1.5,henry
disappointed,-1.5,henry
disappointing,-1.5,henry
disappointment,-1.5,henry
disappoints,-1.5,henry
down,-1.5,henry
downturn,-1.5,henry
drop,-1.5,henry
dropped,-1.5,henry
dropping,-1.5,henry
drops,-1.5,henry
encouraged,1.5,henry
encouraging,1.5,henry
enjoy,1.5,henry
enjoyed,1.5,henry
enjoying,1.5,henry
enjoys,1.5,henry
exceed,1.5,henry
exceeded,1.5,henry
exceeding,1.5,henry
exceeds,1.5,henry
excellent,1.5,henry
expand,1.5,henry
expanded,1.5,henry
expanding,1.5,henry
expands,1.5,henry
expansion,1.5,henry
fail,-1.5,henry
failing,-1.5,henry
fails,-1.5,henry
failure,-1.5,henry
fall,-1.5,henry
fallen,-1.5,henry
falling,-1.5,henry
falls,-1.5,henry
fell,-1.5,henry
good,1.0,henry
greater,1.5,henry
greatest,1.5,henry
grew,1.5,henry
grow,1.5,henry
growing,1.5,henry
grown,1.5,henry
grows,1.5,henry
growth,1.5,henry
high,1.5,henry
higher,1.5,henry
highest,1.5,henry
hurdle,-1.5,henry
hurdles,-1.5,henry
improve,1.5,henry
improved,1.5,henry
improvement,1.5,henry
improvements,1.5,henry
improves,1.5,henry
improving,1.5,henry
increase,1.5,henry
increased,1.5,henry
increases,1.5,henry
increasing,1.5,henry
larger,1.5,henry
largest,1.5,henry
leader,1.5,henry
leading,1.5,henry
least,-1.5,henry
less,-1.5,henry
low,-1.5,henry
lower,-1.5,henry
lowest,-1.5,henry
more,1.5,henry
most,1.5,henry
negative,-1.5,henry
negatives,-1.5,henry
obstacle,-1.5,henry
obstacles,-1.5,henry
opportunities,1.5,henry
opportunity,1.5,henry
penalties,-1.5,henry
penalty,-1.5,henry
pleased,1.5,henry
positive,1.5,henry
positives,1.5,henry
progress,1.5,henry
progressing,1.5,henry
record,1.5,henry
reward,1.5,henry
rewarded,1.5,henry
rewarding,1.5,henry
rewards,1.5,henry
rise,1.5,henry
risen,1.5,henry
rises,1.5,henry
rising,1.5,henry
risk,-1.5,henry
risks,-1.5,henry
risky,-1.5,henry
rose,1.5,henry
shrink,-1.5,henry
shrinking,-1.5,henry
shrinks,-1.5,henry
shrunk,-1.5,henry
slump,-1.5,henry
slumped,-1.5,henry
slumping,-1.5,henry
slumps,-1.5,henry
smaller,-1.5,henry
smallest,-1.5,henry
solid,1.5,henry
strength,1.5,henry
strengthen,1.5,henry
strengthened,1.5,henry
strengthening,1.5,henry
strengthens,1.5,henry
strengths,1.5,henry
strong,1.5,henry
stronger,1.5,henry
strongest,1.5,henry
succeed,1.5,henry
succeeded,1.5,henry
succeeding,1.5,henry
succeeds,1.5,henry
success,1.5,henry
successes,1.5,henry
successful,1.5,henry
threat,-1.5,henry
threats,-1.5,henry
uncertain,-1.5,henry
uncertainty,-1.5,henry
under,-1.5,henry
unfavorable,-1.5,henry
unsettled,-1.5,henry
up,1.5,henry
weak,-1.5,henry
weaken,-1.5,henry
weakened,-1.5,henry
weakening,-1.5,henry
weakens,-1.5,henry
weakness,-1.5,henry
weaknesses,-1.5,henry
worse,-1.5,henry
worsen,-1.5,henry
worsening,-1.5,henry
worsens,-1.5,henry
worst,-1.5,henry
abandon,-0.05,sentibignomics_x0.1
abandonment,-0.06,sentibignomics_x0.1
abate,-0.02,sentibignomics_x0.1
abatement,0.0,sentibignomics_x0.1
abdicate,-0.02,sentibignomics_x0.1
abdication,-0.025,sentibignomics_x0.1
aberrant,-0.04,sentibignomics_x0.1
aberration,-0.045,sentibignomics_x0.1
aberrational,-0.025,sentibignomics_x0.1
abet,-0.035,sentibignomics_x0.1
abeyance,-0.05,sentibignomics_x0.1
abeyances,-0.03,sentibignomics_x0.1
abide,0.02,sentibignomics_x0.1
ability,0.01,sentibignomics_x0.1
abject,-0.015,sentibignomics_x0.1
able,0.03,sentibignomics_x0.1
abnormal,-0.03,sentibignomics_x0.1
abnormality,-0.025,sentibignomics_x0.1
abnormally,-0.03,sentibignomics_x0.1
abolish,-0.025,sentibignomics_x0.1
abort,-0.05,sentibignomics_x0.1
aborted,-0.045,sentibignomics_x0.1
abortive,-0.05,sentibignomics_x0.1
abound,0.045,sentibignomics_x0.1
abovementioned,0.0,sentibignomics_x0.1
abreast,0.025,sentibignomics_x0.1
abrogate,-0.01,sentibignomics_x0.1
abrogation,-0.035,sentibignomics_x0.1
abrupt,-0.03,sentibignomics_x0.1
abruptly,-0.02,sentibignomics_x0.1
abruptness,-0.04,sentibignomics_x0.1
absence,-0.03,sentibignomics_x0.1
absent,-0.025,sentibignomics_x0.1
absenteeism,-0.04,sentibignomics_x0.1
absolute,0.02,sentibignomics_x0.1
absolve,0.01,sentibignomics_x0.1
absorb,0.03,sentibignomics_x0.1
absorption,0.025,sentibignomics_x0.1
abstain,0.0,sentibignomics_x0.1
absurd,-0.045,sentibignomics_x0.1
absurdity,-0.04,sentibignomics_x0.1
abundance,0.075,sentibignomics_x0.1
abundant,0.075,sentibignomics_x0.1
abuse,-0.045,sentibignomics_x0.1
abused,-0.09,sentibignomics_x0.1
abusive,-0.07,sentibignomics_x0.1
abusively,-0.08,sentibignomics_x0.1
abusiveness,-0.07,sentibignomics_x0.1
abuzz,0.04,sentibignomics_x0.1
abysmal,-0.055,sentibignomics_x0.1
abyss,-0.045,sentibignomics_x0.1
accelerate,0.06,sentibignomics_x0.1
accelerated,0.06,sentibignomics_x0.1
acceleration,0.05,sentibignomics_x0.1
accentuate,0.035,sentibignomics_x0.1
accept,0.035,sentibignomics_x0.1
acceptable,0.045,sentibignomics_x0.1
acceptance,0.035,sentibignomics_x0.1
access,0.03,sentibignomics_x0.1
accessibility,0.05,sentibignomics_x0.1
accessible,0.04,sentibignomics_x0.1
accession,0.02,sentibignomics_x0.1
accident,-0.03,sentibignomics_x0.1
accidental,-0.025,sentibignomics_x0.1
accidentally,-0.04,sentibignomics_x0.1
acclaim,0.065,sentibignomics_x0.1
acclaimed,0.05,sentibignomics_x0.1
accolade,0.05,sentibignomics_x0.1
accommodate,0.045,sentibignomics_x0.1
accommodative,0.055,sentibignomics_x0.1
accompany,0.0,sentibignomics_x0.1
accomplice,-0.03,sentibignomics_x0.1
accord,0.03,sentibignomics_x0.1
accordance,0.025,sentibignomics_x0.1
account,0.0,sentibignomics_x0.1
accountability,0.04,sentibignomics_x0.1
accountable,0.04,sentibignomics_x0.1
accredit,0.045,sentibignomics_x0.1
accrue,0.05,sentibignomics_x0.1
accumulate,0.035,sentibignomics_x0.1
accuracy,0.095,sentibignomics_x0.1
accurate,0.05,sentibignomics_x0.1
accusation,-0.03,sentibignomics_x0.1
accuse,-0.02,sentibignomics_x0.1
accustom,0.02,sentibignomics_x0.1
achievable,0.045,sentibignomics_x0.1
acid,-0.03,sentibignomics_x0.1
acknowledge,0.05,sentibignomics_x0.1
acknowledgment,0.065,sentibignomics_x0.1
acquiesce,-0.015,sentibignomics_x0.1
acquire,0.065,sentibignomics_x0.1
acquirees,0.0,sentibignomics_x0.1
acquirer,0.0,sentibignomics_x0.1
acquit,0.015,sentibignomics_x0.1
acquittal,0.0,sentibignomics_x0.1
acquittance,0.015,sentibignomics_x0.1
acquittances,0.01,sentibignomics_x0.1
acrimonious,-0.05,sentibignomics_x0.1
act,0.005,sentibignomics_x0.1
action,0.03,sentibignomics_x0.1
activate,0.04,sentibignomics_x0.1
active,0.035,sentibignomics_x0.1
activity,0.03,sentibignomics_x0.1
actual,0.01,sentibignomics_x0.1
acumen,0.055,sentibignomics_x0.1
acute,-0.025,sentibignomics_x0.1
adamant,0.06,sentibignomics_x0.1
adaptation,0.04,sentibignomics_x0.1
adaptive,0.07,sentibignomics_x0.1
add,0.04,sentibignomics_x0.1
addendum,0.0,sentibignomics_x0.1
addict,-0.05,sentibignomics_x0.1
addiction,-0.05,sentibignomics_x0.1
addictive,-0.035,sentibignomics_x0.1
addition,0.03,sentibignomics_x0.1
additional,0.04,sentibignomics_x0.1
addled,-0.035,sentibignomics_x0.1
adept,0.04,sentibignomics_x0.1
adequacy,0.02,sentibignomics_x0.1
adequate,0.02,sentibignomics_x0.1
adequately,0.03,sentibignomics_x0.1
adhere,0.01,sentibignomics_x0.1
adherence,0.035,sentibignomics_x0.1
adjoin,0.02,sentibignomics_x0.1
adjourn,0.0,sentibignomics_x0.1
adjournment,0.0,sentibignomics_x0.1
adjudge,0.0,sentibignomics_x0.1
adjudicate,0.0,sentibignomics_x0.1
adjudication,0.0,sentibignomics_x0.1
adjudicative,0.0,sentibignomics_x0.1
adjudicator,0.0,sentibignomics_x0.1
adjudicatory,0.0,sentibignomics_x0.1
adjunct,0.005,sentibignomics_x0.1
adjust,0.02,sentibignomics_x0.1
adjustable,0.035,sentibignomics_x0.1
adjustment,0.005,sentibignomics_x0.1
admirable,0.05,sentibignomics_x0.1
admire,0.035,sentibignomics_x0.1
admired,0.07,sentibignomics_x0.1
admirer,0.035,sentibignomics_x0.1
admissibility,0.02,sentibignomics_x0.1
admissible,0.02,sentibignomics_x0.1
admissibly,0.015,sentibignomics_x0.1
admission,0.03,sentibignomics_x0.1
admonish,-0.02,sentibignomics_x0.1
adopter,0.01,sentibignomics_x0.1
adore,0.06,sentibignomics_x0.1
adorn,0.05,sentibignomics_x0.1
adrift,-0.03,sentibignomics_x0.1
adroit,0.025,sentibignomics_x0.1
adulterate,-0.04,sentibignomics_x0.1
adulteration,-0.06,sentibignomics_x0.1
advance,0.06,sentibignomics_x0.1
advanced,0.05,sentibignomics_x0.1
advancement,0.055,sentibignomics_x0.1
advantage,0.075,sentibignomics_x0.1
advantageous,0.08,sentibignomics_x0.1
advantageously,0.07,sentibignomics_x0.1
advent,0.0,sentibignomics_x0.1
adventurous,0.07,sentibignomics_x0.1
adversarial,-0.065,sentibignomics_x0.1
adversary,-0.035,sentibignomics_x0.1
adverse,-0.03,sentibignomics_x0.1
adversely,-0.065,sentibignomics_x0.1
adversity,-0.045,sentibignomics_x0.1
advice,0.03,sentibignomics_x0.1
advise,0.02,sentibignomics_x0.1
affair,-0.01,sentibignomics_x0.1
affect,0.0,sentibignomics_x0.1
affection,0.065,sentibignomics_x0.1
affectionate,0.055,sentibignomics_x0.1
affidavit,-0.01,sentibignomics_x0.1
affirm,0.04,sentibignomics_x0.1
affirmative,0.05,sentibignomics_x0.1
afflict,-0.025,sentibignomics_x0.1
affluent,0.08,sentibignomics_x0.1
afford,0.05,sentibignomics_x0.1
affordability,0.075,sentibignomics_x0.1
affordable,0.06,sentibignomics_x0.1
aforementioned,0.0,sentibignomics_x0.1
aforesaid,0.0,sentibignomics_x0.1
afraid,-0.05,sentibignomics_x0.1
aftermath,-0.035,sentibignomics_x0.1
aftershock,-0.065,sentibignomics_x0.1
against,-0.025,sentibignomics_x0.1
aged,-0.035,sentibignomics_x0.1
aggravate,-0.04,sentibignomics_x0.1
aggravation,-0.04,sentibignomics_x0.1
aggregate,-0.025,sentibignomics_x0.1
aggression,-0.025,sentibignomics_x0.1
aggressive,-0.045,sentibignomics_x0.1
aggrieve,-0.06,sentibignomics_x0.1
aghast,-0.055,sentibignomics_x0.1
agile,0.03,sentibignomics_x0.1
agility,0.055,sentibignomics_x0.1
aging,-0.025,sentibignomics_x0.1
agitate,-0.06,sentibignomics_x0.1
agonize,-0.065,sentibignomics_x0.1
agonizing,-0.045,sentibignomics_x0.1
agony,-0.075,sentibignomics_x0.1
agree,0.065,sentibignomics_x0.1
agreeable,0.05,sentibignomics_x0.1
agreement,0.05,sentibignomics_x0.1
agricultural,0.0,sentibignomics_x0.1
aid,0.06,sentibignomics_x0.1
ail,-0.045,sentibignomics_x0.1
ailing,-0.03,sentibignomics_x0.1
ailment,-0.025,sentibignomics_x0.1
aim,0.0,sentibignomics_x0.1
akin,0.0,sentibignomics_x0.1
alarm,-0.015,sentibignomics_x0.1
alarmed,-0.03,sentibignomics_x0.1
alarming,-0.035,sentibignomics_x0.1
alcohol,0.0,sentibignomics_x0.1
alert,-0.02,sentibignomics_x0.1
alien,-0.015,sentibignomics_x0.1
alienate,-0.065,sentibignomics_x0.1
alienation,-0.045,sentibignomics_x0.1
align,0.02,sentibignomics_x0.1
alignment,0.04,sentibignomics_x0.1
alive,0.05,sentibignomics_x0.1
allegation,-0.025,sentibignomics_x0.1
allege,0.0,sentibignomics_x0.1
allegedly,0.0,sentibignomics_x0.1
allegiance,0.04,sentibignomics_x0.1
alleviate,0.03,sentibignomics_x0.1
alliance,0.04,sentibignomics_x0.1
allocate,0.02,sentibignomics_x0.1
allocation,0.02,sentibignomics_x0.1
allot,0.02,sentibignomics_x0.1
allow,0.025,sentibignomics_x0.1
allowable,0.02,sentibignomics_x0.1
allowance,0.04,sentibignomics_x0.1
alluring,0.045,sentibignomics_x0.1
ally,0.005,sentibignomics_x0.1
almighty,0.065,sentibignomics_x0.1
almost,0.0,sentibignomics_x0.1
aloof,-0.01,sentibignomics_x0.1
alteration,0.0,sentibignomics_x0.1
altered,0.0,sentibignomics_x0.1
alternate,0.005,sentibignomics_x0.1
alternative,0.02,sentibignomics_x0.1
always,0.0,sentibignomics_x0.1
amalgamate,0.0,sentibignomics_x0.1
amass,0.025,sentibignomics_x0.1
amateur,-0.025,sentibignomics_x0.1
amateurish,-0.045,sentibignomics_x0.1
amazed,0.065,sentibignomics_x0.1
amazement,0.06,sentibignomics_x0.1
amazing,0.075,sentibignomics_x0.1
ambiguity,-0.015,sentibignomics_x0.1
ambiguous,-0.01,sentibignomics_x0.1
ambition,0.07,sentibignomics_x0.1
ambitious,0.065,sentibignomics_x0.1
ambush,-0.065,sentibignomics_x0.1
ameliorate,0.04,sentibignomics_x0.1
amenable,0.06,sentibignomics_x0.1
amend,0.04,sentibignomics_x0.1
amendable,0.045,sentibignomics_x0.1
amendment,0.015,sentibignomics_x0.1
amenity,0.04,sentibignomics_x0.1
amiable,0.07,sentibignomics_x0.1
amicable,0.04,sentibignomics_x0.1
ammunition,0.04,sentibignomics_x0.1
amoral,-0.035,sentibignomics_x0.1
amortization,-0.01,sentibignomics_x0.1
amortize,0.015,sentibignomics_x0.1
amount,0.0,sentibignomics_x0.1
ample,0.06,sentibignomics_x0.1
amplify,0.05,sentibignomics_x0.1
amusement,0.035,sentibignomics_x0.1
amusing,0.04,sentibignomics_x0.1
anachronism,-0.03,sentibignomics_x0.1
anachronistic,0.0,sentibignomics_x0.1
anarchic,-0.045,sentibignomics_x0.1
anathema,-0.04,sentibignomics_x0.1
ancillary,0.005,sentibignomics_x0.1
anecdotal,-0.045,sentibignomics_x0.1
anemic,-0.035,sentibignomics_x0.1
anger,-0.05,sentibignomics_x0.1
angry,-0.05,sentibignomics_x0.1
angst,-0.04,sentibignomics_x0.1
anguish,-0.055,sentibignomics_x0.1
animate,0.035,sentibignomics_x0.1
annex,0.06,sentibignomics_x0.1
annihilate,-0.06,sentibignomics_x0.1
announce,0.0,sentibignomics_x0.1
annoy,-0.03,sentibignomics_x0.1
annoyance,-0.025,sentibignomics_x0.1
annual,0.0,sentibignomics_x0.1
annualize,0.0,sentibignomics_x0.1
annul,-0.02,sentibignomics_x0.1
annulment,-0.04,sentibignomics_x0.1
anomalous,-0.01,sentibignomics_x0.1
anomalously,-0.005,sentibignomics_x0.1
anomaly,-0.02,sentibignomics_x0.1
antagonize,-0.04,sentibignomics_x0.1
antecedent,0.0,sentibignomics_x0.1
antibody,0.015,sentibignomics_x0.1
anticipate,0.025,sentibignomics_x0.1
anticipation,0.01,sentibignomics_x0.1
anticompetitive,-0.005,sentibignomics_x0.1
anticorruption,0.035,sentibignomics_x0.1
antidote,0.075,sentibignomics_x0.1
antidumping,0.03,sentibignomics_x0.1
antiquated,-0.02,sentibignomics_x0.1
antique,0.005,sentibignomics_x0.1
antitrust,-0.025,sentibignomics_x0.1
anxiety,-0.055,sentibignomics_x0.1
anxious,-0.02,sentibignomics_x0.1
apathy,-0.04,sentibignomics_x0.1
apex,0.025,sentibignomics_x0.1
aplomb,0.045,sentibignomics_x0.1
apologize,0.02,sentibignomics_x0.1
apology,0.0,sentibignomics_x0.1
appall,-0.05,sentibignomics_x0.1
appalling,-0.04,sentibignomics_x0.1
apparent,0.005,sentibignomics_x0.1
apparently,0.005,sentibignomics_x0.1
appeal,0.03,sentibignomics_x0.1
appealable,0.01,sentibignomics_x0.1
appear,0.01,sentibignomics_x0.1
appease,0.03,sentibignomics_x0.1
appellant,0.0,sentibignomics_x0.1
appellate,0.0,sentibignomics_x0.1
appellees,0.0,sentibignomics_x0.1
appetite,0.0,sentibignomics_x0.1
applaud,0.035,sentibignomics_x0.1
applause,0.045,sentibignomics_x0.1
apply,0.0,sentibignomics_x0.1
appreciable,0.035,sentibignomics_x0.1
appreciate,0.055,sentibignomics_x0.1
appreciation,0.055,sentibignomics_x0.1
appreciative,0.06,sentibignomics_x0.1
apprehend,0.0,sentibignomics_x0.1
apprehension,0.005,sentibignomics_x0.1
apprehensive,-0.035,sentibignomics_x0.1
approach,0.0,sentibignomics_x0.1
appropriate,0.06,sentibignomics_x0.1
appropriation,0.0,sentibignomics_x0.1
approval,0.04,sentibignomics_x0.1
approve,0.045,sentibignomics_x0.1
approximate,0.005,sentibignomics_x0.1
approximately,0.0,sentibignomics_x0.1
approximation,0.01,sentibignomics_x0.1
appurtenance,0.0,sentibignomics_x0.1
appurtenant,0.0,sentibignomics_x0.1
apt,-0.005,sentibignomics_x0.1
arbitral,0.0,sentibignomics_x0.1
arbitrarily,-0.01,sentibignomics_x0.1
arbitrariness,-0.025,sentibignomics_x0.1
arbitrary,-0.03,sentibignomics_x0.1
arbitrate,0.01,sentibignomics_x0.1
arbitration,0.0,sentibignomics_x0.1
arbitrator,0.0,sentibignomics_x0.1
arcane,0.0,sentibignomics_x0.1
archaic,-0.055,sentibignomics_x0.1
ardent,0.06,sentibignomics_x0.1
arduous,-0.05,sentibignomics_x0.1
argue,-0.015,sentibignomics_x0.1
argument,-0.03,sentibignomics_x0.1
argumentative,-0.025,sentibignomics_x0.1
arid,-0.005,sentibignomics_x0.1
arise,0.025,sentibignomics_x0.1
armor,0.025,sentibignomics_x0.1
armored,0.045,sentibignomics_x0.1
arouse,0.05,sentibignomics_x0.1
array,0.0,sentibignomics_x0.1
arrear,-0.025,sentibignomics_x0.1
arrearage,-0.02,sentibignomics_x0.1
arrest,-0.04,sentibignomics_x0.1
arrogance,-0.04,sentibignomics_x0.1
arrogant,-0.065,sentibignomics_x0.1
art,0.015,sentibignomics_x0.1
artificial,-0.045,sentibignomics_x0.1
artificially,-0.025,sentibignomics_x0.1
ascend,0.05,sentibignomics_x0.1
ascendancy,0.035,sentibignomics_x0.1
ascendant,0.04,sentibignomics_x0.1
ascent,0.055,sentibignomics_x0.1
ashamed,-0.06,sentibignomics_x0.1
ask,0.0,sentibignomics_x0.1
aspiration,0.06,sentibignomics_x0.1
aspirational,0.065,sentibignomics_x0.1
aspiring,0.035,sentibignomics_x0.1
assail,-0.045,sentibignomics_x0.1
assault,-0.065,sentibignomics_x0.1
assemble,0.035,sentibignomics_x0.1
assert,0.02,sentibignomics_x0.1
assertable,0.025,sentibignomics_x0.1
assertion,0.01,sentibignomics_x0.1
assertive,0.025,sentibignomics_x0.1
asset,0.05,sentibignomics_x0.1
assignation,0.0,sentibignomics_x0.1
assignment,0.02,sentibignomics_x0.1
associated,0.0,sentibignomics_x0.1
assorted,0.005,sentibignomics_x0.1
assuage,0.025,sentibignomics_x0.1
assume,0.0,sentibignomics_x0.1
assumption,0.0,sentibignomics_x0.1
assure,0.035,sentibignomics_x0.1
assured,0.035,sentibignomics_x0.1
astonish,0.045,sentibignomics_x0.1
astonishing,0.055,sentibignomics_x0.1
astonishment,0.045,sentibignomics_x0.1
astounding,0.075,sentibignomics_x0.1
astute,0.035,sentibignomics_x0.1
atomic,0.0,sentibignomics_x0.1
atrocious,-0.06,sentibignomics_x0.1
atrophy,-0.03,sentibignomics_x0.1
attain,0.055,sentibignomics_x0.1
attainable,0.045,sentibignomics_x0.1
attainment,0.03,sentibignomics_x0.1
attempt,0.035,sentibignomics_x0.1
attend,0.02,sentibignomics_x0.1
attention,0.05,sentibignomics_x0.1
attentive,0.05,sentibignomics_x0.1
attest,0.0,sentibignomics_x0.1
attestation,0.0,sentibignomics_x0.1
attorney,0.0,sentibignomics_x0.1
attornment,0.0,sentibignomics_x0.1
attorns,0.0,sentibignomics_x0.1
attract,0.055,sentibignomics_x0.1
attraction,0.06,sentibignomics_x0.1
attractive,0.065,sentibignomics_x0.1
attractiveness,0.065,sentibignomics_x0.1
attributable,0.03,sentibignomics_x0.1
attribute,0.01,sentibignomics_x0.1
attrition,-0.01,sentibignomics_x0.1
attune,0.035,sentibignomics_x0.1
attuned,0.02,sentibignomics_x0.1
atypical,0.0,sentibignomics_x0.1
audacious,0.01,sentibignomics_x0.1
audit,-0.015,sentibignomics_x0.1
augment,0.035,sentibignomics_x0.1
augur,0.0,sentibignomics_x0.1
aura,0.005,sentibignomics_x0.1
auspicious,0.045,sentibignomics_x0.1
austere,-0.005,sentibignomics_x0.1
austerity,0.0,sentibignomics_x0.1
authentic,0.06,sentibignomics_x0.1
authoritarian,0.0,sentibignomics_x0.1
authority,0.0,sentibignomics_x0.1
autocratic,-0.04,sentibignomics_x0.1
automate,0.05,sentibignomics_x0.1
automobile,0.0,sentibignomics_x0.1
automotive,0.0,sentibignomics_x0.1
autonomous,0.015,sentibignomics_x0.1
autonomy,0.04,sentibignomics_x0.1
auxiliary,0.045,sentibignomics_x0.1
availability,0.06,sentibignomics_x0.1
available,0.03,sentibignomics_x0.1
avalanche,-0.05,sentibignomics_x0.1
avaricious,-0.06,sentibignomics_x0.1
average,0.0,sentibignomics_x0.1
averse,-0.035,sentibignomics_x0.1
aversion,-0.05,sentibignomics_x0.1
avert,0.015,sentibignomics_x0.1
avid,0.045,sentibignomics_x0.1
avoid,-0.025,sentibignomics_x0.1
avoidable,0.01,sentibignomics_x0.1
avoidance,-0.035,sentibignomics_x0.1
await,0.0,sentibignomics_x0.1
awake,0.02,sentibignomics_x0.1
awakening,0.035,sentibignomics_x0.1
award,0.05,sentibignomics_x0.1
aware,0.04,sentibignomics_x0.1
awareness,0.045,sentibignomics_x0.1
awash,-0.02,sentibignomics_x0.1
awe,0.055,sentibignomics_x0.1
awesome,0.095,sentibignomics_x0.1
awful,-0.05,sentibignomics_x0.1
awkward,-0.035,sentibignomics_x0.1
back,0.0,sentibignomics_x0.1
backbone,0.04,sentibignomics_x0.1
backbreaking,-0.06,sentibignomics_x0.1
backdate,-0.02,sentibignomics_x0.1
backdrop,0.0,sentibignomics_x0.1
backer,0.04,sentibignomics_x0.1
backfire,-0.075,sentibignomics_x0.1
background,0.0,sentibignomics_x0.1
backlash,-0.05,sentibignomics_x0.1
backlog,-0.03,sentibignomics_x0.1
backtrack,-0.03,sentibignomics_x0.1
backup,0.035,sentibignomics_x0.1
backward,-0.04,sentibignomics_x0.1
bad,-0.04,sentibignomics_x0.1
baffle,-0.04,sentibignomics_x0.1
baffling,-0.045,sentibignomics_x0.1
bail,-0.025,sentibignomics_x0.1
bailee,0.0,sentibignomics_x0.1
bailiff,0.0,sentibignomics_x0.1
bailment,0.0,sentibignomics_x0.1
bailout,-0.045,sentibignomics_x0.1
bait,-0.02,sentibignomics_x0.1
baking,0.0,sentibignomics_x0.1
balance,0.05,sentibignomics_x0.1
balanced,0.035,sentibignomics_x0.1
bald,-0.02,sentibignomics_x0.1
balk,-0.03,sentibignomics_x0.1
ban,-0.045,sentibignomics_x0.1
bandit,-0.045,sentibignomics_x0.1
bane,-0.035,sentibignomics_x0.1
bang,0.035,sentibignomics_x0.1
banish,-0.04,sentibignomics_x0.1
bank,0.0,sentibignomics_x0.1
bankable,0.07,sentibignomics_x0.1
bankroll,0.055,sentibignomics_x0.1
bankrupt,-0.09,sentibignomics_x0.1
bankruptcy,-0.09,sentibignomics_x0.1
bar,0.0,sentibignomics_x0.1
barbaric,-0.065,sentibignomics_x0.1
bare,-0.025,sentibignomics_x0.1
bargain,0.045,sentibignomics_x0.1
bargaining,0.04,sentibignomics_x0.1
barge,-0.03,sentibignomics_x0.1
barrage,-0.035,sentibignomics_x0.1
barren,-0.03,sentibignomics_x0.1
barricade,-0.02,sentibignomics_x0.1
barrier,-0.04,sentibignomics_x0.1
base,0.0,sentibignomics_x0.1
baseless,-0.04,sentibignomics_x0.1
bash,-0.03,sentibignomics_x0.1
basic,0.0,sentibignomics_x0.1
batten,0.0,sentibignomics_x0.1
batter,-0.03,sentibignomics_x0.1
battered,-0.055,sentibignomics_x0.1
battering,-0.065,sentibignomics_x0.1
battle,-0.04,sentibignomics_x0.1
battlefield,-0.035,sentibignomics_x0.1
battleground,-0.035,sentibignomics_x0.1
be,0.0,sentibignomics_x0.1
bear,-0.015,sentibignomics_x0.1
bearer,0.0,sentibignomics_x0.1
beast,-0.045,sentibignomics_x0.1
beautiful,0.065,sentibignomics_x0.1
beautifully,0.07,sentibignomics_x0.1
beautify,0.05,sentibignomics_x0.1
beauty,0.055,sentibignomics_x0.1
becalm,0.0,sentibignomics_x0.1
because,0.0,sentibignomics_x0.1
become,0.0,sentibignomics_x0.1
bed,0.0,sentibignomics_x0.1
bedevil,-0.025,sentibignomics_x0.1
bedfellow,0.0,sentibignomics_x0.1
beefy,0.05,sentibignomics_x0.1
befall,-0.035,sentibignomics_x0.1
befit,0.03,sentibignomics_x0.1
begrudge,-0.04,sentibignomics_x0.1
beguiling,0.0,sentibignomics_x0.1
behave,0.045,sentibignomics_x0.1
beholden,0.0,sentibignomics_x0.1
belated,-0.01,sentibignomics_x0.1
belch,-0.025,sentibignomics_x0.1
beleaguered,-0.035,sentibignomics_x0.1
belie,-0.05,sentibignomics_x0.1
believable,0.055,sentibignomics_x0.1
believe,0.025,sentibignomics_x0.1
belittle,-0.045,sentibignomics_x0.1
belligerent,-0.05,sentibignomics_x0.1
bellow,-0.02,sentibignomics_x0.1
bellwether,0.0,sentibignomics_x0.1
belonging,0.01,sentibignomics_x0.1
beloved,0.06,sentibignomics_x0.1
bemoan,-0.015,sentibignomics_x0.1
bend,0.0,sentibignomics_x0.1
beneficial,0.06,sentibignomics_x0.1
beneficially,0.06,sentibignomics_x0.1
beneficiated,0.03,sentibignomics_x0.1
beneficiation,0.035,sentibignomics_x0.1
benefit,0.07,sentibignomics_x0.1
benevolent,0.05,sentibignomics_x0.1
benighted,-0.065,sentibignomics_x0.1
benign,0.035,sentibignomics_x0.1
bequest,0.025,sentibignomics_x0.1
berate,-0.005,sentibignomics_x0.1
bereft,-0.045,sentibignomics_x0.1
berth,0.0,sentibignomics_x0.1
beset,-0.035,sentibignomics_x0.1
besiege,-0.05,sentibignomics_x0.1
bespoke,0.0,sentibignomics_x0.1
bestow,0.04,sentibignomics_x0.1
bestseller,0.075,sentibignomics_x0.1
betray,-0.05,sentibignomics_x0.1
betrayal,-0.08,sentibignomics_x0.1
beware,-0.04,sentibignomics_x0.1
bewilder,-0.04,sentibignomics_x0.1
bewildering,-0.035,sentibignomics_x0.1
bias,-0.045,sentibignomics_x0.1
bicker,-0.045,sentibignomics_x0.1
bidder,0.0,sentibignomics_x0.1
bidding,0.02,sentibignomics_x0.1
big,0.075,sentibignomics_x0.1
bilk,-0.04,sentibignomics_x0.1
bill,0.0,sentibignomics_x0.1
bind,-0.02,sentibignomics_x0.1
binge,0.02,sentibignomics_x0.1
bite,0.0,sentibignomics_x0.1
bitter,-0.05,sentibignomics_x0.1
bitterness,-0.045,sentibignomics_x0.1
bittersweet,-0.02,sentibignomics_x0.1
bizarre,-0.04,sentibignomics_x0.1
blacken,-0.04,sentibignomics_x0.1
blacklist,-0.08,sentibignomics_x0.1
blackmail,-0.09,sentibignomics_x0.1
blackout,-0.04,sentibignomics_x0.1
blackspot,-0.055,sentibignomics_x0.1
blame,-0.06,sentibignomics_x0.1
bland,-0.035,sentibignomics_x0.1
blank,0.0,sentibignomics_x0.1
blare,-0.025,sentibignomics_x0.1
blast,0.0,sentibignomics_x0.1
blatant,-0.005,sentibignomics_x0.1
blazing,0.045,sentibignomics_x0.1
bleak,-0.05,sentibignomics_x0.1
bleed,-0.05,sentibignomics_x0.1
blended,0.01,sentibignomics_x0.1
bless,0.075,sentibignomics_x0.1
blessing,0.08,sentibignomics_x0.1
blight,-0.045,sentibignomics_x0.1
blighted,-0.04,sentibignomics_x0.1
blind,-0.04,sentibignomics_x0.1
blindside,-0.05,sentibignomics_x0.1
blink,-0.01,sentibignomics_x0.1
blip,-0.02,sentibignomics_x0.1
blissful,0.07,sentibignomics_x0.1
blistering,-0.03,sentibignomics_x0.1
blitz,0.02,sentibignomics_x0.1
bloat,-0.035,sentibignomics_x0.1
bloated,-0.045,sentibignomics_x0.1
bloc,0.0,sentibignomics_x0.1
block,-0.035,sentibignomics_x0.1
blockade,-0.055,sentibignomics_x0.1
blood,-0.01,sentibignomics_x0.1
bloodbath,-0.07,sentibignomics_x0.1
bloody,-0.065,sentibignomics_x0.1
bloom,0.06,sentibignomics_x0.1
blossom,0.065,sentibignomics_x0.1
blot,-0.03,sentibignomics_x0.1
blow,-0.045,sentibignomics_x0.1
blowout,0.045,sentibignomics_x0.1
bludgeon,-0.005,sentibignomics_x0.1
bluff,-0.04,sentibignomics_x0.1
blunder,-0.06,sentibignomics_x0.1
blunt,-0.025,sentibignomics_x0.1
blur,-0.025,sentibignomics_x0.1
board,0.0,sentibignomics_x0.1
boast,0.02,sentibignomics_x0.1
bob,0.0,sentibignomics_x0.1
bode,0.0,sentibignomics_x0.1
bodied,0.0,sentibignomics_x0.1
bog,-0.045,sentibignomics_x0.1
boggling,0.0,sentibignomics_x0.1
bogus,-0.05,sentibignomics_x0.1
boil,-0.01,sentibignomics_x0.1
boisterous,0.03,sentibignomics_x0.1
bolster,0.05,sentibignomics_x0.1
bombshell,-0.05,sentibignomics_x0.1
bona,0.0,sentibignomics_x0.1
bonafide,0.02,sentibignomics_x0.1
bonanza,0.045,sentibignomics_x0.1
bond,0.0,sentibignomics_x0.1
bonus,0.08,sentibignomics_x0.1
boom,0.08,sentibignomics_x0.1
boon,0.015,sentibignomics_x0.1
boost,0.04,sentibignomics_x0.1
bootleg,-0.035,sentibignomics_x0.1
border,0.0,sentibignomics_x0.1
borderless,0.01,sentibignomics_x0.1
borderline,-0.045,sentibignomics_x0.1
bored,-0.045,sentibignomics_x0.1
boring,-0.04,sentibignomics_x0.1
borrow,-0.01,sentibignomics_x0.1
borrowing,0.01,sentibignomics_x0.1
boss,0.0,sentibignomics_x0.1
botch,-0.035,sentibignomics_x0.1
botched,-0.06,sentibignomics_x0.1
bother,-0.03,sentibignomics_x0.1
bothersome,-0.05,sentibignomics_x0.1
bottleneck,-0.04,sentibignomics_x0.1
bottom,-0.025,sentibignomics_x0.1
bottomless,-0.04,sentibignomics_x0.1
bounce,0.035,sentibignomics_x0.1
bouncy,-0.005,sentibignomics_x0.1
bound,0.0,sentibignomics_x0.1
bounty,0.0,sentibignomics_x0.1
bout,0.0,sentibignomics_x0.1
bouyant,0.025,sentibignomics_x0.1
boycott,-0.035,sentibignomics_x0.1
brace,0.01,sentibignomics_x0.1
brag,-0.03,sentibignomics_x0.1
brake,-0.025,sentibignomics_x0.1
brand,0.0,sentibignomics_x0.1
brandish,0.015,sentibignomics_x0.1
brash,-0.04,sentibignomics_x0.1
brave,0.065,sentibignomics_x0.1
brawl,-0.05,sentibignomics_x0.1
breach,-0.05,sentibignomics_x0.1
breadth,0.0,sentibignomics_x0.1
break,-0.02,sentibignomics_x0.1
breakage,-0.04,sentibignomics_x0.1
breakdown,-0.065,sentibignomics_x0.1
breakeven,0.03,sentibignomics_x0.1
breakthrough,0.065,sentibignomics_x0.1
breakup,-0.03,sentibignomics_x0.1
breath,0.0,sentibignomics_x0.1
breathe,0.025,sentibignomics_x0.1
breather,0.025,sentibignomics_x0.1
breathless,0.0,sentibignomics_x0.1
breathtaking,0.07,sentibignomics_x0.1
breed,0.015,sentibignomics_x0.1
brexit,-0.03,sentibignomics_x0.1
bribe,-0.05,sentibignomics_x0.1
bribery,-0.06,sentibignomics_x0.1
bridge,0.005,sentibignomics_x0.1
bright,0.045,sentibignomics_x0.1
brighten,0.07,sentibignomics_x0.1
brilliant,0.075,sentibignomics_x0.1
brim,0.05,sentibignomics_x0.1
brink,-0.005,sentibignomics_x0.1
brisk,0.03,sentibignomics_x0.1
british,0.0,sentibignomics_x0.1
brittle,-0.04,sentibignomics_x0.1
broad,0.035,sentibignomics_x0.1
broaden,0.04,sentibignomics_x0.1
brokered,0.02,sentibignomics_x0.1
brooding,-0.035,sentibignomics_x0.1
browbeat,-0.045,sentibignomics_x0.1
bruise,-0.04,sentibignomics_x0.1
brunt,-0.04,sentibignomics_x0.1
brutal,-0.06,sentibignomics_x0.1
brutalize,-0.075,sentibignomics_x0.1
bubble,0.0,sentibignomics_x0.1
buck,0.03,sentibignomics_x0.1
buckle,-0.04,sentibignomics_x0.1
bud,0.035,sentibignomics_x0.1
budge,-0.02,sentibignomics_x0.1
buff,0.035,sentibignomics_x0.1
buffer,0.03,sentibignomics_x0.1
buffet,0.0,sentibignomics_x0.1
bug,-0.03,sentibignomics_x0.1
build,0.04,sentibignomics_x0.1
builder,0.0,sentibignomics_x0.1
buildup,0.015,sentibignomics_x0.1
bulge,0.0,sentibignomics_x0.1
bulk,0.02,sentibignomics_x0.1
bulky,0.0,sentibignomics_x0.1
bulldoze,-0.035,sentibignomics_x0.1
bulldozer,-0.01,sentibignomics_x0.1
bullish,-0.035,sentibignomics_x0.1
bully,-0.045,sentibignomics_x0.1
bullying,-0.075,sentibignomics_x0.1
bum,-0.05,sentibignomics_x0.1
bumbling,-0.055,sentibignomics_x0.1
bump,0.025,sentibignomics_x0.1
bumpy,-0.04,sentibignomics_x0.1
bungle,-0.055,sentibignomics_x0.1
buoyancy,0.01,sentibignomics_x0.1
buoyant,0.045,sentibignomics_x0.1
burden,-0.05,sentibignomics_x0.1
burdensome,-0.05,sentibignomics_x0.1
bureaucracy,-0.01,sentibignomics_x0.1
bureaucrat,0.0,sentibignomics_x0.1
burgeon,0.035,sentibignomics_x0.1
burglar,-0.07,sentibignomics_x0.1
burglarize,-0.05,sentibignomics_x0.1
burgle,-0.07,sentibignomics_x0.1
burn,-0.04,sentibignomics_x0.1
burnish,0.0,sentibignomics_x0.1
burst,-0.035,sentibignomics_x0.1
bursting,-0.02,sentibignomics_x0.1
bury,-0.025,sentibignomics_x0.1
business,0.03,sentibignomics_x0.1
businesses,0.0,sentibignomics_x0.1
bust,-0.04,sentibignomics_x0.1
busted,-0.04,sentibignomics_x0.1
bustling,0.05,sentibignomics_x0.1
busy,0.02,sentibignomics_x0.1
buy,0.035,sentibignomics_x0.1
buyback,0.01,sentibignomics_x0.1
buyout,-0.01,sentibignomics_x0.1
bypass,0.0,sentibignomics_x0.1
byword,0.01,sentibignomics_x0.1
cagey,0.0,sentibignomics_x0.1
cajole,0.0,sentibignomics_x0.1
calamitous,-0.07,sentibignomics_x0.1
calamity,-0.07,sentibignomics_x0.1
calculate,0.0,sentibignomics_x0.1
calibrate,0.025,sentibignomics_x0.1
call,0.0,sentibignomics_x0.1
calm,0.03,sentibignomics_x0.1
calmness,0.035,sentibignomics_x0.1
camp,0.0,sentibignomics_x0.1
can,0.0,sentibignomics_x0.1
cancel,-0.04,sentibignomics_x0.1
cancellation,-0.045,sentibignomics_x0.1
cancer,-0.045,sentibignomics_x0.1
candid,0.03,sentibignomics_x0.1
cannibalize,-0.06,sentibignomics_x0.1
canny,0.03,sentibignomics_x0.1
cap,0.0,sentibignomics_x0.1
capability,0.04,sentibignomics_x0.1
capable,0.06,sentibignomics_x0.1
capacity,0.005,sentibignomics_x0.1
capital,0.02,sentibignomics_x0.1
capitalism,0.0,sentibignomics_x0.1
capitulate,-0.035,sentibignomics_x0.1
capped,0.03,sentibignomics_x0.1
capricious,-0.045,sentibignomics_x0.1
capsize,-0.04,sentibignomics_x0.1
captivate,0.035,sentibignomics_x0.1
captivating,0.06,sentibignomics_x0.1
captive,0.0,sentibignomics_x0.1
capture,0.01,sentibignomics_x0.1
car,0.0,sentibignomics_x0.1
card,0.0,sentibignomics_x0.1
care,0.03,sentibignomics_x0.1
careful,0.065,sentibignomics_x0.1
careless,-0.04,sentibignomics_x0.1
carelessly,-0.04,sentibignomics_x0.1
carelessness,-0.035,sentibignomics_x0.1
caricature,0.0,sentibignomics_x0.1
caring,0.075,sentibignomics_x0.1
carnage,-0.06,sentibignomics_x0.1
carry,0.005,sentibignomics_x0.1
carve,0.0,sentibignomics_x0.1
case,0.0,sentibignomics_x0.1
cash,0.09,sentibignomics_x0.1
caste,0.025,sentibignomics_x0.1
castigate,-0.015,sentibignomics_x0.1
casual,0.02,sentibignomics_x0.1
casualised,-0.035,sentibignomics_x0.1
casualty,-0.05,sentibignomics_x0.1
cataclysmic,-0.055,sentibignomics_x0.1
catalyst,0.01,sentibignomics_x0.1
catalyze,0.015,sentibignomics_x0.1
catapult,0.06,sentibignomics_x0.1
catastrophe,-0.095,sentibignomics_x0.1
catastrophic,-0.1,sentibignomics_x0.1
catastrophically,-0.095,sentibignomics_x0.1
catch,0.0,sentibignomics_x0.1
cater,0.015,sentibignomics_x0.1
cause,0.0,sentibignomics_x0.1
caution,-0.02,sentibignomics_x0.1
cautionary,-0.015,sentibignomics_x0.1
cautious,-0.01,sentibignomics_x0.1
cautiously,0.01,sentibignomics_x0.1
cautiousness,0.0,sentibignomics_x0.1
cavernous,-0.005,sentibignomics_x0.1
cease,-0.03,sentibignomics_x0.1
ceaseless,0.01,sentibignomics_x0.1
cede,-0.025,sentibignomics_x0.1
celebrated,0.065,sentibignomics_x0.1
celebration,0.075,sentibignomics_x0.1
celebratory,0.055,sentibignomics_x0.1
censor,0.0,sentibignomics_x0.1
censure,-0.04,sentibignomics_x0.1
cent,0.0,sentibignomics_x0.1
center,0.0,sentibignomics_x0.1
centralize,0.015,sentibignomics_x0.1
centre,0.0,sentibignomics_x0.1
ceremony,0.0,sentibignomics_x0.1
cession,0.0,sentibignomics_x0.1
chagrin,-0.03,sentibignomics_x0.1
champion,0.07,sentibignomics_x0.1
chance,0.055,sentibignomics_x0.1
chancy,-0.045,sentibignomics_x0.1
change,0.045,sentibignomics_x0.1
changeover,0.0,sentibignomics_x0.1
chaos,-0.065,sentibignomics_x0.1
chaotic,-0.07,sentibignomics_x0.1
charge,0.0,sentibignomics_x0.1
charging,-0.005,sentibignomics_x0.1
charismatic,0.06,sentibignomics_x0.1
charitable,0.05,sentibignomics_x0.1
charity,0.05,sentibignomics_x0.1
charm,0.05,sentibignomics_x0.1
charred,-0.025,sentibignomics_x0.1
chart,0.0,sentibignomics_x0.1
chasten,-0.015,sentibignomics_x0.1
chastise,-0.035,sentibignomics_x0.1
chattel,0.0,sentibignomics_x0.1
cheap,-0.02,sentibignomics_x0.1
cheapen,-0.045,sentibignomics_x0.1
cheat,-0.055,sentibignomics_x0.1
cheating,-0.07,sentibignomics_x0.1
check,0.03,sentibignomics_x0.1
cheer,0.06,sentibignomics_x0.1
cherish,0.07,sentibignomics_x0.1
chide,-0.04,sentibignomics_x0.1
chill,-0.005,sentibignomics_x0.1
chilled,-0.01,sentibignomics_x0.1
chilling,0.02,sentibignomics_x0.1
chilly,-0.015,sentibignomics_x0.1
chinese,0.0,sentibignomics_x0.1
choke,-0.06,sentibignomics_x0.1
choose,0.035,sentibignomics_x0.1
choosy,-0.025,sentibignomics_x0.1
chop,-0.015,sentibignomics_x0.1
choppy,-0.05,sentibignomics_x0.1
chronic,-0.055,sentibignomics_x0.1
circle,0.0,sentibignomics_x0.1
circumspect,-0.025,sentibignomics_x0.1
circumvent,0.0,sentibignomics_x0.1
circumvention,-0.02,sentibignomics_x0.1
civil,0.025,sentibignomics_x0.1
claim,0.0,sentibignomics_x0.1
claimable,0.0,sentibignomics_x0.1
claimant,0.0,sentibignomics_x0.1
clamber,-0.03,sentibignomics_x0.1
clamor,-0.005,sentibignomics_x0.1
clamp,-0.005,sentibignomics_x0.1
clampdown,0.0,sentibignomics_x0.1
clandestine,-0.04,sentibignomics_x0.1
clarification,0.04,sentibignomics_x0.1
clarify,0.06,sentibignomics_x0.1
clarity,0.05,sentibignomics_x0.1
clash,-0.05,sentibignomics_x0.1
classify,0.015,sentibignomics_x0.1
classy,0.06,sentibignomics_x0.1
claw,-0.035,sentibignomics_x0.1
clawback,-0.03,sentibignomics_x0.1
clawbacks,-0.03,sentibignomics_x0.1
clean,0.05,sentibignomics_x0.1
cleaning,0.03,sentibignomics_x0.1
cleanup,0.04,sentibignomics_x0.1
clear,0.0,sentibignomics_x0.1
clearly,0.0,sentibignomics_x0.1
clever,0.045,sentibignomics_x0.1
cliff,0.0,sentibignomics_x0.1
climate,0.0,sentibignomics_x0.1
climax,0.055,sentibignomics_x0.1
climb,0.055,sentibignomics_x0.1
climbdown,-0.025,sentibignomics_x0.1
clinch,0.01,sentibignomics_x0.1
cling,-0.005,sentibignomics_x0.1
clobber,-0.045,sentibignomics_x0.1
clog,-0.04,sentibignomics_x0.1
close,-0.025,sentibignomics_x0.1
closeout,-0.035,sentibignomics_x0.1
closure,-0.05,sentibignomics_x0.1
cloud,0.015,sentibignomics_x0.1
cloudy,-0.025,sentibignomics_x0.1
clueless,-0.035,sentibignomics_x0.1
clumsy,-0.035,sentibignomics_x0.1
clunky,-0.035,sentibignomics_x0.1
clutch,-0.01,sentibignomics_x0.1
clutter,-0.055,sentibignomics_x0.1
cluttered,-0.03,sentibignomics_x0.1
coalesce,0.02,sentibignomics_x0.1
cocky,-0.05,sentibignomics_x0.1
coddle,0.0,sentibignomics_x0.1
codicil,0.0,sentibignomics_x0.1
codification,0.0,sentibignomics_x0.1
codify,0.0,sentibignomics_x0.1
coerce,-0.065,sentibignomics_x0.1
coercion,-0.06,sentibignomics_x0.1
coercive,-0.045,sentibignomics_x0.1
coffer,0.0,sentibignomics_x0.1
coherent,0.06,sentibignomics_x0.1
cohesion,0.04,sentibignomics_x0.1
cohesive,0.02,sentibignomics_x0.1
coincide,0.02,sentibignomics_x0.1
cold,-0.02,sentibignomics_x0.1
collaborate,0.035,sentibignomics_x0.1
collaboration,0.03,sentibignomics_x0.1
collaborative,0.055,sentibignomics_x0.1
collaborator,0.03,sentibignomics_x0.1
collapse,-0.08,sentibignomics_x0.1
collapsed,-0.1,sentibignomics_x0.1
collateral,0.0,sentibignomics_x0.1
collateralize,0.025,sentibignomics_x0.1
collectivize,0.04,sentibignomics_x0.1
collector,0.0,sentibignomics_x0.1
collide,-0.04,sentibignomics_x0.1
collision,-0.035,sentibignomics_x0.1
collude,-0.055,sentibignomics_x0.1
collusion,-0.06,sentibignomics_x0.1
collusive,-0.035,sentibignomics_x0.1
colony,0.0,sentibignomics_x0.1
colored,0.0,sentibignomics_x0.1
colorful,0.04,sentibignomics_x0.1
colossal,0.065,sentibignomics_x0.1
colossus,0.04,sentibignomics_x0.1
comatose,-0.04,sentibignomics_x0.1
comb,0.005,sentibignomics_x0.1
combat,-0.035,sentibignomics_x0.1
combative,0.0,sentibignomics_x0.1
combination,0.0,sentibignomics_x0.1
combine,0.0,sentibignomics_x0.1
combined,0.03,sentibignomics_x0.1
come,0.0,sentibignomics_x0.1
comfort,0.07,sentibignomics_x0.1
comfortable,0.05,sentibignomics_x0.1
comic,0.015,sentibignomics_x0.1
command,0.035,sentibignomics_x0.1
commemorate,0.05,sentibignomics_x0.1
commence,0.035,sentibignomics_x0.1
commend,0.025,sentibignomics_x0.1
commendable,0.065,sentibignomics_x0.1
commercial,0.0,sentibignomics_x0.1
commercialize,0.01,sentibignomics_x0.1
commingle,0.0,sentibignomics_x0.1
commit,0.02,sentibignomics_x0.1
commitment,0.03,sentibignomics_x0.1
commoditize,0.0,sentibignomics_x0.1
commodity,0.02,sentibignomics_x0.1
common,0.0,sentibignomics_x0.1
companies,0.0,sentibignomics_x0.1
companion,0.065,sentibignomics_x0.1
company,0.0,sentibignomics_x0.1
comparable,0.02,sentibignomics_x0.1
compare,0.005,sentibignomics_x0.1
compassion,0.05,sentibignomics_x0.1
compassionate,0.075,sentibignomics_x0.1
compel,0.0,sentibignomics_x0.1
compensate,0.07,sentibignomics_x0.1
compensation,0.055,sentibignomics_x0.1
compensatory,0.03,sentibignomics_x0.1
compete,0.015,sentibignomics_x0.1
competent,0.055,sentibignomics_x0.1
competition,0.0,sentibignomics_x0.1
competitive,0.005,sentibignomics_x0.1
competitiveness,0.025,sentibignomics_x0.1
competitor,0.0,sentibignomics_x0.1
complacency,-0.01,sentibignomics_x0.1
complacent,0.0,sentibignomics_x0.1
complain,-0.03,sentibignomics_x0.1
complainant,-0.025,sentibignomics_x0.1
complaint,-0.04,sentibignomics_x0.1
complete,0.04,sentibignomics_x0.1
complex,0.0,sentibignomics_x0.1
complexity,0.0,sentibignomics_x0.1
compliant,0.04,sentibignomics_x0.1
complicate,-0.04,sentibignomics_x0.1
complication,-0.045,sentibignomics_x0.1
complicit,-0.05,sentibignomics_x0.1
compliment,0.06,sentibignomics_x0.1
complimentary,0.06,sentibignomics_x0.1
comply,0.035,sentibignomics_x0.1
composite,0.0,sentibignomics_x0.1
compound,0.0,sentibignomics_x0.1
comprehend,0.025,sentibignomics_x0.1
comprehensive,0.04,sentibignomics_x0.1
comprise,0.0,sentibignomics_x0.1
compromise,-0.02,sentibignomics_x0.1
compulsion,-0.005,sentibignomics_x0.1
compulsive,-0.025,sentibignomics_x0.1
compulsory,-0.02,sentibignomics_x0.1
computerized,0.015,sentibignomics_x0.1
conceal,-0.01,sentibignomics_x0.1
concede,-0.015,sentibignomics_x0.1
conceivable,0.01,sentibignomics_x0.1
conceivably,0.0,sentibignomics_x0.1
concentrate,0.04,sentibignomics_x0.1
concentrated,0.005,sentibignomics_x0.1
concentration,0.035,sentibignomics_x0.1
conceptualize,0.015,sentibignomics_x0.1
concern,-0.02,sentibignomics_x0.1
concerted,0.04,sentibignomics_x0.1
concession,0.035,sentibignomics_x0.1
concessional,0.02,sentibignomics_x0.1
conciliate,0.03,sentibignomics_x0.1
conciliation,0.015,sentibignomics_x0.1
conciliatory,0.03,sentibignomics_x0.1
conclude,0.025,sentibignomics_x0.1
conclusive,0.02,sentibignomics_x0.1
conclusively,0.03,sentibignomics_x0.1
concur,0.015,sentibignomics_x0.1
condemn,-0.05,sentibignomics_x0.1
condemnation,-0.05,sentibignomics_x0.1
condition,0.0,sentibignomics_x0.1
conditional,0.0,sentibignomics_x0.1
conditionally,0.0,sentibignomics_x0.1
condone,0.02,sentibignomics_x0.1
conducive,0.035,sentibignomics_x0.1
confer,0.005,sentibignomics_x0.1
confess,0.0,sentibignomics_x0.1
confession,0.0,sentibignomics_x0.1
confide,0.03,sentibignomics_x0.1
confidence,0.06,sentibignomics_x0.1
confident,0.06,sentibignomics_x0.1
confine,-0.045,sentibignomics_x0.1
confinement,-0.045,sentibignomics_x0.1
confirm,0.03,sentibignomics_x0.1
confirmation,0.025,sentibignomics_x0.1
confiscate,-0.04,sentibignomics_x0.1
confiscation,-0.05,sentibignomics_x0.1
confiscatory,-0.03,sentibignomics_x0.1
conflict,-0.05,sentibignomics_x0.1
conflicting,-0.05,sentibignomics_x0.1
conform,0.03,sentibignomics_x0.1
confound,0.015,sentibignomics_x0.1
confront,-0.01,sentibignomics_x0.1
confrontation,-0.045,sentibignomics_x0.1
confrontational,-0.05,sentibignomics_x0.1
confuse,-0.04,sentibignomics_x0.1
confusingly,-0.03,sentibignomics_x0.1
confusion,-0.04,sentibignomics_x0.1
congenial,0.04,sentibignomics_x0.1
congested,-0.04,sentibignomics_x0.1
congestion,-0.06,sentibignomics_x0.1
congratulate,0.055,sentibignomics_x0.1
congregate,0.035,sentibignomics_x0.1
conjure,0.02,sentibignomics_x0.1
connection,0.04,sentibignomics_x0.1
conquer,0.05,sentibignomics_x0.1
conscientious,0.025,sentibignomics_x0.1
conscious,0.05,sentibignomics_x0.1
consciousness,0.045,sentibignomics_x0.1
consecutive,0.01,sentibignomics_x0.1
consensual,0.05,sentibignomics_x0.1
consensus,0.04,sentibignomics_x0.1
consent,0.03,sentibignomics_x0.1
consequence,-0.05,sentibignomics_x0.1
conservative,0.03,sentibignomics_x0.1
conserve,0.05,sentibignomics_x0.1
consider,0.0,sentibignomics_x0.1
considerable,0.025,sentibignomics_x0.1
consideration,0.045,sentibignomics_x0.1
consistent,0.055,sentibignomics_x0.1
consolation,0.03,sentibignomics_x0.1
consolidate,0.02,sentibignomics_x0.1
consolidated,0.035,sentibignomics_x0.1
consolidation,0.035,sentibignomics_x0.1
conspicuous,-0.03,sentibignomics_x0.1
conspiracy,-0.035,sentibignomics_x0.1
conspirator,-0.04,sentibignomics_x0.1
conspiratorial,-0.06,sentibignomics_x0.1
conspire,-0.055,sentibignomics_x0.1
constant,0.015,sentibignomics_x0.1
consternation,-0.045,sentibignomics_x0.1
constituent,0.02,sentibignomics_x0.1
constitute,0.0,sentibignomics_x0.1
constitution,0.025,sentibignomics_x0.1
constitutional,0.035,sentibignomics_x0.1
constitutionality,0.02,sentibignomics_x0.1
constitutionally,0.015,sentibignomics_x0.1
constitutive,0.025,sentibignomics_x0.1
constrain,-0.03,sentibignomics_x0.1
constraint,-0.05,sentibignomics_x0.1
constrict,-0.03,sentibignomics_x0.1
construct,0.02,sentibignomics_x0.1
construction,0.035,sentibignomics_x0.1
constructive,0.04,sentibignomics_x0.1
constructively,0.045,sentibignomics_x0.1
construe,0.0,sentibignomics_x0.1
consume,0.035,sentibignomics_x0.1
consumer,0.01,sentibignomics_x0.1
consumption,0.005,sentibignomics_x0.1
contact,0.02,sentibignomics_x0.1
contagion,-0.085,sentibignomics_x0.1
contagious,-0.06,sentibignomics_x0.1
contain,0.0,sentibignomics_x0.1
containerize,0.0,sentibignomics_x0.1
contamination,-0.085,sentibignomics_x0.1
contemplate,0.015,sentibignomics_x0.1
contempt,-0.05,sentibignomics_x0.1
contend,0.0,sentibignomics_x0.1
contender,0.005,sentibignomics_x0.1
content,0.01,sentibignomics_x0.1
contented,0.045,sentibignomics_x0.1
contention,-0.035,sentibignomics_x0.1
contentious,-0.03,sentibignomics_x0.1
contentiously,-0.02,sentibignomics_x0.1
contest,-0.01,sentibignomics_x0.1
contestability,0.005,sentibignomics_x0.1
contestation,-0.015,sentibignomics_x0.1
context,0.0,sentibignomics_x0.1
contingency,0.015,sentibignomics_x0.1
contingent,0.01,sentibignomics_x0.1
contingently,0.0,sentibignomics_x0.1
continual,0.02,sentibignomics_x0.1
continuation,0.055,sentibignomics_x0.1
continuity,0.03,sentibignomics_x0.1
continuous,0.045,sentibignomics_x0.1
contract,0.0,sentibignomics_x0.1
contractible,-0.02,sentibignomics_x0.1
contractile,-0.01,sentibignomics_x0.1
contraction,-0.03,sentibignomics_x0.1
contractionary,-0.01,sentibignomics_x0.1
contractual,0.0,sentibignomics_x0.1
contractually,0.0,sentibignomics_x0.1
contradict,-0.04,sentibignomics_x0.1
contradiction,-0.03,sentibignomics_x0.1
contradictory,-0.045,sentibignomics_x0.1
contrarian,-0.03,sentibignomics_x0.1
contrary,-0.025,sentibignomics_x0.1
contrast,0.0,sentibignomics_x0.1
contravene,-0.03,sentibignomics_x0.1
contravention,-0.075,sentibignomics_x0.1
contribute,0.04,sentibignomics_x0.1
contribution,0.05,sentibignomics_x0.1
contrive,-0.04,sentibignomics_x0.1
contrived,-0.035,sentibignomics_x0.1
control,0.02,sentibignomics_x0.1
controlling,0.01,sentibignomics_x0.1
controversial,-0.045,sentibignomics_x0.1
controversy,-0.05,sentibignomics_x0.1
conundrum,-0.045,sentibignomics_x0.1
convene,0.0,sentibignomics_x0.1
convenience,0.035,sentibignomics_x0.1
convenient,0.045,sentibignomics_x0.1
conventional,0.015,sentibignomics_x0.1
converge,0.06,sentibignomics_x0.1
convergence,0.015,sentibignomics_x0.1
convict,-0.055,sentibignomics_x0.1
conviction,-0.025,sentibignomics_x0.1
convince,0.015,sentibignomics_x0.1
convinced,0.035,sentibignomics_x0.1
convincing,0.055,sentibignomics_x0.1
convivial,0.0,sentibignomics_x0.1
convoluted,-0.05,sentibignomics_x0.1
convulse,-0.04,sentibignomics_x0.1
cool,0.025,sentibignomics_x0.1
cooling,0.02,sentibignomics_x0.1
cooperate,0.07,sentibignomics_x0.1
cooperation,0.07,sentibignomics_x0.1
cooperative,0.035,sentibignomics_x0.1
coordinate,0.045,sentibignomics_x0.1
copious,0.06,sentibignomics_x0.1
copy,0.0,sentibignomics_x0.1
copycat,-0.035,sentibignomics_x0.1
corporate,0.0,sentibignomics_x0.1
correct,0.045,sentibignomics_x0.1
correction,0.025,sentibignomics_x0.1
corrective,0.035,sentibignomics_x0.1
correctness,0.045,sentibignomics_x0.1
corrosive,-0.07,sentibignomics_x0.1
corrupt,-0.065,sentibignomics_x0.1
corruption,-0.065,sentibignomics_x0.1
corruptly,-0.05,sentibignomics_x0.1
corruptness,-0.08,sentibignomics_x0.1
cosmetic,0.015,sentibignomics_x0.1
cosmopolitan,0.025,sentibignomics_x0.1
cosset,-0.01,sentibignomics_x0.1
cost,0.01,sentibignomics_x0.1
costly,-0.05,sentibignomics_x0.1
coterminous,0.0,sentibignomics_x0.1
cough,-0.04,sentibignomics_x0.1
counsel,0.0,sentibignomics_x0.1
counseling,0.055,sentibignomics_x0.1
countenance,0.04,sentibignomics_x0.1
counteract,0.02,sentibignomics_x0.1
counterattack,-0.03,sentibignomics_x0.1
counterclaim,0.0,sentibignomics_x0.1
counterclaimed,0.0,sentibignomics_x0.1
counterclaiming,-0.01,sentibignomics_x0.1
countercyclical,-0.03,sentibignomics_x0.1
counterfeit,-0.07,sentibignomics_x0.1
counterfeiter,-0.08,sentibignomics_x0.1
countermeasure,0.0,sentibignomics_x0.1
counterproductive,-0.065,sentibignomics_x0.1
countersuit,-0.035,sentibignomics_x0.1
countervail,0.015,sentibignomics_x0.1
countless,0.015,sentibignomics_x0.1
country,0.0,sentibignomics_x0.1
coup,-0.035,sentibignomics_x0.1
courage,0.065,sentibignomics_x0.1
courageous,0.08,sentibignomics_x0.1
course,0.0,sentibignomics_x0.1
court,0.0,sentibignomics_x0.1
courteous,0.055,sentibignomics_x0.1
courtesy,0.045,sentibignomics_x0.1
courtroom,0.0,sentibignomics_x0.1
covenant,0.0,sentibignomics_x0.1
covert,0.0,sentibignomics_x0.1
coveted,0.05,sentibignomics_x0.1
coy,0.0,sentibignomics_x0.1
cozy,0.03,sentibignomics_x0.1
crackdown,-0.045,sentibignomics_x0.1
crackle,-0.03,sentibignomics_x0.1
craftsmanship,0.06,sentibignomics_x0.1
cramp,-0.02,sentibignomics_x0.1
cramped,-0.03,sentibignomics_x0.1
crappy,-0.06,sentibignomics_x0.1
crash,-0.085,sentibignomics_x0.1
crass,-0.04,sentibignomics_x0.1
crave,0.01,sentibignomics_x0.1
crawl,-0.02,sentibignomics_x0.1
craze,-0.01,sentibignomics_x0.1
crazed,-0.045,sentibignomics_x0.1
crazy,-0.04,sentibignomics_x0.1
creak,-0.035,sentibignomics_x0.1
creaky,-0.045,sentibignomics_x0.1
crease,-0.015,sentibignomics_x0.1
creative,0.065,sentibignomics_x0.1
creatively,0.07,sentibignomics_x0.1
creativeness,0.06,sentibignomics_x0.1
creativity,0.07,sentibignomics_x0.1
creature,0.0,sentibignomics_x0.1
credibility,0.06,sentibignomics_x0.1
credible,0.055,sentibignomics_x0.1
credit,0.04,sentibignomics_x0.1
creditable,0.04,sentibignomics_x0.1
creditworthiness,0.055,sentibignomics_x0.1
creditworthy,0.055,sentibignomics_x0.1
creep,-0.04,sentibignomics_x0.1
creepy,-0.06,sentibignomics_x0.1
cremate,-0.06,sentibignomics_x0.1
crest,0.04,sentibignomics_x0.1
crime,-0.075,sentibignomics_x0.1
criminal,-0.04,sentibignomics_x0.1
criminality,-0.08,sentibignomics_x0.1
criminalize,-0.08,sentibignomics_x0.1
criminally,-0.05,sentibignomics_x0.1
cripple,-0.08,sentibignomics_x0.1
crippling,-0.05,sentibignomics_x0.1
crisis,-0.075,sentibignomics_x0.1
crisp,0.045,sentibignomics_x0.1
critic,-0.04,sentibignomics_x0.1
critical,-0.02,sentibignomics_x0.1
critically,-0.01,sentibignomics_x0.1
criticism,-0.03,sentibignomics_x0.1
criticize,-0.03,sentibignomics_x0.1
critique,0.005,sentibignomics_x0.1
crony,0.0,sentibignomics_x0.1
crook,-0.07,sentibignomics_x0.1
crooked,-0.045,sentibignomics_x0.1
crop,0.0,sentibignomics_x0.1
crossclaim,0.0,sentibignomics_x0.1
crossroad,-0.005,sentibignomics_x0.1
crowded,-0.04,sentibignomics_x0.1
crown,0.075,sentibignomics_x0.1
crucial,-0.025,sentibignomics_x0.1
crucially,0.0,sentibignomics_x0.1
crucify,-0.055,sentibignomics_x0.1
cruel,-0.075,sentibignomics_x0.1
crumble,-0.075,sentibignomics_x0.1
crummy,-0.045,sentibignomics_x0.1
crumple,-0.05,sentibignomics_x0.1
crunch,-0.03,sentibignomics_x0.1
crusade,0.035,sentibignomics_x0.1
crush,-0.005,sentibignomics_x0.1
crutch,-0.02,sentibignomics_x0.1
cry,-0.04,sentibignomics_x0.1
crystallise,0.02,sentibignomics_x0.1
crystallize,0.0,sentibignomics_x0.1
cue,0.005,sentibignomics_x0.1
cull,-0.03,sentibignomics_x0.1
culminate,0.04,sentibignomics_x0.1
culpability,-0.025,sentibignomics_x0.1
culpable,-0.04,sentibignomics_x0.1
culpably,-0.04,sentibignomics_x0.1
culprit,-0.05,sentibignomics_x0.1
cultivate,0.06,sentibignomics_x0.1
cumbersome,-0.04,sentibignomics_x0.1
curb,-0.015,sentibignomics_x0.1
cure,0.06,sentibignomics_x0.1
curious,0.015,sentibignomics_x0.1
currency,0.0,sentibignomics_x0.1
curse,-0.07,sentibignomics_x0.1
curtail,-0.025,sentibignomics_x0.1
curtailment,-0.025,sentibignomics_x0.1
cushion,0.055,sentibignomics_x0.1
cushy,0.03,sentibignomics_x0.1
cut,-0.025,sentibignomics_x0.1
cutback,-0.035,sentibignomics_x0.1
cute,0.05,sentibignomics_x0.1
cutthroat,-0.06,sentibignomics_x0.1
cutting,-0.025,sentibignomics_x0.1
cyberattack,-0.08,sentibignomics_x0.1
cyberattacks,-0.08,sentibignomics_x0.1
cyberbullying,-0.08,sentibignomics_x0.1
cybercrime,-0.06,sentibignomics_x0.1
cybercrimes,-0.09,sentibignomics_x0.1
cybercriminal,-0.075,sentibignomics_x0.1
cybercriminals,-0.085,sentibignomics_x0.1
cycle,0.0,sentibignomics_x0.1
cyclical,0.02,sentibignomics_x0.1
cyclicality,-0.005,sentibignomics_x0.1
cynical,-0.07,sentibignomics_x0.1
cynicism,-0.025,sentibignomics_x0.1
dabble,0.01,sentibignomics_x0.1
daft,-0.01,sentibignomics_x0.1
dam,0.0,sentibignomics_x0.1
damage,-0.07,sentibignomics_x0.1
damn,-0.055,sentibignomics_x0.1
damned,-0.06,sentibignomics_x0.1
damning,-0.07,sentibignomics_x0.1
damp,-0.03,sentibignomics_x0.1
damped,-0.025,sentibignomics_x0.1
dampen,-0.035,sentibignomics_x0.1
damper,-0.03,sentibignomics_x0.1
danger,-0.08,sentibignomics_x0.1
dangerous,-0.055,sentibignomics_x0.1
dangerously,-0.08,sentibignomics_x0.1
dangle,-0.005,sentibignomics_x0.1
dare,0.0,sentibignomics_x0.1
daring,0.035,sentibignomics_x0.1
darken,-0.035,sentibignomics_x0.1
darkness,-0.03,sentibignomics_x0.1
darling,0.03,sentibignomics_x0.1
darn,-0.035,sentibignomics_x0.1
dash,0.0,sentibignomics_x0.1
date,0.0,sentibignomics_x0.1
daunt,-0.035,sentibignomics_x0.1
daunting,-0.035,sentibignomics_x0.1
dawn,0.0,sentibignomics_x0.1
day,0.0,sentibignomics_x0.1
daze,-0.01,sentibignomics_x0.1
dazzle,0.05,sentibignomics_x0.1
dazzling,0.07,sentibignomics_x0.1
deactivate,-0.045,sentibignomics_x0.1
deadbeat,-0.055,sentibignomics_x0.1
deadlock,-0.05,sentibignomics_x0.1
deadly,-0.06,sentibignomics_x0.1
deadweight,-0.055,sentibignomics_x0.1
deaf,-0.045,sentibignomics_x0.1
deal,0.04,sentibignomics_x0.1
dearth,-0.05,sentibignomics_x0.1
debacle,-0.045,sentibignomics_x0.1
debar,-0.04,sentibignomics_x0.1
debarment,-0.065,sentibignomics_x0.1
debate,0.0,sentibignomics_x0.1
debenture,0.0,sentibignomics_x0.1
debilitating,-0.045,sentibignomics_x0.1
debit,0.0,sentibignomics_x0.1
debris,-0.035,sentibignomics_x0.1
debtor,-0.035,sentibignomics_x0.1
decadent,0.0,sentibignomics_x0.1
decay,-0.065,sentibignomics_x0.1
decaying,-0.08,sentibignomics_x0.1
decease,-0.03,sentibignomics_x0.1
decedent,0.0,sentibignomics_x0.1
deceit,-0.06,sentibignomics_x0.1
deceitful,-0.075,sentibignomics_x0.1
deceitfulness,-0.06,sentibignomics_x0.1
deceive,-0.05,sentibignomics_x0.1
decelerate,-0.04,sentibignomics_x0.1
deceleration,-0.02,sentibignomics_x0.1
decency,0.04,sentibignomics_x0.1
decent,0.025,sentibignomics_x0.1
decentralize,-0.01,sentibignomics_x0.1
deception,-0.075,sentibignomics_x0.1
deceptive,-0.05,sentibignomics_x0.1
deceptively,-0.04,sentibignomics_x0.1
decimate,-0.04,sentibignomics_x0.1
decisive,0.04,sentibignomics_x0.1
declarant,0.0,sentibignomics_x0.1
declare,0.015,sentibignomics_x0.1
decliner,-0.045,sentibignomics_x0.1
decontrol,-0.02,sentibignomics_x0.1
decree,0.0,sentibignomics_x0.1
decrepit,-0.08,sentibignomics_x0.1
decriminalize,0.05,sentibignomics_x0.1
dedicate,0.035,sentibignomics_x0.1
dedicated,0.03,sentibignomics_x0.1
dedication,0.05,sentibignomics_x0.1
deduction,-0.02,sentibignomics_x0.1
deep,-0.02,sentibignomics_x0.1
deepen,-0.02,sentibignomics_x0.1
deface,-0.04,sentibignomics_x0.1
defacement,-0.055,sentibignomics_x0.1
defalcation,-0.075,sentibignomics_x0.1
defamation,-0.065,sentibignomics_x0.1
defamatory,-0.065,sentibignomics_x0.1
defame,-0.055,sentibignomics_x0.1
default,-0.03,sentibignomics_x0.1
defaulted,-0.04,sentibignomics_x0.1
defeasance,-0.03,sentibignomics_x0.1
defeasances,-0.04,sentibignomics_x0.1
defease,-0.025,sentibignomics_x0.1
defeased,-0.03,sentibignomics_x0.1
defeasement,-0.03,sentibignomics_x0.1
defeasing,-0.035,sentibignomics_x0.1
defeat,-0.075,sentibignomics_x0.1
defect,-0.07,sentibignomics_x0.1
defection,-0.04,sentibignomics_x0.1
defective,-0.07,sentibignomics_x0.1
defectively,-0.05,sentibignomics_x0.1
defend,0.0,sentibignomics_x0.1
defendable,0.03,sentibignomics_x0.1
defendant,0.0,sentibignomics_x0.1
defensive,-0.03,sentibignomics_x0.1
defer,-0.02,sentibignomics_x0.1
deference,-0.025,sentibignomics_x0.1
defiance,-0.04,sentibignomics_x0.1
defiant,-0.035,sentibignomics_x0.1
deficiency,-0.075,sentibignomics_x0.1
deficient,-0.05,sentibignomics_x0.1
deficit,-0.045,sentibignomics_x0.1
define,0.025,sentibignomics_x0.1
definitely,0.02,sentibignomics_x0.1
definition,0.0,sentibignomics_x0.1
definitive,0.065,sentibignomics_x0.1
definitively,0.04,sentibignomics_x0.1
deflate,-0.045,sentibignomics_x0.1
deflation,-0.055,sentibignomics_x0.1
deflationary,-0.055,sentibignomics_x0.1
deflect,-0.03,sentibignomics_x0.1
defraud,-0.045,sentibignomics_x0.1
defray,0.0,sentibignomics_x0.1
deft,0.025,sentibignomics_x0.1
defunct,-0.065,sentibignomics_x0.1
defuse,0.045,sentibignomics_x0.1
defy,-0.04,sentibignomics_x0.1
degenerate,-0.04,sentibignomics_x0.1
degradation,-0.05,sentibignomics_x0.1
degrade,-0.05,sentibignomics_x0.1
deindustrialization,-0.04,sentibignomics_x0.1
delay,-0.03,sentibignomics_x0.1
delegable,0.0,sentibignomics_x0.1
delete,-0.02,sentibignomics_x0.1
deleterious,-0.06,sentibignomics_x0.1
deliberate,0.0,sentibignomics_x0.1
deliberately,0.0,sentibignomics_x0.1
delicacy,0.01,sentibignomics_x0.1
delicate,0.0,sentibignomics_x0.1
delicious,0.05,sentibignomics_x0.1
delight,0.055,sentibignomics_x0.1
delighted,0.055,sentibignomics_x0.1
delightful,0.07,sentibignomics_x0.1
delightfully,0.06,sentibignomics_x0.1
delinquency,-0.06,sentibignomics_x0.1
delinquent,-0.04,sentibignomics_x0.1
delinquently,-0.045,sentibignomics_x0.1
delist,-0.03,sentibignomics_x0.1
delude,-0.055,sentibignomics_x0.1
deluge,0.03,sentibignomics_x0.1
delusion,-0.06,sentibignomics_x0.1
deluxe,0.05,sentibignomics_x0.1
demand,0.01,sentibignomics_x0.1
demanding,0.005,sentibignomics_x0.1
demeaning,-0.06,sentibignomics_x0.1
demise,-0.06,sentibignomics_x0.1
democratic,0.0,sentibignomics_x0.1
democratize,-0.01,sentibignomics_x0.1
demolish,-0.065,sentibignomics_x0.1
demolition,-0.05,sentibignomics_x0.1
demon,-0.01,sentibignomics_x0.1
demonize,-0.05,sentibignomics_x0.1
demonstrate,0.04,sentibignomics_x0.1
demoralize,-0.08,sentibignomics_x0.1
demoralized,-0.07,sentibignomics_x0.1
demote,-0.06,sentibignomics_x0.1
demotion,-0.055,sentibignomics_x0.1
demur,-0.03,sentibignomics_x0.1
demurrer,-0.015,sentibignomics_x0.1
demystify,0.01,sentibignomics_x0.1
denial,-0.05,sentibignomics_x0.1
denigrate,-0.07,sentibignomics_x0.1
denigration,-0.045,sentibignomics_x0.1
denounce,-0.03,sentibignomics_x0.1
dense,-0.04,sentibignomics_x0.1
deny,-0.03,sentibignomics_x0.1
depend,0.0,sentibignomics_x0.1
dependability,0.02,sentibignomics_x0.1
dependable,0.065,sentibignomics_x0.1
dependance,-0.02,sentibignomics_x0.1
dependant,-0.005,sentibignomics_x0.1
dependence,0.0,sentibignomics_x0.1
dependency,-0.025,sentibignomics_x0.1
dependent,-0.005,sentibignomics_x0.1
deplete,-0.05,sentibignomics_x0.1
depleted,-0.075,sentibignomics_x0.1
depletion,-0.065,sentibignomics_x0.1
deplorable,-0.07,sentibignomics_x0.1
deplore,-0.035,sentibignomics_x0.1
deployment,0.01,sentibignomics_x0.1
depose,-0.045,sentibignomics_x0.1
deposit,0.02,sentibignomics_x0.1
deposition,0.0,sentibignomics_x0.1
deprecation,-0.055,sentibignomics_x0.1
depreciate,-0.045,sentibignomics_x0.1
depreciation,-0.05,sentibignomics_x0.1
depress,-0.07,sentibignomics_x0.1
depression,-0.075,sentibignomics_x0.1
deprivation,-0.06,sentibignomics_x0.1
deprive,-0.07,sentibignomics_x0.1
depth,0.0,sentibignomics_x0.1
derail,-0.07,sentibignomics_x0.1
deregulate,-0.035,sentibignomics_x0.1
deregulated,-0.04,sentibignomics_x0.1
deregulatory,-0.07,sentibignomics_x0.1
derelict,-0.06,sentibignomics_x0.1
dereliction,-0.05,sentibignomics_x0.1
deride,-0.045,sentibignomics_x0.1
derisory,-0.045,sentibignomics_x0.1
derivative,-0.01,sentibignomics_x0.1
derive,0.0,sentibignomics_x0.1
derogate,-0.035,sentibignomics_x0.1
derogation,-0.05,sentibignomics_x0.1
derogatory,-0.075,sentibignomics_x0.1
descend,-0.04,sentibignomics_x0.1
descent,-0.035,sentibignomics_x0.1
deserted,-0.06,sentibignomics_x0.1
deserve,0.04,sentibignomics_x0.1
design,0.0,sentibignomics_x0.1
designator,0.0,sentibignomics_x0.1
desirable,0.065,sentibignomics_x0.1
desire,0.035,sentibignomics_x0.1
desist,-0.035,sentibignomics_x0.1
despair,-0.055,sentibignomics_x0.1
desperate,-0.06,sentibignomics_x0.1
desperation,-0.05,sentibignomics_x0.1
despicable,-0.055,sentibignomics_x0.1
despise,-0.055,sentibignomics_x0.1
despite,-0.01,sentibignomics_x0.1
destabilization,-0.08,sentibignomics_x0.1
destabilize,-0.065,sentibignomics_x0.1
destine,0.0,sentibignomics_x0.1
destitute,-0.05,sentibignomics_x0.1
destroy,-0.065,sentibignomics_x0.1
destruction,-0.09,sentibignomics_x0.1
destructive,-0.06,sentibignomics_x0.1
desultory,-0.025,sentibignomics_x0.1
detail,0.0,sentibignomics_x0.1
detain,-0.045,sentibignomics_x0.1
detainer,-0.025,sentibignomics_x0.1
detention,-0.06,sentibignomics_x0.1
deter,-0.04,sentibignomics_x0.1
deterioration,-0.065,sentibignomics_x0.1
determinant,0.03,sentibignomics_x0.1
determination,0.075,sentibignomics_x0.1
determine,0.0,sentibignomics_x0.1
deterrence,-0.03,sentibignomics_x0.1
deterrences,-0.025,sentibignomics_x0.1
deterrent,-0.04,sentibignomics_x0.1
detest,-0.03,sentibignomics_x0.1
detract,-0.03,sentibignomics_x0.1
detractor,-0.025,sentibignomics_x0.1
detriment,-0.06,sentibignomics_x0.1
detrimental,-0.055,sentibignomics_x0.1
detrimentally,-0.055,sentibignomics_x0.1
detritus,-0.03,sentibignomics_x0.1
devaluation,-0.06,sentibignomics_x0.1
devalue,-0.04,sentibignomics_x0.1
devastate,-0.09,sentibignomics_x0.1
devastation,-0.085,sentibignomics_x0.1
develop,0.03,sentibignomics_x0.1
developed,0.045,sentibignomics_x0.1
development,0.04,sentibignomics_x0.1
deviate,-0.015,sentibignomics_x0.1
deviation,-0.04,sentibignomics_x0.1
devil,-0.08,sentibignomics_x0.1
devious,-0.06,sentibignomics_x0.1
devise,0.01,sentibignomics_x0.1
devisee,0.0,sentibignomics_x0.1
devoid,-0.03,sentibignomics_x0.1
devolve,-0.04,sentibignomics_x0.1
devote,0.05,sentibignomics_x0.1
dialog,0.025,sentibignomics_x0.1
diamond,0.055,sentibignomics_x0.1
dicey,-0.03,sentibignomics_x0.1
dictate,0.0,sentibignomics_x0.1
die,-0.095,sentibignomics_x0.1
diet,0.0,sentibignomics_x0.1
differ,-0.01,sentibignomics_x0.1
difference,0.02,sentibignomics_x0.1
different,0.0,sentibignomics_x0.1
differentiate,0.05,sentibignomics_x0.1
difficultly,-0.04,sentibignomics_x0.1
diffidence,-0.04,sentibignomics_x0.1
dig,0.0,sentibignomics_x0.1
digit,0.0,sentibignomics_x0.1
digital,0.0,sentibignomics_x0.1
dignified,0.06,sentibignomics_x0.1
dignity,0.06,sentibignomics_x0.1
dilapidated,-0.075,sentibignomics_x0.1
dilemma,-0.03,sentibignomics_x0.1
diligence,0.075,sentibignomics_x0.1
diligent,0.05,sentibignomics_x0.1
diligently,0.045,sentibignomics_x0.1
dilute,-0.03,sentibignomics_x0.1
diluted,-0.035,sentibignomics_x0.1
dilution,-0.03,sentibignomics_x0.1
dim,-0.025,sentibignomics_x0.1
diminish,-0.04,sentibignomics_x0.1
diminution,-0.04,sentibignomics_x0.1
diminutive,-0.03,sentibignomics_x0.1
dingy,-0.04,sentibignomics_x0.1
dint,-0.035,sentibignomics_x0.1
dip,-0.035,sentibignomics_x0.1
dire,-0.03,sentibignomics_x0.1
direct,0.0,sentibignomics_x0.1
direction,0.0,sentibignomics_x0.1
directional,0.035,sentibignomics_x0.1
directive,0.005,sentibignomics_x0.1
dirt,-0.055,sentibignomics_x0.1
dirty,-0.08,sentibignomics_x0.1
disadvantage,-0.045,sentibignomics_x0.1
disadvantageous,-0.06,sentibignomics_x0.1
disaffected,-0.04,sentibignomics_x0.1
disaffiliation,-0.055,sentibignomics_x0.1
disaffirm,-0.035,sentibignomics_x0.1
disaffirmance,-0.05,sentibignomics_x0.1
disaffirmed,-0.04,sentibignomics_x0.1
disaffirms,-0.035,sentibignomics_x0.1
disagree,-0.03,sentibignomics_x0.1
disagreeable,-0.04,sentibignomics_x0.1
disagreement,-0.05,sentibignomics_x0.1
disallow,-0.05,sentibignomics_x0.1
disallowance,-0.04,sentibignomics_x0.1
disappear,-0.03,sentibignomics_x0.1
disappearance,-0.035,sentibignomics_x0.1
disappointingly,-0.045,sentibignomics_x0.1
disapproval,-0.04,sentibignomics_x0.1
disapprove,-0.045,sentibignomics_x0.1
disarray,-0.065,sentibignomics_x0.1
disassociate,-0.045,sentibignomics_x0.1
disassociation,-0.045,sentibignomics_x0.1
disaster,-0.09,sentibignomics_x0.1
disastrous,-0.07,sentibignomics_x0.1
disastrously,-0.085,sentibignomics_x0.1
disavow,-0.045,sentibignomics_x0.1
disavowal,-0.04,sentibignomics_x0.1
disbelief,-0.05,sentibignomics_x0.1
disbursement,0.02,sentibignomics_x0.1
discard,-0.03,sentibignomics_x0.1
discern,0.01,sentibignomics_x0.1
discernible,0.01,sentibignomics_x0.1
discharge,-0.03,sentibignomics_x0.1
disciplinary,-0.03,sentibignomics_x0.1
disciplined,0.015,sentibignomics_x0.1
disclaim,-0.035,sentibignomics_x0.1
disclaimer,0.0,sentibignomics_x0.1
disclose,-0.01,sentibignomics_x0.1
disclosure,0.0,sentibignomics_x0.1
discomfort,-0.05,sentibignomics_x0.1
discontent,-0.045,sentibignomics_x0.1
discontented,-0.05,sentibignomics_x0.1
discontinuance,-0.05,sentibignomics_x0.1
discontinuation,-0.04,sentibignomics_x0.1
discontinue,-0.04,sentibignomics_x0.1
discontinued,-0.06,sentibignomics_x0.1
discount,0.02,sentibignomics_x0.1
discourage,-0.03,sentibignomics_x0.1
discredit,-0.04,sentibignomics_x0.1
discredited,-0.05,sentibignomics_x0.1
discreet,0.01,sentibignomics_x0.1
discrepancy,-0.055,sentibignomics_x0.1
discrete,0.0,sentibignomics_x0.1
discretion,0.0,sentibignomics_x0.1
discriminate,-0.08,sentibignomics_x0.1
discrimination,-0.07,sentibignomics_x0.1
discriminatory,-0.07,sentibignomics_x0.1
discuss,0.025,sentibignomics_x0.1
disdain,-0.05,sentibignomics_x0.1
disease,-0.065,sentibignomics_x0.1
disenchanted,-0.03,sentibignomics_x0.1
disenfranchise,-0.04,sentibignomics_x0.1
disfavored,-0.065,sentibignomics_x0.1
disfavoring,-0.045,sentibignomics_x0.1
disfavors,-0.045,sentibignomics_x0.1
disgorge,-0.025,sentibignomics_x0.1
disgrace,-0.07,sentibignomics_x0.1
disgraced,-0.055,sentibignomics_x0.1
disgraceful,-0.05,sentibignomics_x0.1
disgracefully,-0.07,sentibignomics_x0.1
disgruntle,-0.06,sentibignomics_x0.1
disgruntled,-0.08,sentibignomics_x0.1
disguise,-0.04,sentibignomics_x0.1
disgust,-0.055,sentibignomics_x0.1
disgusting,-0.06,sentibignomics_x0.1
dishonest,-0.045,sentibignomics_x0.1
dishonestly,-0.075,sentibignomics_x0.1
dishonesty,-0.075,sentibignomics_x0.1
dishonor,-0.055,sentibignomics_x0.1
dishonorable,-0.075,sentibignomics_x0.1
dishonorably,-0.07,sentibignomics_x0.1
disillusioned,-0.055,sentibignomics_x0.1
disincentive,-0.035,sentibignomics_x0.1
disinflation,-0.04,sentibignomics_x0.1
disinflationary,-0.05,sentibignomics_x0.1
disingenuous,-0.06,sentibignomics_x0.1
disintegrate,-0.06,sentibignomics_x0.1
disinterested,-0.035,sentibignomics_x0.1
disinterestedly,-0.04,sentibignomics_x0.1
disinterestedness,-0.03,sentibignomics_x0.1
disinvest,-0.045,sentibignomics_x0.1
disinvestment,-0.045,sentibignomics_x0.1
disjointed,-0.03,sentibignomics_x0.1
dislike,-0.045,sentibignomics_x0.1
disloyal,-0.065,sentibignomics_x0.1
disloyally,-0.045,sentibignomics_x0.1
disloyalty,-0.06,sentibignomics_x0.1
dismal,-0.04,sentibignomics_x0.1
dismally,-0.07,sentibignomics_x0.1
dismantle,-0.045,sentibignomics_x0.1
dismantling,-0.04,sentibignomics_x0.1
dismay,-0.04,sentibignomics_x0.1
dismayed,-0.035,sentibignomics_x0.1
dismember,-0.065,sentibignomics_x0.1
dismiss,-0.03,sentibignomics_x0.1
dismissal,-0.04,sentibignomics_x0.1
dismissive,-0.05,sentibignomics_x0.1
disorderly,-0.05,sentibignomics_x0.1
disorganized,-0.06,sentibignomics_x0.1
disparage,-0.04,sentibignomics_x0.1
disparagement,-0.05,sentibignomics_x0.1
disparagingly,-0.04,sentibignomics_x0.1
disparate,-0.025,sentibignomics_x0.1
disparity,-0.055,sentibignomics_x0.1
dispel,-0.02,sentibignomics_x0.1
dispensation,0.0,sentibignomics_x0.1
dispense,0.01,sentibignomics_x0.1
disperse,0.005,sentibignomics_x0.1
dispiriting,-0.04,sentibignomics_x0.1
displace,-0.045,sentibignomics_x0.1
displacement,-0.05,sentibignomics_x0.1
displease,-0.06,sentibignomics_x0.1
displeasure,-0.04,sentibignomics_x0.1
disposable,-0.03,sentibignomics_x0.1
disposal,-0.04,sentibignomics_x0.1
dispose,-0.025,sentibignomics_x0.1
dispositive,-0.02,sentibignomics_x0.1
dispossess,-0.07,sentibignomics_x0.1
dispossession,-0.06,sentibignomics_x0.1
disproportion,-0.055,sentibignomics_x0.1
disproportional,-0.05,sentibignomics_x0.1
disproportionate,-0.04,sentibignomics_x0.1
disproportionately,-0.045,sentibignomics_x0.1
disprove,-0.025,sentibignomics_x0.1
dispute,-0.03,sentibignomics_x0.1
disputed,-0.02,sentibignomics_x0.1
disqualification,-0.06,sentibignomics_x0.1
disqualify,-0.04,sentibignomics_x0.1
disregard,-0.03,sentibignomics_x0.1
disrepair,-0.05,sentibignomics_x0.1
disreputable,-0.045,sentibignomics_x0.1
disrepute,-0.04,sentibignomics_x0.1
disrupt,-0.06,sentibignomics_x0.1
disruption,-0.06,sentibignomics_x0.1
disruptive,-0.04,sentibignomics_x0.1
dissatisfaction,-0.055,sentibignomics_x0.1
dissatisfied,-0.05,sentibignomics_x0.1
dissatisfy,-0.045,sentibignomics_x0.1
dissect,0.0,sentibignomics_x0.1
dissent,-0.03,sentibignomics_x0.1
dissenter,-0.025,sentibignomics_x0.1
disservice,-0.055,sentibignomics_x0.1
dissident,-0.015,sentibignomics_x0.1
dissimilar,-0.005,sentibignomics_x0.1
dissipate,-0.015,sentibignomics_x0.1
dissolution,-0.04,sentibignomics_x0.1
dissolve,-0.03,sentibignomics_x0.1
dissuade,-0.025,sentibignomics_x0.1
distance,0.0,sentibignomics_x0.1
distasteful,-0.05,sentibignomics_x0.1
distinct,0.02,sentibignomics_x0.1
distinction,0.0,sentibignomics_x0.1
distinctive,0.0,sentibignomics_x0.1
distinctively,0.0,sentibignomics_x0.1
distinctiveness,0.0,sentibignomics_x0.1
distinguishable,0.04,sentibignomics_x0.1
distinguished,0.04,sentibignomics_x0.1
distort,-0.05,sentibignomics_x0.1
distortion,-0.05,sentibignomics_x0.1
distract,-0.04,sentibignomics_x0.1
distracted,-0.035,sentibignomics_x0.1
distraction,-0.03,sentibignomics_x0.1
distraint,-0.045,sentibignomics_x0.1
distraught,-0.065,sentibignomics_x0.1
distress,-0.05,sentibignomics_x0.1
distressing,-0.08,sentibignomics_x0.1
distributable,0.02,sentibignomics_x0.1
distribute,0.055,sentibignomics_x0.1
distributive,0.01,sentibignomics_x0.1
distrust,-0.055,sentibignomics_x0.1
disturb,-0.04,sentibignomics_x0.1
disturbance,-0.04,sentibignomics_x0.1
ditch,-0.035,sentibignomics_x0.1
dither,-0.025,sentibignomics_x0.1
dive,-0.03,sentibignomics_x0.1
diverge,0.0,sentibignomics_x0.1
divergent,0.0,sentibignomics_x0.1
diverse,0.03,sentibignomics_x0.1
diversification,0.05,sentibignomics_x0.1
diversified,0.04,sentibignomics_x0.1
diversify,0.035,sentibignomics_x0.1
diversion,-0.01,sentibignomics_x0.1
diversity,-0.01,sentibignomics_x0.1
divert,-0.01,sentibignomics_x0.1
divest,-0.03,sentibignomics_x0.1
divestiture,-0.005,sentibignomics_x0.1
divestment,-0.025,sentibignomics_x0.1
divide,-0.005,sentibignomics_x0.1
dividend,0.0,sentibignomics_x0.1
diving,0.0,sentibignomics_x0.1
division,0.0,sentibignomics_x0.1
divorce,-0.045,sentibignomics_x0.1
divulge,-0.015,sentibignomics_x0.1
dizzy,-0.025,sentibignomics_x0.1
dizzying,-0.035,sentibignomics_x0.1
do,0.0,sentibignomics_x0.1
docile,0.0,sentibignomics_x0.1
docket,0.0,sentibignomics_x0.1
dodge,0.0,sentibignomics_x0.1
dodgy,-0.045,sentibignomics_x0.1
dogged,-0.045,sentibignomics_x0.1
doldrum,-0.035,sentibignomics_x0.1
doldrums,-0.05,sentibignomics_x0.1
dole,0.035,sentibignomics_x0.1
dollar,0.05,sentibignomics_x0.1
domain,0.015,sentibignomics_x0.1
domestic,0.0,sentibignomics_x0.1
dominance,0.02,sentibignomics_x0.1
dominant,0.035,sentibignomics_x0.1
dominate,0.03,sentibignomics_x0.1
domination,-0.015,sentibignomics_x0.1
donate,0.045,sentibignomics_x0.1
donation,0.055,sentibignomics_x0.1
donee,0.0,sentibignomics_x0.1
donor,0.06,sentibignomics_x0.1
doomed,-0.065,sentibignomics_x0.1
dormant,-0.015,sentibignomics_x0.1
double,0.065,sentibignomics_x0.1
doubt,-0.025,sentibignomics_x0.1
doubtful,-0.03,sentibignomics_x0.1
dour,-0.025,sentibignomics_x0.1
douse,-0.005,sentibignomics_x0.1
dowdy,-0.04,sentibignomics_x0.1
downbeat,-0.035,sentibignomics_x0.1
downdraft,-0.04,sentibignomics_x0.1
downfall,-0.06,sentibignomics_x0.1
downgrade,-0.065,sentibignomics_x0.1
downgrading,-0.055,sentibignomics_x0.1
downmarket,-0.045,sentibignomics_x0.1
downplay,-0.04,sentibignomics_x0.1
downside,-0.045,sentibignomics_x0.1
downsize,-0.04,sentibignomics_x0.1
downtime,-0.03,sentibignomics_x0.1
downtrend,-0.045,sentibignomics_x0.1
downtrodden,-0.06,sentibignomics_x0.1
downward,-0.04,sentibignomics_x0.1
downwards,-0.05,sentibignomics_x0.1
dowry,-0.01,sentibignomics_x0.1
drab,-0.02,sentibignomics_x0.1
draconian,-0.045,sentibignomics_x0.1
drag,-0.03,sentibignomics_x0.1
drain,-0.04,sentibignomics_x0.1
dramatic,-0.03,sentibignomics_x0.1
dramatize,-0.05,sentibignomics_x0.1
drastic,-0.035,sentibignomics_x0.1
drastically,-0.015,sentibignomics_x0.1
draw,0.0,sentibignomics_x0.1
drawback,-0.04,sentibignomics_x0.1
dread,-0.065,sentibignomics_x0.1
dreaded,-0.05,sentibignomics_x0.1
dreadful,-0.05,sentibignomics_x0.1
dream,0.05,sentibignomics_x0.1
dreary,-0.04,sentibignomics_x0.1
drench,-0.04,sentibignomics_x0.1
dribble,-0.035,sentibignomics_x0.1
drift,0.0,sentibignomics_x0.1
drill,-0.02,sentibignomics_x0.1
drink,0.0,sentibignomics_x0.1
drinking,0.0,sentibignomics_x0.1
drool,-0.025,sentibignomics_x0.1
droop,-0.04,sentibignomics_x0.1
drought,-0.065,sentibignomics_x0.1
drown,-0.085,sentibignomics_x0.1
drubbing,-0.05,sentibignomics_x0.1
drug,0.0,sentibignomics_x0.1
dry,-0.03,sentibignomics_x0.1
dub,0.0,sentibignomics_x0.1
dubious,-0.04,sentibignomics_x0.1
dud,-0.065,sentibignomics_x0.1
due,0.0,sentibignomics_x0.1
dull,-0.045,sentibignomics_x0.1
duly,0.0,sentibignomics_x0.1
dumb,-0.075,sentibignomics_x0.1
dummy,-0.045,sentibignomics_x0.1
dump,-0.045,sentibignomics_x0.1
dupe,-0.07,sentibignomics_x0.1
durable,0.03,sentibignomics_x0.1
duress,-0.04,sentibignomics_x0.1
dust,-0.035,sentibignomics_x0.1
dusty,-0.03,sentibignomics_x0.1
dwindle,-0.05,sentibignomics_x0.1
dynamism,0.05,sentibignomics_x0.1
dynasty,0.0,sentibignomics_x0.1
dysfunction,-0.05,sentibignomics_x0.1
dysfunctional,-0.055,sentibignomics_x0.1
eager,0.06,sentibignomics_x0.1
eagerness,0.03,sentibignomics_x0.1
early,0.02,sentibignomics_x0.1
earmark,0.0,sentibignomics_x0.1
earn,0.065,sentibignomics_x0.1
earnest,0.04,sentibignomics_x0.1
earning,0.075,sentibignomics_x0.1
earthquake,-0.05,sentibignomics_x0.1
ease,0.035,sentibignomics_x0.1
easement,0.025,sentibignomics_x0.1
easily,0.06,sentibignomics_x0.1
east,0.0,sentibignomics_x0.1
easy,0.065,sentibignomics_x0.1
ebb,-0.015,sentibignomics_x0.1
ebullient,0.07,sentibignomics_x0.1
eccentric,-0.015,sentibignomics_x0.1
eclectic,0.04,sentibignomics_x0.1
eclipse,0.0,sentibignomics_x0.1
economic,0.0,sentibignomics_x0.1
economist,0.0,sentibignomics_x0.1
economy,0.0,sentibignomics_x0.1
ecstatic,0.065,sentibignomics_x0.1
edge,0.0,sentibignomics_x0.1
edged,0.04,sentibignomics_x0.1
edginess,-0.01,sentibignomics_x0.1
edgy,-0.025,sentibignomics_x0.1
edit,-0.01,sentibignomics_x0.1
educated,0.075,sentibignomics_x0.1
educational,0.045,sentibignomics_x0.1
eerie,-0.05,sentibignomics_x0.1
effect,0.0,sentibignomics_x0.1
effective,0.06,sentibignomics_x0.1
effectiveness,0.05,sentibignomics_x0.1
effervescent,0.075,sentibignomics_x0.1
efficacy,0.05,sentibignomics_x0.1
efficiency,0.055,sentibignomics_x0.1
efficient,0.07,sentibignomics_x0.1
efficiently,0.075,sentibignomics_x0.1
effort,0.045,sentibignomics_x0.1
effortless,0.08,sentibignomics_x0.1
egalitarian,0.05,sentibignomics_x0.1
egregious,-0.08,sentibignomics_x0.1
egregiously,-0.07,sentibignomics_x0.1
eject,-0.035,sentibignomics_x0.1
ejectment,-0.035,sentibignomics_x0.1
election,0.005,sentibignomics_x0.1
electrical,0.0,sentibignomics_x0.1
electrify,0.06,sentibignomics_x0.1
electronic,0.0,sentibignomics_x0.1
elegant,0.06,sentibignomics_x0.1
elementary,0.0,sentibignomics_x0.1
elevate,0.045,sentibignomics_x0.1
elevated,0.05,sentibignomics_x0.1
elevation,0.04,sentibignomics_x0.1
elicit,0.01,sentibignomics_x0.1
eliminate,-0.045,sentibignomics_x0.1
elitist,0.0,sentibignomics_x0.1
elude,0.015,sentibignomics_x0.1
elusive,-0.03,sentibignomics_x0.1
emasculate,-0.065,sentibignomics_x0.1
embargo,-0.06,sentibignomics_x0.1
embark,0.025,sentibignomics_x0.1
embarrass,-0.025,sentibignomics_x0.1
embarrassment,-0.04,sentibignomics_x0.1
embattled,-0.065,sentibignomics_x0.1
embezzle,-0.08,sentibignomics_x0.1
embezzlement,-0.065,sentibignomics_x0.1
embezzler,-0.07,sentibignomics_x0.1
emblematic,0.04,sentibignomics_x0.1
embolden,0.025,sentibignomics_x0.1
embrace,0.055,sentibignomics_x0.1
embroil,-0.065,sentibignomics_x0.1
emerge,0.03,sentibignomics_x0.1
emergence,0.04,sentibignomics_x0.1
emergency,-0.03,sentibignomics_x0.1
emerging,0.03,sentibignomics_x0.1
emigrate,0.0,sentibignomics_x0.1
eminent,0.02,sentibignomics_x0.1
emit,0.0,sentibignomics_x0.1
emotion,0.0,sentibignomics_x0.1
emotional,-0.025,sentibignomics_x0.1
emotive,-0.005,sentibignomics_x0.1
emphasize,0.04,sentibignomics_x0.1
emphatic,0.035,sentibignomics_x0.1
employ,0.04,sentibignomics_x0.1
employable,0.055,sentibignomics_x0.1
employment,0.095,sentibignomics_x0.1
empower,0.075,sentibignomics_x0.1
empt,-0.04,sentibignomics_x0.1
emptive,0.0,sentibignomics_x0.1
enable,0.025,sentibignomics_x0.1
enchanting,0.07,sentibignomics_x0.1
encompass,0.005,sentibignomics_x0.1
encourage,0.045,sentibignomics_x0.1
encouragement,0.065,sentibignomics_x0.1
encroach,-0.03,sentibignomics_x0.1
encroachment,-0.045,sentibignomics_x0.1
encrust,0.0,sentibignomics_x0.1
encumber,-0.045,sentibignomics_x0.1
encumbrance,-0.04,sentibignomics_x0.1
encumbrancer,-0.03,sentibignomics_x0.1
encumbrancers,-0.055,sentibignomics_x0.1
end,-0.03,sentibignomics_x0.1
endanger,-0.08,sentibignomics_x0.1
endangerment,-0.07,sentibignomics_x0.1
endeavor,0.035,sentibignomics_x0.1
endemic,-0.05,sentibignomics_x0.1
endless,0.0,sentibignomics_x0.1
endorse,0.05,sentibignomics_x0.1
endorsee,0.0,sentibignomics_x0.1
endorsement,0.07,sentibignomics_x0.1
endow,0.025,sentibignomics_x0.1
endowment,0.05,sentibignomics_x0.1
endure,0.035,sentibignomics_x0.1
enduring,0.065,sentibignomics_x0.1
enemy,-0.06,sentibignomics_x0.1
energetic,0.075,sentibignomics_x0.1
energize,0.06,sentibignomics_x0.1
energy,0.03,sentibignomics_x0.1
enfeebled,-0.06,sentibignomics_x0.1
enforce,-0.03,sentibignomics_x0.1
enforceability,-0.02,sentibignomics_x0.1
enforceable,0.0,sentibignomics_x0.1
enforcement,0.0,sentibignomics_x0.1
engage,0.025,sentibignomics_x0.1
engaging,0.0,sentibignomics_x0.1
engender,0.04,sentibignomics_x0.1
engine,0.0,sentibignomics_x0.1
engineer,0.0,sentibignomics_x0.1
english,0.0,sentibignomics_x0.1
engrossing,0.0,sentibignomics_x0.1
engulf,-0.035,sentibignomics_x0.1
enhance,0.05,sentibignomics_x0.1
enhancement,0.065,sentibignomics_x0.1
enjoin,0.0,sentibignomics_x0.1
enjoyable,0.055,sentibignomics_x0.1
enjoyably,0.065,sentibignomics_x0.1
enjoyment,0.05,sentibignomics_x0.1
enlarge,0.05,sentibignomics_x0.1
enlarged,0.02,sentibignomics_x0.1
enlighten,0.05,sentibignomics_x0.1
enliven,0.07,sentibignomics_x0.1
enmesh,-0.035,sentibignomics_x0.1
enormous,0.085,sentibignomics_x0.1
enough,0.0,sentibignomics_x0.1
enrage,-0.05,sentibignomics_x0.1
enrich,0.05,sentibignomics_x0.1
enriched,0.055,sentibignomics_x0.1
ensconce,0.06,sentibignomics_x0.1
enshrine,0.06,sentibignomics_x0.1
ensnare,-0.01,sentibignomics_x0.1
ensure,0.02,sentibignomics_x0.1
entail,0.0,sentibignomics_x0.1
entangle,-0.05,sentibignomics_x0.1
entangled,-0.02,sentibignomics_x0.1
enter,0.03,sentibignomics_x0.1
enterprise,0.03,sentibignomics_x0.1
entertain,0.035,sentibignomics_x0.1
entertaining,0.06,sentibignomics_x0.1
entertainment,0.045,sentibignomics_x0.1
enthuse,0.04,sentibignomics_x0.1
enthusiasm,0.06,sentibignomics_x0.1
enthusiast,0.035,sentibignomics_x0.1
enthusiastic,0.08,sentibignomics_x0.1
enthusiastically,0.065,sentibignomics_x0.1
entice,0.065,sentibignomics_x0.1
enticement,0.06,sentibignomics_x0.1
enticing,0.045,sentibignomics_x0.1
entire,0.005,sentibignomics_x0.1
entrant,0.025,sentibignomics_x0.1
entrench,0.025,sentibignomics_x0.1
entrust,0.045,sentibignomics_x0.1
entry,0.0,sentibignomics_x0.1
enviable,0.01,sentibignomics_x0.1
envious,-0.03,sentibignomics_x0.1
envision,0.04,sentibignomics_x0.1
envy,-0.04,sentibignomics_x0.1
ephemeral,-0.025,sentibignomics_x0.1
epic,0.075,sentibignomics_x0.1
epidemic,-0.1,sentibignomics_x0.1
episodic,0.0,sentibignomics_x0.1
equal,0.035,sentibignomics_x0.1
equality,0.06,sentibignomics_x0.1
equalize,0.045,sentibignomics_x0.1
equate,0.01,sentibignomics_x0.1
equilibrium,0.025,sentibignomics_x0.1
equip,0.045,sentibignomics_x0.1
equipment,0.0,sentibignomics_x0.1
equitable,0.03,sentibignomics_x0.1
equivalent,0.01,sentibignomics_x0.1
era,0.0,sentibignomics_x0.1
eradicate,-0.045,sentibignomics_x0.1
erect,0.07,sentibignomics_x0.1
erode,-0.04,sentibignomics_x0.1
erosion,-0.04,sentibignomics_x0.1
err,-0.035,sentibignomics_x0.1
errant,-0.01,sentibignomics_x0.1
erratic,-0.045,sentibignomics_x0.1
erratically,-0.045,sentibignomics_x0.1
erroneous,-0.055,sentibignomics_x0.1
erroneously,-0.055,sentibignomics_x0.1
error,-0.035,sentibignomics_x0.1
eruption,-0.045,sentibignomics_x0.1
escalate,0.025,sentibignomics_x0.1
escalation,0.03,sentibignomics_x0.1
escape,0.0,sentibignomics_x0.1
escheat,-0.01,sentibignomics_x0.1
escheated,-0.03,sentibignomics_x0.1
eschew,-0.035,sentibignomics_x0.1
escrow,0.0,sentibignomics_x0.1
escrowed,0.0,sentibignomics_x0.1
escrowing,0.0,sentibignomics_x0.1
escrows,-0.005,sentibignomics_x0.1
esoteric,0.0,sentibignomics_x0.1
essence,0.05,sentibignomics_x0.1
essential,0.035,sentibignomics_x0.1
establish,0.035,sentibignomics_x0.1
established,0.055,sentibignomics_x0.1
estate,0.0,sentibignomics_x0.1
esteem,0.045,sentibignomics_x0.1
esteemed,0.045,sentibignomics_x0.1
esthetic,0.005,sentibignomics_x0.1
estimate,0.01,sentibignomics_x0.1
estoppel,-0.005,sentibignomics_x0.1
eternal,0.01,sentibignomics_x0.1
ethanol,0.0,sentibignomics_x0.1
ethic,0.07,sentibignomics_x0.1
ethical,0.06,sentibignomics_x0.1
eu,0.0,sentibignomics_x0.1
euphoria,0.055,sentibignomics_x0.1
euphoric,0.03,sentibignomics_x0.1
euro,0.0,sentibignomics_x0.1
european,0.0,sentibignomics_x0.1
eurozone,0.0,sentibignomics_x0.1
evacuate,-0.03,sentibignomics_x0.1
evacuee,0.0,sentibignomics_x0.1
evade,-0.03,sentibignomics_x0.1
evaluate,0.01,sentibignomics_x0.1
evaporate,-0.035,sentibignomics_x0.1
evasion,-0.04,sentibignomics_x0.1
evasive,-0.04,sentibignomics_x0.1
event,0.0,sentibignomics_x0.1
evergreen,0.055,sentibignomics_x0.1
evict,-0.065,sentibignomics_x0.1
eviction,-0.065,sentibignomics_x0.1
evident,0.035,sentibignomics_x0.1
evil,-0.08,sentibignomics_x0.1
evoke,0.0,sentibignomics_x0.1
evolution,0.025,sentibignomics_x0.1
evolutionary,0.04,sentibignomics_x0.1
evolve,0.05,sentibignomics_x0.1
exacerbate,-0.05,sentibignomics_x0.1
exact,0.035,sentibignomics_x0.1
exacting,0.0,sentibignomics_x0.1
exaggerate,-0.02,sentibignomics_x0.1
exaggeration,-0.015,sentibignomics_x0.1
exalt,0.035,sentibignomics_x0.1
exalted,0.05,sentibignomics_x0.1
examinership,0.02,sentibignomics_x0.1
exasperated,-0.065,sentibignomics_x0.1
exceedance,0.04,sentibignomics_x0.1
exceedence,0.02,sentibignomics_x0.1
excel,0.075,sentibignomics_x0.1
excellence,0.065,sentibignomics_x0.1
exceptional,0.09,sentibignomics_x0.1
exceptionally,0.08,sentibignomics_x0.1
excerpt,0.0,sentibignomics_x0.1
excess,-0.005,sentibignomics_x0.1
excessive,-0.03,sentibignomics_x0.1
excessively,-0.01,sentibignomics_x0.1
exchequer,0.0,sentibignomics_x0.1
excise,0.005,sentibignomics_x0.1
excite,0.065,sentibignomics_x0.1
excitement,0.055,sentibignomics_x0.1
exciting,0.075,sentibignomics_x0.1
exclude,-0.035,sentibignomics_x0.1
exclusion,-0.04,sentibignomics_x0.1
exclusive,0.02,sentibignomics_x0.1
exclusively,0.0,sentibignomics_x0.1
exclusiveness,0.0,sentibignomics_x0.1
exclusivity,0.02,sentibignomics_x0.1
excruciating,-0.07,sentibignomics_x0.1
exculpate,0.03,sentibignomics_x0.1
exculpation,0.0,sentibignomics_x0.1
exculpatory,0.0,sentibignomics_x0.1
execute,0.02,sentibignomics_x0.1
execution,0.0,sentibignomics_x0.1
executor,0.0,sentibignomics_x0.1
executory,0.0,sentibignomics_x0.1
executrix,-0.01,sentibignomics_x0.1
executrixes,-0.04,sentibignomics_x0.1
exemplary,0.06,sentibignomics_x0.1
exempt,-0.01,sentibignomics_x0.1
exhaust,-0.04,sentibignomics_x0.1
exhausted,-0.045,sentibignomics_x0.1
exhausting,-0.05,sentibignomics_x0.1
exhaustion,-0.045,sentibignomics_x0.1
exhaustive,-0.025,sentibignomics_x0.1
exhilarating,0.035,sentibignomics_x0.1
exhort,-0.015,sentibignomics_x0.1
exhume,-0.015,sentibignomics_x0.1
exile,-0.06,sentibignomics_x0.1
exodus,-0.09,sentibignomics_x0.1
exonerate,0.05,sentibignomics_x0.1
exoneration,0.02,sentibignomics_x0.1
exorbitant,-0.02,sentibignomics_x0.1
exorcize,-0.005,sentibignomics_x0.1
exotic,0.005,sentibignomics_x0.1
expansionary,0.06,sentibignomics_x0.1
expansionist,0.02,sentibignomics_x0.1
expansive,0.045,sentibignomics_x0.1
expect,0.02,sentibignomics_x0.1
expectation,0.025,sentibignomics_x0.1
expedient,-0.025,sentibignomics_x0.1
expedite,0.03,sentibignomics_x0.1
expel,-0.04,sentibignomics_x0.1
expendable,0.01,sentibignomics_x0.1
expenditure,0.005,sentibignomics_x0.1
expensive,-0.035,sentibignomics_x0.1
experience,0.03,sentibignomics_x0.1
experienced,0.03,sentibignomics_x0.1
expert,0.055,sentibignomics_x0.1
expiration,-0.03,sentibignomics_x0.1
expire,-0.04,sentibignomics_x0.1
expiry,-0.025,sentibignomics_x0.1
explain,0.0,sentibignomics_x0.1
explicit,-0.06,sentibignomics_x0.1
explode,0.045,sentibignomics_x0.1
exploit,-0.07,sentibignomics_x0.1
exploitable,-0.06,sentibignomics_x0.1
exploitation,-0.075,sentibignomics_x0.1
exploitative,-0.05,sentibignomics_x0.1
explosion,-0.06,sentibignomics_x0.1
explosive,0.005,sentibignomics_x0.1
exponential,0.05,sentibignomics_x0.1
export,0.0,sentibignomics_x0.1
exporter,0.0,sentibignomics_x0.1
expose,-0.02,sentibignomics_x0.1
exposure,0.02,sentibignomics_x0.1
express,0.03,sentibignomics_x0.1
expression,0.02,sentibignomics_x0.1
expressive,0.04,sentibignomics_x0.1
expropriate,-0.04,sentibignomics_x0.1
expropriation,-0.065,sentibignomics_x0.1
expulsion,-0.04,sentibignomics_x0.1
extend,0.035,sentibignomics_x0.1
extensive,0.04,sentibignomics_x0.1
extent,0.015,sentibignomics_x0.1
extenuate,-0.005,sentibignomics_x0.1
exterminating,-0.04,sentibignomics_x0.1
extinction,-0.08,sentibignomics_x0.1
extinguish,-0.04,sentibignomics_x0.1
extol,0.055,sentibignomics_x0.1
extort,-0.05,sentibignomics_x0.1
extortion,-0.08,sentibignomics_x0.1
extortionate,-0.055,sentibignomics_x0.1
extra,0.07,sentibignomics_x0.1
extractive,0.025,sentibignomics_x0.1
extrajudicial,-0.05,sentibignomics_x0.1
extraordinary,0.075,sentibignomics_x0.1
extrapolate,0.0,sentibignomics_x0.1
extravagance,0.06,sentibignomics_x0.1
extravagant,0.06,sentibignomics_x0.1
extreme,-0.005,sentibignomics_x0.1
extremism,-0.05,sentibignomics_x0.1
extremist,-0.01,sentibignomics_x0.1
extricate,0.03,sentibignomics_x0.1
exuberance,0.065,sentibignomics_x0.1
exuberant,0.055,sentibignomics_x0.1
exude,0.03,sentibignomics_x0.1
eyed,0.0,sentibignomics_x0.1
eyesore,-0.06,sentibignomics_x0.1
fabled,-0.015,sentibignomics_x0.1
fabulous,0.08,sentibignomics_x0.1
face,0.0,sentibignomics_x0.1
faceless,-0.04,sentibignomics_x0.1
facie,0.0,sentibignomics_x0.1
facility,0.0,sentibignomics_x0.1
fact,0.0,sentibignomics_x0.1
facto,0.0,sentibignomics_x0.1
factory,0.0,sentibignomics_x0.1
factual,0.07,sentibignomics_x0.1
fad,-0.01,sentibignomics_x0.1
fade,-0.02,sentibignomics_x0.1
fading,-0.04,sentibignomics_x0.1
failed,-0.075,sentibignomics_x0.1
fair,0.04,sentibignomics_x0.1
fairness,0.055,sentibignomics_x0.1
faith,0.075,sentibignomics_x0.1
faithful,0.07,sentibignomics_x0.1
fake,-0.05,sentibignomics_x0.1
faller,-0.025,sentibignomics_x0.1
falloff,-0.04,sentibignomics_x0.1
fallout,-0.06,sentibignomics_x0.1
falsely,-0.05,sentibignomics_x0.1
falsification,-0.06,sentibignomics_x0.1
falsify,-0.055,sentibignomics_x0.1
falsity,-0.05,sentibignomics_x0.1
falter,-0.05,sentibignomics_x0.1
faltering,-0.045,sentibignomics_x0.1
fame,0.065,sentibignomics_x0.1
famed,0.035,sentibignomics_x0.1
famous,0.06,sentibignomics_x0.1
fan,0.03,sentibignomics_x0.1
fanciful,0.05,sentibignomics_x0.1
fancy,0.06,sentibignomics_x0.1
fantastic,0.09,sentibignomics_x0.1
fantasy,0.025,sentibignomics_x0.1
far,0.0,sentibignomics_x0.1
farce,-0.04,sentibignomics_x0.1
farcical,-0.04,sentibignomics_x0.1
fare,0.045,sentibignomics_x0.1
fascinating,0.065,sentibignomics_x0.1
fascination,0.075,sentibignomics_x0.1
fashion,0.015,sentibignomics_x0.1
fashionable,0.065,sentibignomics_x0.1
fashioned,0.04,sentibignomics_x0.1
fast,0.04,sentibignomics_x0.1
faster,0.02,sentibignomics_x0.1
fastest,0.06,sentibignomics_x0.1
fastgrowing,0.075,sentibignomics_x0.1
fastidious,0.04,sentibignomics_x0.1
fat,-0.005,sentibignomics_x0.1
fatal,-0.08,sentibignomics_x0.1
fatality,-0.08,sentibignomics_x0.1
fatally,-0.09,sentibignomics_x0.1
fate,0.02,sentibignomics_x0.1
fated,0.02,sentibignomics_x0.1
fateful,0.045,sentibignomics_x0.1
fatigue,-0.04,sentibignomics_x0.1
fatten,0.03,sentibignomics_x0.1
fault,-0.04,sentibignomics_x0.1
faulty,-0.04,sentibignomics_x0.1
faux,-0.04,sentibignomics_x0.1
favor,0.04,sentibignomics_x0.1
favorable,0.05,sentibignomics_x0.1
favorably,0.07,sentibignomics_x0.1
favored,0.065,sentibignomics_x0.1
favorite,0.05,sentibignomics_x0.1
favoritism,0.0,sentibignomics_x0.1
faze,-0.015,sentibignomics_x0.1
fear,-0.055,sentibignomics_x0.1
fearful,-0.08,sentibignomics_x0.1
fearlessness,0.055,sentibignomics_x0.1
feasibility,0.035,sentibignomics_x0.1
feasible,0.035,sentibignomics_x0.1
feast,0.055,sentibignomics_x0.1
feat,0.045,sentibignomics_x0.1
febrile,-0.02,sentibignomics_x0.1
feckless,-0.075,sentibignomics_x0.1
feeble,-0.03,sentibignomics_x0.1
feel,0.0,sentibignomics_x0.1
feelgood,0.05,sentibignomics_x0.1
feeling,0.0,sentibignomics_x0.1
feisty,-0.01,sentibignomics_x0.1
felonious,-0.065,sentibignomics_x0.1
felony,-0.07,sentibignomics_x0.1
fend,0.05,sentibignomics_x0.1
ferment,0.02,sentibignomics_x0.1
ferocious,-0.04,sentibignomics_x0.1
ferocity,0.0,sentibignomics_x0.1
fertile,0.04,sentibignomics_x0.1
fervent,0.015,sentibignomics_x0.1
fervor,-0.005,sentibignomics_x0.1
fester,-0.055,sentibignomics_x0.1
festoon,0.0,sentibignomics_x0.1
fete,0.015,sentibignomics_x0.1
feud,-0.045,sentibignomics_x0.1
fever,-0.045,sentibignomics_x0.1
fevered,-0.04,sentibignomics_x0.1
feverish,-0.035,sentibignomics_x0.1
few,-0.005,sentibignomics_x0.1
fiasco,-0.055,sentibignomics_x0.1
fickle,-0.03,sentibignomics_x0.1
fictional,-0.02,sentibignomics_x0.1
fictitious,-0.015,sentibignomics_x0.1
fiddly,-0.035,sentibignomics_x0.1
fide,0.0,sentibignomics_x0.1
fiduciary,0.04,sentibignomics_x0.1
field,0.0,sentibignomics_x0.1
fierce,-0.025,sentibignomics_x0.1
fight,-0.02,sentibignomics_x0.1
fighter,0.035,sentibignomics_x0.1
fighting,-0.05,sentibignomics_x0.1
figure,0.0,sentibignomics_x0.1
fill,0.015,sentibignomics_x0.1
fillip,0.005,sentibignomics_x0.1
filthy,-0.06,sentibignomics_x0.1
fin,0.0,sentibignomics_x0.1
final,0.0,sentibignomics_x0.1
finale,0.035,sentibignomics_x0.1
finalize,0.065,sentibignomics_x0.1
finance,0.01,sentibignomics_x0.1
financial,0.0,sentibignomics_x0.1
financing,0.04,sentibignomics_x0.1
find,0.0,sentibignomics_x0.1
finding,0.03,sentibignomics_x0.1
fine,0.04,sentibignomics_x0.1
finesse,0.04,sentibignomics_x0.1
finished,0.0,sentibignomics_x0.1
finishing,0.0,sentibignomics_x0.1
fire,-0.005,sentibignomics_x0.1
firepower,0.03,sentibignomics_x0.1
firing,-0.08,sentibignomics_x0.1
firm,0.005,sentibignomics_x0.1
first,0.0,sentibignomics_x0.1
fishy,-0.06,sentibignomics_x0.1
fisted,-0.015,sentibignomics_x0.1
fit,0.0,sentibignomics_x0.1
fitful,-0.025,sentibignomics_x0.1
fix,0.045,sentibignomics_x0.1
fixing,0.06,sentibignomics_x0.1
fizzle,-0.03,sentibignomics_x0.1
flabby,-0.045,sentibignomics_x0.1
flag,-0.025,sentibignomics_x0.1
flagging,-0.015,sentibignomics_x0.1
flagrant,-0.02,sentibignomics_x0.1
flailing,-0.035,sentibignomics_x0.1
flair,0.02,sentibignomics_x0.1
flaky,-0.05,sentibignomics_x0.1
flamboyant,-0.015,sentibignomics_x0.1
flame,-0.045,sentibignomics_x0.1
flare,0.04,sentibignomics_x0.1
flash,0.005,sentibignomics_x0.1
flashy,0.04,sentibignomics_x0.1
flat,0.0,sentibignomics_x0.1
flatline,-0.055,sentibignomics_x0.1
flatten,-0.02,sentibignomics_x0.1
flatter,0.05,sentibignomics_x0.1
flattering,0.065,sentibignomics_x0.1
flattish,-0.03,sentibignomics_x0.1
flavor,0.04,sentibignomics_x0.1
flaw,-0.03,sentibignomics_x0.1
flawless,0.085,sentibignomics_x0.1
fledgling,-0.005,sentibignomics_x0.1
flee,-0.055,sentibignomics_x0.1
fleece,-0.015,sentibignomics_x0.1
flex,0.025,sentibignomics_x0.1
flexibility,0.055,sentibignomics_x0.1
flexible,0.045,sentibignomics_x0.1
flick,0.0,sentibignomics_x0.1
flicker,0.0,sentibignomics_x0.1
flight,0.0,sentibignomics_x0.1
flimsy,-0.04,sentibignomics_x0.1
flinch,-0.04,sentibignomics_x0.1
flip,0.0,sentibignomics_x0.1
flirt,0.005,sentibignomics_x0.1
flit,0.0,sentibignomics_x0.1
flock,0.005,sentibignomics_x0.1
flog,-0.025,sentibignomics_x0.1
flood,-0.045,sentibignomics_x0.1
flooded,-0.025,sentibignomics_x0.1
floored,-0.02,sentibignomics_x0.1
flop,-0.03,sentibignomics_x0.1
flourish,0.07,sentibignomics_x0.1
flout,-0.04,sentibignomics_x0.1
flow,0.025,sentibignomics_x0.1
fluctuate,-0.025,sentibignomics_x0.1
fluctuation,-0.035,sentibignomics_x0.1
fluent,0.05,sentibignomics_x0.1
fluffy,0.03,sentibignomics_x0.1
flung,0.0,sentibignomics_x0.1
flunk,-0.05,sentibignomics_x0.1
flush,-0.025,sentibignomics_x0.1
fob,-0.005,sentibignomics_x0.1
focal,0.005,sentibignomics_x0.1
focus,0.02,sentibignomics_x0.1
foe,-0.04,sentibignomics_x0.1
fog,-0.025,sentibignomics_x0.1
foist,-0.045,sentibignomics_x0.1
fold,-0.03,sentibignomics_x0.1
folksy,-0.01,sentibignomics_x0.1
follow,0.0,sentibignomics_x0.1
folly,-0.07,sentibignomics_x0.1
foment,-0.015,sentibignomics_x0.1
fond,0.04,sentibignomics_x0.1
fondness,0.045,sentibignomics_x0.1
food,0.0,sentibignomics_x0.1
fool,-0.075,sentibignomics_x0.1
foolhardy,-0.05,sentibignomics_x0.1
foolish,-0.03,sentibignomics_x0.1
footed,0.01,sentibignomics_x0.1
foothold,0.02,sentibignomics_x0.1
footloose,0.0,sentibignomics_x0.1
foray,-0.01,sentibignomics_x0.1
forbear,0.0,sentibignomics_x0.1
forbearance,-0.02,sentibignomics_x0.1
forbearances,-0.025,sentibignomics_x0.1
forbid,-0.04,sentibignomics_x0.1
force,0.0,sentibignomics_x0.1
forceful,-0.05,sentibignomics_x0.1
forebear,0.0,sentibignomics_x0.1
forebearance,-0.02,sentibignomics_x0.1
forecast,0.0,sentibignomics_x0.1
foreclose,-0.07,sentibignomics_x0.1
foreclosed,-0.09,sentibignomics_x0.1
foreclosure,-0.05,sentibignomics_x0.1
forefront,0.055,sentibignomics_x0.1
forego,0.0,sentibignomics_x0.1
foreground,0.01,sentibignomics_x0.1
foreign,0.0,sentibignomics_x0.1
foremost,0.03,sentibignomics_x0.1
foresee,0.06,sentibignomics_x0.1
foreseeable,0.02,sentibignomics_x0.1
foreshadow,0.055,sentibignomics_x0.1
foresight,0.015,sentibignomics_x0.1
forestall,0.0,sentibignomics_x0.1
foretell,0.0,sentibignomics_x0.1
forfeit,-0.045,sentibignomics_x0.1
forfeitable,-0.03,sentibignomics_x0.1
forfeiture,-0.03,sentibignomics_x0.1
forge,0.0,sentibignomics_x0.1
forger,-0.04,sentibignomics_x0.1
forgery,-0.06,sentibignomics_x0.1
forget,-0.04,sentibignomics_x0.1
forgive,0.07,sentibignomics_x0.1
forgiveness,0.045,sentibignomics_x0.1
forgiving,0.06,sentibignomics_x0.1
forgo,-0.015,sentibignomics_x0.1
forgone,-0.025,sentibignomics_x0.1
form,0.0,sentibignomics_x0.1
formalize,0.04,sentibignomics_x0.1
formidable,0.02,sentibignomics_x0.1
formulaic,0.0,sentibignomics_x0.1
forsake,-0.03,sentibignomics_x0.1
forswear,-0.02,sentibignomics_x0.1
forthwith,0.0,sentibignomics_x0.1
fortified,0.07,sentibignomics_x0.1
fortify,0.04,sentibignomics_x0.1
fortress,0.035,sentibignomics_x0.1
fortunate,0.07,sentibignomics_x0.1
fortune,0.05,sentibignomics_x0.1
fossilized,-0.005,sentibignomics_x0.1
foster,0.035,sentibignomics_x0.1
foul,-0.04,sentibignomics_x0.1
foundry,0.0,sentibignomics_x0.1
fraction,0.0,sentibignomics_x0.1
fractious,-0.025,sentibignomics_x0.1
fracture,-0.045,sentibignomics_x0.1
fractured,-0.05,sentibignomics_x0.1
fracturing,-0.05,sentibignomics_x0.1
fragile,-0.06,sentibignomics_x0.1
fragility,-0.03,sentibignomics_x0.1
fragment,-0.025,sentibignomics_x0.1
fragmentary,-0.02,sentibignomics_x0.1
fragmentation,-0.045,sentibignomics_x0.1
frail,-0.065,sentibignomics_x0.1
framework,0.0,sentibignomics_x0.1
frantic,-0.035,sentibignomics_x0.1
fraud,-0.065,sentibignomics_x0.1
fraudulence,-0.06,sentibignomics_x0.1
fraudulent,-0.08,sentibignomics_x0.1
fraudulently,-0.07,sentibignomics_x0.1
fraught,-0.05,sentibignomics_x0.1
free,0.03,sentibignomics_x0.1
freefall,0.0,sentibignomics_x0.1
freehold,0.015,sentibignomics_x0.1
freer,0.015,sentibignomics_x0.1
freeze,-0.02,sentibignomics_x0.1
freezing,-0.05,sentibignomics_x0.1
french,0.0,sentibignomics_x0.1
frenetic,-0.02,sentibignomics_x0.1
frenzied,-0.025,sentibignomics_x0.1
frenzy,-0.035,sentibignomics_x0.1
fresh,0.015,sentibignomics_x0.1
fret,-0.035,sentibignomics_x0.1
friction,-0.035,sentibignomics_x0.1
frictionless,0.035,sentibignomics_x0.1
friend,0.065,sentibignomics_x0.1
friendless,-0.055,sentibignomics_x0.1
friendly,0.05,sentibignomics_x0.1
friendship,0.095,sentibignomics_x0.1
fright,-0.04,sentibignomics_x0.1
frighten,-0.045,sentibignomics_x0.1
frightening,-0.07,sentibignomics_x0.1
frill,-0.02,sentibignomics_x0.1
frisky,-0.03,sentibignomics_x0.1
frivolous,-0.03,sentibignomics_x0.1
frivolously,-0.035,sentibignomics_x0.1
frontline,0.05,sentibignomics_x0.1
frontrunner,0.055,sentibignomics_x0.1
frothy,-0.005,sentibignomics_x0.1
frown,-0.04,sentibignomics_x0.1
frugal,0.0,sentibignomics_x0.1
frugality,-0.035,sentibignomics_x0.1
fruitful,0.075,sentibignomics_x0.1
fruition,0.06,sentibignomics_x0.1
fruitless,-0.065,sentibignomics_x0.1
frustrate,-0.045,sentibignomics_x0.1
frustratingly,-0.045,sentibignomics_x0.1
frustration,-0.05,sentibignomics_x0.1
fry,-0.025,sentibignomics_x0.1
fudge,-0.04,sentibignomics_x0.1
fuelled,0.035,sentibignomics_x0.1
fugitive,-0.065,sentibignomics_x0.1
fulfill,0.045,sentibignomics_x0.1
full,0.05,sentibignomics_x0.1
fumble,-0.07,sentibignomics_x0.1
fun,0.07,sentibignomics_x0.1
functioning,0.065,sentibignomics_x0.1
fund,0.03,sentibignomics_x0.1
fundamental,0.035,sentibignomics_x0.1
funding,0.065,sentibignomics_x0.1
fundraising,0.06,sentibignomics_x0.1
fungible,-0.015,sentibignomics_x0.1
funk,-0.025,sentibignomics_x0.1
funky,-0.005,sentibignomics_x0.1
funny,0.04,sentibignomics_x0.1
furious,-0.02,sentibignomics_x0.1
furnishing,0.03,sentibignomics_x0.1
furtherance,0.0,sentibignomics_x0.1
fury,-0.045,sentibignomics_x0.1
fuse,0.005,sentibignomics_x0.1
fuss,-0.02,sentibignomics_x0.1
fussy,-0.035,sentibignomics_x0.1
fusty,-0.02,sentibignomics_x0.1
futile,-0.035,sentibignomics_x0.1
future,0.0,sentibignomics_x0.1
fuzzy,-0.03,sentibignomics_x0.1
gain,0.05,sentibignomics_x0.1
gainful,0.045,sentibignomics_x0.1
gallop,0.0,sentibignomics_x0.1
galvanize,0.02,sentibignomics_x0.1
gambling,-0.03,sentibignomics_x0.1
game,0.0,sentibignomics_x0.1
gargantuan,0.06,sentibignomics_x0.1
gasp,-0.03,sentibignomics_x0.1
gaudy,-0.025,sentibignomics_x0.1
gauge,0.0,sentibignomics_x0.1
gazing,0.04,sentibignomics_x0.1
gdp,0.02,sentibignomics_x0.1
gem,0.03,sentibignomics_x0.1
general,0.0,sentibignomics_x0.1
generate,0.06,sentibignomics_x0.1
generation,0.0,sentibignomics_x0.1
generative,0.06,sentibignomics_x0.1
generosity,0.07,sentibignomics_x0.1
generous,0.06,sentibignomics_x0.1
genius,0.07,sentibignomics_x0.1
genteel,0.05,sentibignomics_x0.1
gentle,0.05,sentibignomics_x0.1
gentlemanly,0.07,sentibignomics_x0.1
gentrification,0.015,sentibignomics_x0.1
genuine,0.07,sentibignomics_x0.1
get,0.0,sentibignomics_x0.1
ghastly,-0.065,sentibignomics_x0.1
giant,0.04,sentibignomics_x0.1
giddy,0.03,sentibignomics_x0.1
gift,0.09,sentibignomics_x0.1
gifted,0.07,sentibignomics_x0.1
gigantic,0.05,sentibignomics_x0.1
gilt,0.0,sentibignomics_x0.1
gird,0.0,sentibignomics_x0.1
give,0.035,sentibignomics_x0.1
giveaway,0.04,sentibignomics_x0.1
giveback,0.025,sentibignomics_x0.1
glacial,-0.025,sentibignomics_x0.1
glad,0.065,sentibignomics_x0.1
glamor,0.05,sentibignomics_x0.1
glamorous,0.06,sentibignomics_x0.1
glaring,-0.03,sentibignomics_x0.1
gleam,0.065,sentibignomics_x0.1
glean,0.03,sentibignomics_x0.1
glimmer,0.045,sentibignomics_x0.1
glisten,0.06,sentibignomics_x0.1
glitch,-0.03,sentibignomics_x0.1
glitter,0.035,sentibignomics_x0.1
glitz,0.04,sentibignomics_x0.1
glitzy,0.03,sentibignomics_x0.1
global,0.0,sentibignomics_x0.1
globalized,0.035,sentibignomics_x0.1
gloom,-0.055,sentibignomics_x0.1
gloomy,-0.04,sentibignomics_x0.1
glorified,0.065,sentibignomics_x0.1
glory,0.075,sentibignomics_x0.1
gloss,-0.01,sentibignomics_x0.1
glossy,0.05,sentibignomics_x0.1
glow,0.055,sentibignomics_x0.1
glue,0.01,sentibignomics_x0.1
glum,-0.04,sentibignomics_x0.1
glut,-0.015,sentibignomics_x0.1
glutted,-0.045,sentibignomics_x0.1
go,0.0,sentibignomics_x0.1
goal,0.07,sentibignomics_x0.1
gobble,-0.005,sentibignomics_x0.1
godsend,0.095,sentibignomics_x0.1
golden,0.055,sentibignomics_x0.1
goldmine,0.09,sentibignomics_x0.1
goodwill,0.05,sentibignomics_x0.1
goofy,-0.015,sentibignomics_x0.1
gouge,-0.06,sentibignomics_x0.1
government,0.0,sentibignomics_x0.1
grab,0.0,sentibignomics_x0.1
grace,0.03,sentibignomics_x0.1
graceful,0.065,sentibignomics_x0.1
gracious,0.06,sentibignomics_x0.1
gradual,0.02,sentibignomics_x0.1
graft,0.0,sentibignomics_x0.1
grail,0.03,sentibignomics_x0.1
grandeur,0.04,sentibignomics_x0.1
grandiose,0.03,sentibignomics_x0.1
grant,0.035,sentibignomics_x0.1
grantors,0.005,sentibignomics_x0.1
grapple,-0.03,sentibignomics_x0.1
grasp,0.035,sentibignomics_x0.1
grateful,0.065,sentibignomics_x0.1
gratify,0.05,sentibignomics_x0.1
gratitude,0.055,sentibignomics_x0.1
gratuitous,-0.005,sentibignomics_x0.1
gratuitously,0.055,sentibignomics_x0.1
grave,-0.08,sentibignomics_x0.1
gravitate,0.06,sentibignomics_x0.1
gravity,0.0,sentibignomics_x0.1
gray,0.0,sentibignomics_x0.1
grease,0.0,sentibignomics_x0.1
great,0.07,sentibignomics_x0.1
greatly,0.075,sentibignomics_x0.1
greatness,0.07,sentibignomics_x0.1
greed,-0.045,sentibignomics_x0.1
greedy,-0.08,sentibignomics_x0.1
greet,0.02,sentibignomics_x0.1
gridlock,-0.035,sentibignomics_x0.1
grief,-0.05,sentibignomics_x0.1
grievance,-0.04,sentibignomics_x0.1
grieving,-0.07,sentibignomics_x0.1
grievous,-0.045,sentibignomics_x0.1
grim,-0.035,sentibignomics_x0.1
grind,-0.005,sentibignomics_x0.1
grip,0.0,sentibignomics_x0.1
gripe,-0.04,sentibignomics_x0.1
gripping,0.02,sentibignomics_x0.1
grisly,-0.08,sentibignomics_x0.1
grit,0.035,sentibignomics_x0.1
gritty,-0.04,sentibignomics_x0.1
groan,-0.025,sentibignomics_x0.1
groom,0.02,sentibignomics_x0.1
groove,0.05,sentibignomics_x0.1
groovy,0.055,sentibignomics_x0.1
grope,0.0,sentibignomics_x0.1
gross,0.0,sentibignomics_x0.1
grossly,-0.02,sentibignomics_x0.1
groundless,-0.035,sentibignomics_x0.1
group,0.0,sentibignomics_x0.1
grove,0.0,sentibignomics_x0.1
grubby,-0.05,sentibignomics_x0.1
grudging,-0.03,sentibignomics_x0.1
grueling,-0.06,sentibignomics_x0.1
gruesome,-0.08,sentibignomics_x0.1
grumble,-0.05,sentibignomics_x0.1
grungy,-0.04,sentibignomics_x0.1
guaranteed,0.075,sentibignomics_x0.1
guard,0.05,sentibignomics_x0.1
guidance,0.05,sentibignomics_x0.1
guide,0.025,sentibignomics_x0.1
guideline,0.02,sentibignomics_x0.1
guilt,-0.045,sentibignomics_x0.1
guilty,-0.05,sentibignomics_x0.1
gullible,-0.055,sentibignomics_x0.1
gush,0.0,sentibignomics_x0.1
gut,-0.04,sentibignomics_x0.1
gutsy,0.01,sentibignomics_x0.1
guzzling,-0.03,sentibignomics_x0.1
gyrate,0.0,sentibignomics_x0.1
haggle,-0.01,sentibignomics_x0.1
hail,0.04,sentibignomics_x0.1
halt,-0.03,sentibignomics_x0.1
hammer,-0.03,sentibignomics_x0.1
hamper,-0.06,sentibignomics_x0.1
hand,0.0,sentibignomics_x0.1
handcuff,-0.035,sentibignomics_x0.1
handicap,-0.06,sentibignomics_x0.1
handicapped,-0.045,sentibignomics_x0.1
handling,0.0,sentibignomics_x0.1
handsome,0.08,sentibignomics_x0.1
hangover,-0.05,sentibignomics_x0.1
haphazard,-0.06,sentibignomics_x0.1
hapless,-0.035,sentibignomics_x0.1
happen,0.0,sentibignomics_x0.1
happily,0.06,sentibignomics_x0.1
happiness,0.07,sentibignomics_x0.1
happy,0.05,sentibignomics_x0.1
harass,-0.045,sentibignomics_x0.1
harassment,-0.07,sentibignomics_x0.1
harbinger,-0.01,sentibignomics_x0.1
hard,-0.015,sentibignomics_x0.1
hard time,-0.08,sentibignomics_x0.1
hardball,-0.04,sentibignomics_x0.1
harden,-0.04,sentibignomics_x0.1
harder,-0.035,sentibignomics_x0.1
hardline,-0.035,sentibignomics_x0.1
hardship,-0.05,sentibignomics_x0.1
hardworking,0.07,sentibignomics_x0.1
harm,-0.06,sentibignomics_x0.1
harmful,-0.07,sentibignomics_x0.1
harmfully,-0.05,sentibignomics_x0.1
harmless,0.05,sentibignomics_x0.1
harmonious,0.04,sentibignomics_x0.1
harmonise,0.055,sentibignomics_x0.1
harmonize,0.065,sentibignomics_x0.1
harmonized,0.065,sentibignomics_x0.1
harmony,0.065,sentibignomics_x0.1
harness,0.05,sentibignomics_x0.1
harrowing,-0.04,sentibignomics_x0.1
harsh,-0.065,sentibignomics_x0.1
harshly,-0.05,sentibignomics_x0.1
harshness,-0.045,sentibignomics_x0.1
harvest,0.025,sentibignomics_x0.1
harvesting,0.05,sentibignomics_x0.1
hassle,-0.045,sentibignomics_x0.1
haste,-0.015,sentibignomics_x0.1
hasten,-0.005,sentibignomics_x0.1
hasty,-0.035,sentibignomics_x0.1
hatch,0.0,sentibignomics_x0.1
hate,-0.05,sentibignomics_x0.1
haul,0.005,sentibignomics_x0.1
haunting,-0.045,sentibignomics_x0.1
have,0.0,sentibignomics_x0.1
havoc,-0.055,sentibignomics_x0.1
hawk,0.0,sentibignomics_x0.1
hawkish,-0.03,sentibignomics_x0.1
hazard,-0.065,sentibignomics_x0.1
hazardous,-0.055,sentibignomics_x0.1
haze,-0.025,sentibignomics_x0.1
hazy,-0.035,sentibignomics_x0.1
head,0.0,sentibignomics_x0.1
headache,-0.06,sentibignomics_x0.1
headhunter,0.0,sentibignomics_x0.1
headlong,0.01,sentibignomics_x0.1
headway,0.04,sentibignomics_x0.1
headwind,-0.025,sentibignomics_x0.1
heady,0.0,sentibignomics_x0.1
heal,0.05,sentibignomics_x0.1
healing,0.065,sentibignomics_x0.1
health,0.055,sentibignomics_x0.1
healthful,0.05,sentibignomics_x0.1
healthy,0.07,sentibignomics_x0.1
heart,0.08,sentibignomics_x0.1
heartbeat,0.02,sentibignomics_x0.1
heartbreaking,-0.05,sentibignomics_x0.1
hearted,0.065,sentibignomics_x0.1
hearten,0.045,sentibignomics_x0.1
heartfelt,0.07,sentibignomics_x0.1
heartless,-0.065,sentibignomics_x0.1
hearty,0.045,sentibignomics_x0.1
heat,-0.025,sentibignomics_x0.1
heating,-0.01,sentibignomics_x0.1
heatwave,-0.02,sentibignomics_x0.1
heave,-0.035,sentibignomics_x0.1
heavenly,0.06,sentibignomics_x0.1
heavy,-0.02,sentibignomics_x0.1
heavyweight,0.0,sentibignomics_x0.1
heck,-0.005,sentibignomics_x0.1
hectic,-0.04,sentibignomics_x0.1
hedging,0.0,sentibignomics_x0.1
heel,0.0,sentibignomics_x0.1
height,0.035,sentibignomics_x0.1
heighten,0.02,sentibignomics_x0.1
heightened,0.045,sentibignomics_x0.1
hell,-0.09,sentibignomics_x0.1
hellish,-0.08,sentibignomics_x0.1
help,0.025,sentibignomics_x0.1
helpful,0.075,sentibignomics_x0.1
helpless,-0.04,sentibignomics_x0.1
hemorrhage,-0.06,sentibignomics_x0.1
hemorrhaging,-0.08,sentibignomics_x0.1
henceforth,0.0,sentibignomics_x0.1
henceforward,0.0,sentibignomics_x0.1
herald,0.005,sentibignomics_x0.1
hereafter,0.0,sentibignomics_x0.1
hereditaments,0.0,sentibignomics_x0.1
herein,0.0,sentibignomics_x0.1
heretofore,0.0,sentibignomics_x0.1
hero,0.09,sentibignomics_x0.1
heroic,0.07,sentibignomics_x0.1
hesitant,-0.05,sentibignomics_x0.1
hesitate,-0.03,sentibignomics_x0.1
hesitation,-0.03,sentibignomics_x0.1
hew,0.0,sentibignomics_x0.1
heyday,0.015,sentibignomics_x0.1
hiatus,-0.03,sentibignomics_x0.1
hibernation,-0.01,sentibignomics_x0.1
hiccup,-0.03,sentibignomics_x0.1
hide,-0.02,sentibignomics_x0.1
hidebound,-0.03,sentibignomics_x0.1
hideous,-0.055,sentibignomics_x0.1
hierarchy,-0.01,sentibignomics_x0.1
highflying,0.055,sentibignomics_x0.1
highlight,0.035,sentibignomics_x0.1
hijack,-0.055,sentibignomics_x0.1
hijacking,-0.08,sentibignomics_x0.1
hike,0.04,sentibignomics_x0.1
hinder,-0.045,sentibignomics_x0.1
hindrance,-0.04,sentibignomics_x0.1
hinge,0.0,sentibignomics_x0.1
hiring,0.04,sentibignomics_x0.1
historical,0.0,sentibignomics_x0.1
hit,-0.045,sentibignomics_x0.1
hitch,0.02,sentibignomics_x0.1
hoard,-0.02,sentibignomics_x0.1
hoax,-0.05,sentibignomics_x0.1
hobble,-0.03,sentibignomics_x0.1
hobbled,-0.03,sentibignomics_x0.1
hoist,0.035,sentibignomics_x0.1
hold,0.0,sentibignomics_x0.1
holding,0.0,sentibignomics_x0.1
hollow,-0.04,sentibignomics_x0.1
home,0.0,sentibignomics_x0.1
homespun,0.015,sentibignomics_x0.1
honest,0.075,sentibignomics_x0.1
honesty,0.065,sentibignomics_x0.1
honeymoon,0.025,sentibignomics_x0.1
honor,0.055,sentibignomics_x0.1
honorable,0.075,sentibignomics_x0.1
hoodwink,-0.05,sentibignomics_x0.1
hoopla,0.0,sentibignomics_x0.1
hope,0.045,sentibignomics_x0.1
hopeful,0.045,sentibignomics_x0.1
hopeless,-0.07,sentibignomics_x0.1
horrendous,-0.075,sentibignomics_x0.1
horrible,-0.08,sentibignomics_x0.1
horrific,-0.09,sentibignomics_x0.1
horrified,-0.07,sentibignomics_x0.1
horrifying,-0.075,sentibignomics_x0.1
horror,-0.065,sentibignomics_x0.1
hostage,-0.04,sentibignomics_x0.1
hostile,-0.06,sentibignomics_x0.1
hostility,-0.08,sentibignomics_x0.1
hot,0.0,sentibignomics_x0.1
hotbed,-0.03,sentibignomics_x0.1
hound,-0.02,sentibignomics_x0.1
hour,0.0,sentibignomics_x0.1
house,0.0,sentibignomics_x0.1
household,0.0,sentibignomics_x0.1
huddle,0.03,sentibignomics_x0.1
huge,0.04,sentibignomics_x0.1
hulking,-0.005,sentibignomics_x0.1
humanity,0.05,sentibignomics_x0.1
humble,0.045,sentibignomics_x0.1
humbling,0.025,sentibignomics_x0.1
humdrum,-0.005,sentibignomics_x0.1
humiliating,-0.08,sentibignomics_x0.1
humiliation,-0.075,sentibignomics_x0.1
humility,0.03,sentibignomics_x0.1
humongous,0.065,sentibignomics_x0.1
humor,0.05,sentibignomics_x0.1
hump,-0.005,sentibignomics_x0.1
hung,-0.035,sentibignomics_x0.1
hunger,-0.01,sentibignomics_x0.1
hungry,0.0,sentibignomics_x0.1
hunt,0.0,sentibignomics_x0.1
hurricane,-0.065,sentibignomics_x0.1
hurried,-0.03,sentibignomics_x0.1
hurry,0.0,sentibignomics_x0.1
hurt,-0.045,sentibignomics_x0.1
hurtle,-0.025,sentibignomics_x0.1
hustle,0.025,sentibignomics_x0.1
hype,0.015,sentibignomics_x0.1
hyper,0.025,sentibignomics_x0.1
hyperactive,0.05,sentibignomics_x0.1
hypercompetitive,0.0,sentibignomics_x0.1
hyperinflation,-0.055,sentibignomics_x0.1
hypocritical,-0.065,sentibignomics_x0.1
hypothecate,0.01,sentibignomics_x0.1
hysteria,-0.035,sentibignomics_x0.1
hysterical,-0.05,sentibignomics_x0.1
iconic,0.06,sentibignomics_x0.1
idea,0.04,sentibignomics_x0.1
ideal,0.06,sentibignomics_x0.1
idealistic,0.045,sentibignomics_x0.1
idiosyncratic,0.0,sentibignomics_x0.1
idle,-0.015,sentibignomics_x0.1
idled,-0.015,sentibignomics_x0.1
idyllic,0.0,sentibignomics_x0.1
iffy,-0.035,sentibignomics_x0.1
ignite,0.03,sentibignomics_x0.1
ignore,-0.03,sentibignomics_x0.1
ill,-0.03,sentibignomics_x0.1
illegal,-0.045,sentibignomics_x0.1
illegality,-0.06,sentibignomics_x0.1
illegally,-0.08,sentibignomics_x0.1
illegible,-0.03,sentibignomics_x0.1
illegitimate,-0.08,sentibignomics_x0.1
illicit,-0.045,sentibignomics_x0.1
illicitly,-0.055,sentibignomics_x0.1
illiquid,-0.02,sentibignomics_x0.1
illiquidity,-0.05,sentibignomics_x0.1
illness,-0.05,sentibignomics_x0.1
illogical,-0.055,sentibignomics_x0.1
illuminate,0.02,sentibignomics_x0.1
illusion,-0.03,sentibignomics_x0.1
illusory,0.0,sentibignomics_x0.1
illustrious,0.055,sentibignomics_x0.1
image,0.0,sentibignomics_x0.1
imaginable,0.02,sentibignomics_x0.1
imaginative,0.06,sentibignomics_x0.1
imbalance,-0.04,sentibignomics_x0.1
imbalanced,-0.055,sentibignomics_x0.1
imbue,0.01,sentibignomics_x0.1
immateriality,-0.025,sentibignomics_x0.1
immature,-0.04,sentibignomics_x0.1
immediate,0.02,sentibignomics_x0.1
immense,0.025,sentibignomics_x0.1
imminent,0.005,sentibignomics_x0.1
immoral,-0.08,sentibignomics_x0.1
immune,0.075,sentibignomics_x0.1
immunize,0.045,sentibignomics_x0.1
impact,0.0,sentibignomics_x0.1
impair,-0.075,sentibignomics_x0.1
impairment,-0.045,sentibignomics_x0.1
impartial,-0.015,sentibignomics_x0.1
impasse,-0.035,sentibignomics_x0.1
impassioned,0.05,sentibignomics_x0.1
impatient,-0.05,sentibignomics_x0.1
impeachment,-0.08,sentibignomics_x0.1
impeccable,0.07,sentibignomics_x0.1
impede,-0.04,sentibignomics_x0.1
impediment,-0.04,sentibignomics_x0.1
impel,-0.02,sentibignomics_x0.1
impend,-0.02,sentibignomics_x0.1
impenetrable,0.045,sentibignomics_x0.1
imperative,0.01,sentibignomics_x0.1
imperfect,-0.045,sentibignomics_x0.1
imperfection,-0.035,sentibignomics_x0.1
imperial,0.03,sentibignomics_x0.1
imperil,-0.04,sentibignomics_x0.1
imperiled,-0.065,sentibignomics_x0.1
impermissible,-0.035,sentibignomics_x0.1
impersonal,-0.035,sentibignomics_x0.1
impervious,0.02,sentibignomics_x0.1
impetus,0.025,sentibignomics_x0.1
impinge,-0.06,sentibignomics_x0.1
implacable,-0.005,sentibignomics_x0.1
impleaded,-0.03,sentibignomics_x0.1
implement,0.055,sentibignomics_x0.1
implicate,-0.03,sentibignomics_x0.1
implicit,-0.025,sentibignomics_x0.1
implode,-0.075,sentibignomics_x0.1
implore,0.01,sentibignomics_x0.1
implosion,-0.075,sentibignomics_x0.1
imply,0.0,sentibignomics_x0.1
import,0.03,sentibignomics_x0.1
importance,0.07,sentibignomics_x0.1
important,0.06,sentibignomics_x0.1
impose,-0.04,sentibignomics_x0.1
imposition,-0.03,sentibignomics_x0.1
impossibility,-0.05,sentibignomics_x0.1
impossible,-0.03,sentibignomics_x0.1
impotent,-0.055,sentibignomics_x0.1
impound,-0.025,sentibignomics_x0.1
impoverish,-0.01,sentibignomics_x0.1
impoverished,-0.04,sentibignomics_x0.1
impracticable,-0.04,sentibignomics_x0.1
impractical,-0.04,sentibignomics_x0.1
impracticality,-0.04,sentibignomics_x0.1
imprecise,-0.05,sentibignomics_x0.1
imprecision,-0.06,sentibignomics_x0.1
impregnable,0.06,sentibignomics_x0.1
impresario,0.0,sentibignomics_x0.1
impress,0.045,sentibignomics_x0.1
impressed,0.065,sentibignomics_x0.1
impressive,0.07,sentibignomics_x0.1
impressively,0.065,sentibignomics_x0.1
imprisonment,-0.08,sentibignomics_x0.1
improbability,-0.035,sentibignomics_x0.1
improbable,-0.03,sentibignomics_x0.1
impromptu,0.0,sentibignomics_x0.1
improper,-0.055,sentibignomics_x0.1
improperly,-0.035,sentibignomics_x0.1
impropriety,-0.05,sentibignomics_x0.1
imprudent,-0.03,sentibignomics_x0.1
imprudently,-0.04,sentibignomics_x0.1
impulse,0.015,sentibignomics_x0.1
impunity,-0.045,sentibignomics_x0.1
imputed,0.0,sentibignomics_x0.1
inability,-0.045,sentibignomics_x0.1
inaccessible,-0.04,sentibignomics_x0.1
inaccuracy,-0.04,sentibignomics_x0.1
inaccurate,-0.06,sentibignomics_x0.1
inaccurately,-0.05,sentibignomics_x0.1
inaction,-0.065,sentibignomics_x0.1
inactivate,-0.03,sentibignomics_x0.1
inactivation,-0.03,sentibignomics_x0.1
inactive,-0.05,sentibignomics_x0.1
inactivity,-0.05,sentibignomics_x0.1
inadequacy,-0.05,sentibignomics_x0.1
inadequate,-0.03,sentibignomics_x0.1
inadequately,-0.05,sentibignomics_x0.1
inadvertent,-0.02,sentibignomics_x0.1
inadvertently,-0.02,sentibignomics_x0.1
inadvisability,-0.04,sentibignomics_x0.1
inadvisable,-0.055,sentibignomics_x0.1
inappropriate,-0.04,sentibignomics_x0.1
inappropriately,-0.045,sentibignomics_x0.1
inasmuch,0.0,sentibignomics_x0.1
inattention,-0.04,sentibignomics_x0.1
incapable,-0.04,sentibignomics_x0.1
incapacitate,-0.08,sentibignomics_x0.1
incapacity,-0.03,sentibignomics_x0.1
incarcerate,-0.06,sentibignomics_x0.1
incarceration,-0.075,sentibignomics_x0.1
incarnation,0.02,sentibignomics_x0.1
incendiary,-0.055,sentibignomics_x0.1
incentive,0.05,sentibignomics_x0.1
incentivise,0.035,sentibignomics_x0.1
incentivize,0.02,sentibignomics_x0.1
inception,0.0,sentibignomics_x0.1
incessant,-0.04,sentibignomics_x0.1
incestuous,-0.065,sentibignomics_x0.1
inch,0.0,sentibignomics_x0.1
inchoate,-0.015,sentibignomics_x0.1
incidence,-0.04,sentibignomics_x0.1
incident,-0.03,sentibignomics_x0.1
incipient,0.0,sentibignomics_x0.1
incite,0.03,sentibignomics_x0.1
incline,0.005,sentibignomics_x0.1
inclined,0.02,sentibignomics_x0.1
include,0.02,sentibignomics_x0.1
inclusive,0.01,sentibignomics_x0.1
income,0.06,sentibignomics_x0.1
incompatibility,-0.04,sentibignomics_x0.1
incompatible,-0.065,sentibignomics_x0.1
incompetence,-0.065,sentibignomics_x0.1
incompetency,-0.055,sentibignomics_x0.1
incompetent,-0.08,sentibignomics_x0.1
incompetently,-0.075,sentibignomics_x0.1
incomplete,-0.03,sentibignomics_x0.1
incompletely,-0.05,sentibignomics_x0.1
incomprehensible,-0.06,sentibignomics_x0.1
inconceivable,-0.04,sentibignomics_x0.1
inconclusive,-0.025,sentibignomics_x0.1
inconsistency,-0.045,sentibignomics_x0.1
inconsistent,-0.04,sentibignomics_x0.1
inconsistently,-0.05,sentibignomics_x0.1
incontestability,0.0,sentibignomics_x0.1
incontestable,-0.015,sentibignomics_x0.1
inconvenience,-0.04,sentibignomics_x0.1
inconvenient,-0.04,sentibignomics_x0.1
incorporate,0.045,sentibignomics_x0.1
incorrect,-0.055,sentibignomics_x0.1
incorrectly,-0.035,sentibignomics_x0.1
incredible,0.065,sentibignomics_x0.1
incredibly,0.055,sentibignomics_x0.1
increment,0.005,sentibignomics_x0.1
incriminating,-0.08,sentibignomics_x0.1
incumbent,-0.01,sentibignomics_x0.1
incur,0.0,sentibignomics_x0.1
incursion,-0.025,sentibignomics_x0.1
indebted,-0.04,sentibignomics_x0.1
indebtedness,-0.015,sentibignomics_x0.1
indecency,-0.04,sentibignomics_x0.1
indecent,-0.04,sentibignomics_x0.1
indefatigable,0.015,sentibignomics_x0.1
indefeasible,0.0,sentibignomics_x0.1
indefeasibly,-0.02,sentibignomics_x0.1
indefensible,-0.045,sentibignomics_x0.1
indefinite,-0.02,sentibignomics_x0.1
indefinitely,-0.02,sentibignomics_x0.1
indemnification,-0.045,sentibignomics_x0.1
indemnify,0.005,sentibignomics_x0.1
indemnity,0.005,sentibignomics_x0.1
indeterminable,-0.035,sentibignomics_x0.1
indeterminate,-0.04,sentibignomics_x0.1
index,0.0,sentibignomics_x0.1
indicate,0.0,sentibignomics_x0.1
indict,-0.025,sentibignomics_x0.1
indictable,-0.07,sentibignomics_x0.1
indictment,-0.07,sentibignomics_x0.1
indifference,-0.015,sentibignomics_x0.1
indifferent,-0.02,sentibignomics_x0.1
indigenous,0.0,sentibignomics_x0.1
indigent,-0.03,sentibignomics_x0.1
indignant,-0.04,sentibignomics_x0.1
indignity,-0.07,sentibignomics_x0.1
indirect,-0.015,sentibignomics_x0.1
indiscriminate,0.0,sentibignomics_x0.1
indispensable,0.055,sentibignomics_x0.1
induce,0.015,sentibignomics_x0.1
inducement,0.0,sentibignomics_x0.1
indulge,0.03,sentibignomics_x0.1
indulgence,0.02,sentibignomics_x0.1
indulgent,0.025,sentibignomics_x0.1
industrial,0.0,sentibignomics_x0.1
industrious,0.045,sentibignomics_x0.1
industry,0.0,sentibignomics_x0.1
ineffective,-0.04,sentibignomics_x0.1
ineffectively,-0.065,sentibignomics_x0.1
ineffectual,-0.045,sentibignomics_x0.1
inefficiency,-0.05,sentibignomics_x0.1
inefficient,-0.055,sentibignomics_x0.1
inefficiently,-0.06,sentibignomics_x0.1
inelastic,-0.015,sentibignomics_x0.1
ineligibility,-0.045,sentibignomics_x0.1
ineligible,-0.035,sentibignomics_x0.1
inept,-0.025,sentibignomics_x0.1
inequality,-0.045,sentibignomics_x0.1
inequitable,-0.04,sentibignomics_x0.1
inequitably,-0.05,sentibignomics_x0.1
inequity,-0.06,sentibignomics_x0.1
inert,-0.025,sentibignomics_x0.1
inertia,0.0,sentibignomics_x0.1
inescapable,-0.01,sentibignomics_x0.1
inevitable,-0.015,sentibignomics_x0.1
inexact,-0.03,sentibignomics_x0.1
inexhaustible,0.05,sentibignomics_x0.1
inexorable,-0.03,sentibignomics_x0.1
inexpensive,0.025,sentibignomics_x0.1
inexperience,-0.035,sentibignomics_x0.1
inexperienced,-0.04,sentibignomics_x0.1
inexplicable,-0.035,sentibignomics_x0.1
infamous,-0.04,sentibignomics_x0.1
infant,0.015,sentibignomics_x0.1
infect,-0.065,sentibignomics_x0.1
infected,-0.075,sentibignomics_x0.1
infection,-0.075,sentibignomics_x0.1
inferior,-0.065,sentibignomics_x0.1
infest,-0.04,sentibignomics_x0.1
infiltrate,-0.01,sentibignomics_x0.1
infinite,0.055,sentibignomics_x0.1
inflame,-0.04,sentibignomics_x0.1
inflate,-0.005,sentibignomics_x0.1
inflated,-0.01,sentibignomics_x0.1
inflation,-0.06,sentibignomics_x0.1
inflationary,-0.04,sentibignomics_x0.1
inflexible,-0.04,sentibignomics_x0.1
inflict,-0.035,sentibignomics_x0.1
inflow,0.045,sentibignomics_x0.1
influence,0.03,sentibignomics_x0.1
influential,0.045,sentibignomics_x0.1
inforce,0.0,sentibignomics_x0.1
inform,0.04,sentibignomics_x0.1
information,0.02,sentibignomics_x0.1
informative,0.055,sentibignomics_x0.1
infraction,-0.055,sentibignomics_x0.1
infrequent,-0.03,sentibignomics_x0.1
infringe,-0.05,sentibignomics_x0.1
infringement,-0.04,sentibignomics_x0.1
infringer,-0.05,sentibignomics_x0.1
infuriate,-0.05,sentibignomics_x0.1
ingenious,0.07,sentibignomics_x0.1
ingenuity,0.0,sentibignomics_x0.1
ingrained,-0.015,sentibignomics_x0.1
inheritance,0.065,sentibignomics_x0.1
inhibit,-0.02,sentibignomics_x0.1
inhibitor,-0.025,sentibignomics_x0.1
inhospitable,-0.05,sentibignomics_x0.1
inimical,-0.065,sentibignomics_x0.1
iniquitous,-0.055,sentibignomics_x0.1
initial,0.005,sentibignomics_x0.1
initiative,0.045,sentibignomics_x0.1
injunction,-0.025,sentibignomics_x0.1
injunctive,-0.01,sentibignomics_x0.1
injure,-0.08,sentibignomics_x0.1
injured,-0.06,sentibignomics_x0.1
injurious,-0.065,sentibignomics_x0.1
injury,-0.04,sentibignomics_x0.1
injustice,-0.065,sentibignomics_x0.1
inky,-0.005,sentibignomics_x0.1
inmate,-0.03,sentibignomics_x0.1
innocent,0.04,sentibignomics_x0.1
innovate,0.055,sentibignomics_x0.1
innovation,0.065,sentibignomics_x0.1
innovative,0.065,sentibignomics_x0.1
innovativeness,0.08,sentibignomics_x0.1
innovator,0.055,sentibignomics_x0.1
innumerable,0.04,sentibignomics_x0.1
inordinate,-0.03,sentibignomics_x0.1
inordinately,-0.015,sentibignomics_x0.1
inquest,0.0,sentibignomics_x0.1
inquire,0.02,sentibignomics_x0.1
inquiry,0.0,sentibignomics_x0.1
insane,-0.055,sentibignomics_x0.1
insatiable,-0.01,sentibignomics_x0.1
insecure,-0.03,sentibignomics_x0.1
insecurity,-0.05,sentibignomics_x0.1
insensitive,-0.04,sentibignomics_x0.1
insert,0.0,sentibignomics_x0.1
insidious,-0.075,sentibignomics_x0.1
insight,0.06,sentibignomics_x0.1
insightful,0.07,sentibignomics_x0.1
insignificant,-0.045,sentibignomics_x0.1
insinuate,0.0,sentibignomics_x0.1
insist,0.0,sentibignomics_x0.1
insistence,0.0,sentibignomics_x0.1
insistent,0.02,sentibignomics_x0.1
insofar,0.0,sentibignomics_x0.1
insolvency,-0.07,sentibignomics_x0.1
insolvent,-0.03,sentibignomics_x0.1
inspiration,0.05,sentibignomics_x0.1
inspirational,0.08,sentibignomics_x0.1
inspire,0.07,sentibignomics_x0.1
inspiring,0.065,sentibignomics_x0.1
instability,-0.06,sentibignomics_x0.1
install,0.0,sentibignomics_x0.1
instant,0.02,sentibignomics_x0.1
instigate,-0.04,sentibignomics_x0.1
instill,0.025,sentibignomics_x0.1
instinctive,0.025,sentibignomics_x0.1
insubordination,-0.055,sentibignomics_x0.1
insufficiency,-0.07,sentibignomics_x0.1
insufficient,-0.045,sentibignomics_x0.1
insufficiently,-0.05,sentibignomics_x0.1
insulate,0.03,sentibignomics_x0.1
insulated,0.015,sentibignomics_x0.1
insult,-0.07,sentibignomics_x0.1
insurgent,-0.025,sentibignomics_x0.1
insurmountable,-0.06,sentibignomics_x0.1
insurrection,-0.045,sentibignomics_x0.1
intact,0.045,sentibignomics_x0.1
intake,0.03,sentibignomics_x0.1
intangible,-0.025,sentibignomics_x0.1
integration,0.05,sentibignomics_x0.1
integrity,0.065,sentibignomics_x0.1
intelligent,0.09,sentibignomics_x0.1
intense,-0.02,sentibignomics_x0.1
intensify,0.035,sentibignomics_x0.1
intensity,0.01,sentibignomics_x0.1
intensive,0.03,sentibignomics_x0.1
intent,0.035,sentibignomics_x0.1
interactive,0.055,sentibignomics_x0.1
intercontinental,0.03,sentibignomics_x0.1
interdependent,0.0,sentibignomics_x0.1
interest,0.025,sentibignomics_x0.1
interesting,0.055,sentibignomics_x0.1
interfere,-0.045,sentibignomics_x0.1
interference,-0.045,sentibignomics_x0.1
interlocutory,0.0,sentibignomics_x0.1
intermediation,0.07,sentibignomics_x0.1
interminable,-0.03,sentibignomics_x0.1
intermittent,0.0,sentibignomics_x0.1
intermittently,0.0,sentibignomics_x0.1
international,0.0,sentibignomics_x0.1
internationalize,0.04,sentibignomics_x0.1
internationalized,0.02,sentibignomics_x0.1
interpose,0.0,sentibignomics_x0.1
interposition,0.0,sentibignomics_x0.1
interrelated,0.02,sentibignomics_x0.1
interrogate,-0.035,sentibignomics_x0.1
interrogation,-0.03,sentibignomics_x0.1
interrogator,-0.03,sentibignomics_x0.1
interrogatory,-0.025,sentibignomics_x0.1
interrupt,-0.03,sentibignomics_x0.1
interruption,-0.05,sentibignomics_x0.1
intertwine,0.0,sentibignomics_x0.1
intervene,-0.01,sentibignomics_x0.1
intervention,0.04,sentibignomics_x0.1
intestacy,0.0,sentibignomics_x0.1
intestate,-0.005,sentibignomics_x0.1
intimidate,-0.05,sentibignomics_x0.1
intimidating,-0.04,sentibignomics_x0.1
intimidation,-0.06,sentibignomics_x0.1
intolerable,-0.06,sentibignomics_x0.1
intoxicating,0.01,sentibignomics_x0.1
intractable,-0.035,sentibignomics_x0.1
intransigent,-0.02,sentibignomics_x0.1
intricacy,0.01,sentibignomics_x0.1
intrigue,0.04,sentibignomics_x0.1
intriguing,0.04,sentibignomics_x0.1
introduce,0.025,sentibignomics_x0.1
intrude,-0.055,sentibignomics_x0.1
intrusion,-0.055,sentibignomics_x0.1
intrusive,-0.045,sentibignomics_x0.1
intuitive,0.05,sentibignomics_x0.1
inundate,-0.01,sentibignomics_x0.1
invading,-0.04,sentibignomics_x0.1
invalid,-0.055,sentibignomics_x0.1
invalidate,-0.055,sentibignomics_x0.1
invalidation,-0.035,sentibignomics_x0.1
invalidity,-0.035,sentibignomics_x0.1
invaluable,0.01,sentibignomics_x0.1
invasion,-0.04,sentibignomics_x0.1
invasive,-0.05,sentibignomics_x0.1
invent,0.03,sentibignomics_x0.1
invention,0.04,sentibignomics_x0.1
inventive,0.05,sentibignomics_x0.1
inventiveness,0.055,sentibignomics_x0.1
inventor,0.02,sentibignomics_x0.1
inventory,0.01,sentibignomics_x0.1
inversion,-0.01,sentibignomics_x0.1
invert,0.01,sentibignomics_x0.1
invest,0.03,sentibignomics_x0.1
investigate,0.0,sentibignomics_x0.1
investigation,0.0,sentibignomics_x0.1
investigative,0.005,sentibignomics_x0.1
investing,0.055,sentibignomics_x0.1
investment,0.035,sentibignomics_x0.1
investor,0.04,sentibignomics_x0.1
invigorate,0.08,sentibignomics_x0.1
invigorating,0.09,sentibignomics_x0.1
invincible,0.075,sentibignomics_x0.1
invite,0.035,sentibignomics_x0.1
invoke,-0.01,sentibignomics_x0.1
involuntarily,-0.04,sentibignomics_x0.1
involuntary,-0.05,sentibignomics_x0.1
invulnerable,0.055,sentibignomics_x0.1
inward,0.05,sentibignomics_x0.1
iron,0.035,sentibignomics_x0.1
ironclad,0.02,sentibignomics_x0.1
irony,0.0,sentibignomics_x0.1
irrational,-0.045,sentibignomics_x0.1
irreconcilable,-0.06,sentibignomics_x0.1
irreconcilably,-0.06,sentibignomics_x0.1
irrecoverable,-0.06,sentibignomics_x0.1
irrecoverably,-0.055,sentibignomics_x0.1
irregular,-0.05,sentibignomics_x0.1
irregularity,-0.035,sentibignomics_x0.1
irregularly,-0.025,sentibignomics_x0.1
irrelevant,-0.035,sentibignomics_x0.1
irreparable,-0.08,sentibignomics_x0.1
irreparably,-0.065,sentibignomics_x0.1
irreplaceable,0.0,sentibignomics_x0.1
irrepressible,-0.03,sentibignomics_x0.1
irresistible,0.075,sentibignomics_x0.1
irresponsible,-0.07,sentibignomics_x0.1
irreverent,-0.025,sentibignomics_x0.1
irreversible,-0.035,sentibignomics_x0.1
irrevocability,-0.035,sentibignomics_x0.1
irrevocable,-0.04,sentibignomics_x0.1
irrevocably,-0.03,sentibignomics_x0.1
irritant,-0.04,sentibignomics_x0.1
irritate,-0.06,sentibignomics_x0.1
irritated,-0.04,sentibignomics_x0.1
irritating,-0.065,sentibignomics_x0.1
irritation,-0.05,sentibignomics_x0.1
isolate,-0.035,sentibignomics_x0.1
isolated,-0.05,sentibignomics_x0.1
isolation,-0.025,sentibignomics_x0.1
issuance,0.045,sentibignomics_x0.1
issue,-0.005,sentibignomics_x0.1
itch,0.01,sentibignomics_x0.1
itemized,0.04,sentibignomics_x0.1
iterate,0.005,sentibignomics_x0.1
itinerant,0.0,sentibignomics_x0.1
jackpot,0.075,sentibignomics_x0.1
jaded,-0.04,sentibignomics_x0.1
jawbone,0.0,sentibignomics_x0.1
jeopardize,-0.055,sentibignomics_x0.1
jeopardy,-0.07,sentibignomics_x0.1
jettison,0.0,sentibignomics_x0.1
jewel,0.05,sentibignomics_x0.1
jingle,0.0,sentibignomics_x0.1
jitter,-0.03,sentibignomics_x0.1
jittery,-0.03,sentibignomics_x0.1
job,0.0,sentibignomics_x0.1
jobless,-0.085,sentibignomics_x0.1
joblessness,-0.07,sentibignomics_x0.1
jockey,0.0,sentibignomics_x0.1
joinder,0.025,sentibignomics_x0.1
joint,0.0,sentibignomics_x0.1
jolt,0.005,sentibignomics_x0.1
jostle,-0.005,sentibignomics_x0.1
joy,0.05,sentibignomics_x0.1
joyful,0.075,sentibignomics_x0.1
jubilant,0.06,sentibignomics_x0.1
judge,0.0,sentibignomics_x0.1
judicial,0.0,sentibignomics_x0.1
judicially,0.0,sentibignomics_x0.1
judiciary,0.0,sentibignomics_x0.1
judicious,0.045,sentibignomics_x0.1
juggernaut,0.05,sentibignomics_x0.1
juicy,0.04,sentibignomics_x0.1
jumble,0.0,sentibignomics_x0.1
jump,0.035,sentibignomics_x0.1
jumpstart,0.03,sentibignomics_x0.1
jumpy,-0.035,sentibignomics_x0.1
juncture,0.0,sentibignomics_x0.1
junk,-0.035,sentibignomics_x0.1
jurisdiction,0.0,sentibignomics_x0.1
jurisdictional,0.0,sentibignomics_x0.1
jurisprudence,0.0,sentibignomics_x0.1
jurist,0.0,sentibignomics_x0.1
juror,0.0,sentibignomics_x0.1
jury,0.0,sentibignomics_x0.1
juryman,0.0,sentibignomics_x0.1
justice,0.06,sentibignomics_x0.1
justifiable,0.035,sentibignomics_x0.1
justify,0.05,sentibignomics_x0.1
keel,-0.03,sentibignomics_x0.1
keen,0.035,sentibignomics_x0.1
keep,0.015,sentibignomics_x0.1
kick,0.0,sentibignomics_x0.1
kickback,-0.03,sentibignomics_x0.1
kickstart,0.03,sentibignomics_x0.1
kill,-0.07,sentibignomics_x0.1
killer,-0.09,sentibignomics_x0.1
killing,-0.1,sentibignomics_x0.1
kilter,-0.02,sentibignomics_x0.1
kind,0.035,sentibignomics_x0.1
kindle,0.02,sentibignomics_x0.1
kindness,0.05,sentibignomics_x0.1
king,0.05,sentibignomics_x0.1
kink,-0.02,sentibignomics_x0.1
kiss,0.02,sentibignomics_x0.1
knack,0.03,sentibignomics_x0.1
knee,0.0,sentibignomics_x0.1
knell,0.0,sentibignomics_x0.1
knit,0.005,sentibignomics_x0.1
know,0.0,sentibignomics_x0.1
knowingly,0.0,sentibignomics_x0.1
labor,0.01,sentibignomics_x0.1
laborious,-0.025,sentibignomics_x0.1
labour,0.0,sentibignomics_x0.1
labyrinthine,-0.045,sentibignomics_x0.1
lack,-0.04,sentibignomics_x0.1
lackluster,-0.04,sentibignomics_x0.1
ladder,0.005,sentibignomics_x0.1
lag,-0.025,sentibignomics_x0.1
laggard,-0.06,sentibignomics_x0.1
lambast,-0.04,sentibignomics_x0.1
lambaste,-0.02,sentibignomics_x0.1
lame,-0.055,sentibignomics_x0.1
lament,-0.025,sentibignomics_x0.1
lamentable,-0.055,sentibignomics_x0.1
landless,-0.035,sentibignomics_x0.1
landmark,0.04,sentibignomics_x0.1
landscaped,0.05,sentibignomics_x0.1
languid,-0.015,sentibignomics_x0.1
languish,-0.04,sentibignomics_x0.1
languishing,-0.03,sentibignomics_x0.1
lap,0.01,sentibignomics_x0.1
lapse,-0.035,sentibignomics_x0.1
large,0.06,sentibignomics_x0.1
largess,0.05,sentibignomics_x0.1
lash,-0.04,sentibignomics_x0.1
last,0.0,sentibignomics_x0.1
lasting,0.055,sentibignomics_x0.1
latch,0.03,sentibignomics_x0.1
late,-0.03,sentibignomics_x0.1
latent,0.01,sentibignomics_x0.1
laud,0.035,sentibignomics_x0.1
laugh,0.065,sentibignomics_x0.1
laughable,-0.035,sentibignomics_x0.1
launch,0.03,sentibignomics_x0.1
launching,0.015,sentibignomics_x0.1
launder,-0.045,sentibignomics_x0.1
lavish,0.035,sentibignomics_x0.1
law,0.0,sentibignomics_x0.1
lawful,0.04,sentibignomics_x0.1
lawfully,0.03,sentibignomics_x0.1
lawfulness,0.025,sentibignomics_x0.1
lawless,-0.055,sentibignomics_x0.1
lawmaker,0.0,sentibignomics_x0.1
lawmaking,0.005,sentibignomics_x0.1
lawsuit,-0.04,sentibignomics_x0.1
lawyer,0.0,sentibignomics_x0.1
lax,-0.025,sentibignomics_x0.1
lay,-0.03,sentibignomics_x0.1
layoff,-0.08,sentibignomics_x0.1
lazy,-0.08,sentibignomics_x0.1
lead,0.04,sentibignomics_x0.1
leadership,0.07,sentibignomics_x0.1
leak,-0.035,sentibignomics_x0.1
leakage,-0.07,sentibignomics_x0.1
leaky,-0.035,sentibignomics_x0.1
lean,-0.03,sentibignomics_x0.1
leap,0.075,sentibignomics_x0.1
leapfrog,0.05,sentibignomics_x0.1
learn,0.035,sentibignomics_x0.1
learning,0.055,sentibignomics_x0.1
leave,-0.02,sentibignomics_x0.1
leech,-0.07,sentibignomics_x0.1
leery,-0.055,sentibignomics_x0.1
leeway,0.05,sentibignomics_x0.1
leftover,0.005,sentibignomics_x0.1
legal,0.005,sentibignomics_x0.1
legalese,0.0,sentibignomics_x0.1
legality,0.0,sentibignomics_x0.1
legalization,0.0,sentibignomics_x0.1
legalize,0.035,sentibignomics_x0.1
legally,0.01,sentibignomics_x0.1
legatee,0.0,sentibignomics_x0.1
legendary,0.06,sentibignomics_x0.1
legislate,0.0,sentibignomics_x0.1
legislation,0.0,sentibignomics_x0.1
legislative,0.0,sentibignomics_x0.1
legislatively,0.0,sentibignomics_x0.1
legislator,0.0,sentibignomics_x0.1
legislature,0.0,sentibignomics_x0.1
legit,0.05,sentibignomics_x0.1
legitimize,0.055,sentibignomics_x0.1
leisurely,0.02,sentibignomics_x0.1
lend,0.01,sentibignomics_x0.1
lending,0.01,sentibignomics_x0.1
lengthen,0.03,sentibignomics_x0.1
lengthy,-0.005,sentibignomics_x0.1
leniency,0.015,sentibignomics_x0.1
lenient,0.03,sentibignomics_x0.1
lens,0.0,sentibignomics_x0.1
lessen,0.0,sentibignomics_x0.1
lethal,-0.085,sentibignomics_x0.1
lethargic,-0.035,sentibignomics_x0.1
lethargy,-0.04,sentibignomics_x0.1
level,0.0,sentibignomics_x0.1
leverage,0.03,sentibignomics_x0.1
leveraged,0.045,sentibignomics_x0.1
levity,0.03,sentibignomics_x0.1
levy,-0.02,sentibignomics_x0.1
liable,-0.01,sentibignomics_x0.1
liaison,0.0,sentibignomics_x0.1
libel,-0.04,sentibignomics_x0.1
libelous,-0.065,sentibignomics_x0.1
liberalize,0.03,sentibignomics_x0.1
liberalized,0.035,sentibignomics_x0.1
liberate,0.05,sentibignomics_x0.1
liberty,0.03,sentibignomics_x0.1
libor,0.0,sentibignomics_x0.1
licensable,0.0,sentibignomics_x0.1
license,0.015,sentibignomics_x0.1
licensing,0.01,sentibignomics_x0.1
lick,0.0,sentibignomics_x0.1
lie,-0.04,sentibignomics_x0.1
life,0.05,sentibignomics_x0.1
lifeblood,0.07,sentibignomics_x0.1
lifeless,-0.085,sentibignomics_x0.1
lifesaving,0.08,sentibignomics_x0.1
lift,0.035,sentibignomics_x0.1
lifting,0.045,sentibignomics_x0.1
lighten,0.025,sentibignomics_x0.1
likable,0.05,sentibignomics_x0.1
like,0.015,sentibignomics_x0.1
likelihood,0.015,sentibignomics_x0.1
likely,0.03,sentibignomics_x0.1
limbo,-0.035,sentibignomics_x0.1
limelight,0.05,sentibignomics_x0.1
limit,-0.02,sentibignomics_x0.1
limitation,-0.035,sentibignomics_x0.1
limitless,0.055,sentibignomics_x0.1
limp,-0.03,sentibignomics_x0.1
linchpin,0.01,sentibignomics_x0.1
line,0.0,sentibignomics_x0.1
lineup,0.015,sentibignomics_x0.1
linger,0.0,sentibignomics_x0.1
linkage,0.0,sentibignomics_x0.1
liquefy,0.0,sentibignomics_x0.1
liquid,0.01,sentibignomics_x0.1
liquidate,-0.045,sentibignomics_x0.1
liquidation,-0.045,sentibignomics_x0.1
liquidator,0.0,sentibignomics_x0.1
listless,-0.045,sentibignomics_x0.1
litigant,0.0,sentibignomics_x0.1
litigate,0.0,sentibignomics_x0.1
litigation,-0.015,sentibignomics_x0.1
litigator,0.0,sentibignomics_x0.1
litigious,-0.03,sentibignomics_x0.1
litigiousness,-0.015,sentibignomics_x0.1
little,-0.005,sentibignomics_x0.1
livable,0.05,sentibignomics_x0.1
live,0.0,sentibignomics_x0.1
lively,0.06,sentibignomics_x0.1
liven,0.03,sentibignomics_x0.1
living,0.035,sentibignomics_x0.1
load,0.01,sentibignomics_x0.1
loan,0.0,sentibignomics_x0.1
loath,-0.03,sentibignomics_x0.1
loathe,-0.055,sentibignomics_x0.1
lobbying,0.0,sentibignomics_x0.1
local,0.0,sentibignomics_x0.1
localize,0.025,sentibignomics_x0.1
localized,0.01,sentibignomics_x0.1
locate,0.0,sentibignomics_x0.1
lock,-0.005,sentibignomics_x0.1
lockout,-0.03,sentibignomics_x0.1
lockstep,0.0,sentibignomics_x0.1
lofty,0.005,sentibignomics_x0.1
loggerhead,-0.03,sentibignomics_x0.1
lonely,-0.065,sentibignomics_x0.1
longer,-0.01,sentibignomics_x0.1
longevity,0.07,sentibignomics_x0.1
look,0.0,sentibignomics_x0.1
lookout,0.005,sentibignomics_x0.1
loom,-0.045,sentibignomics_x0.1
loophole,-0.015,sentibignomics_x0.1
loose,-0.035,sentibignomics_x0.1
loosen,-0.03,sentibignomics_x0.1
loosening,-0.035,sentibignomics_x0.1
loot,-0.05,sentibignomics_x0.1
lopsided,-0.035,sentibignomics_x0.1
lose,-0.05,sentibignomics_x0.1
loser,-0.095,sentibignomics_x0.1
loss,-0.075,sentibignomics_x0.1
lot,0.0,sentibignomics_x0.1
loth,-0.04,sentibignomics_x0.1
loud,0.04,sentibignomics_x0.1
louder,-0.01,sentibignomics_x0.1
lousy,-0.07,sentibignomics_x0.1
love,0.07,sentibignomics_x0.1
lovely,0.09,sentibignomics_x0.1
loving,0.055,sentibignomics_x0.1
lowering,-0.02,sentibignomics_x0.1
lowly,-0.04,sentibignomics_x0.1
lowpaid,-0.05,sentibignomics_x0.1
loyal,0.04,sentibignomics_x0.1
loyalty,0.08,sentibignomics_x0.1
luck,0.05,sentibignomics_x0.1
lucky,0.055,sentibignomics_x0.1
lucrative,0.07,sentibignomics_x0.1
ludicrous,-0.045,sentibignomics_x0.1
lukewarm,-0.025,sentibignomics_x0.1
lull,-0.02,sentibignomics_x0.1
luminary,0.055,sentibignomics_x0.1
lump,-0.015,sentibignomics_x0.1
lumpy,-0.03,sentibignomics_x0.1
lurch,-0.045,sentibignomics_x0.1
lure,0.0,sentibignomics_x0.1
lurk,-0.04,sentibignomics_x0.1
lush,0.035,sentibignomics_x0.1
luster,0.03,sentibignomics_x0.1
luxurious,0.08,sentibignomics_x0.1
luxury,0.055,sentibignomics_x0.1
machinery,0.0,sentibignomics_x0.1
macho,0.04,sentibignomics_x0.1
mad,-0.045,sentibignomics_x0.1
maelstrom,-0.03,sentibignomics_x0.1
magic,0.06,sentibignomics_x0.1
magical,0.05,sentibignomics_x0.1
magnificent,0.09,sentibignomics_x0.1
magnify,0.04,sentibignomics_x0.1
magnitude,0.035,sentibignomics_x0.1
maim,-0.05,sentibignomics_x0.1
main,0.0,sentibignomics_x0.1
maintain,0.025,sentibignomics_x0.1
maintenance,0.05,sentibignomics_x0.1
majestic,0.06,sentibignomics_x0.1
majeure,0.0,sentibignomics_x0.1
make,0.0,sentibignomics_x0.1
makeover,0.02,sentibignomics_x0.1
malaise,-0.05,sentibignomics_x0.1
malfeasance,-0.08,sentibignomics_x0.1
malfunction,-0.07,sentibignomics_x0.1
malice,-0.075,sentibignomics_x0.1
malicious,-0.09,sentibignomics_x0.1
maliciously,-0.08,sentibignomics_x0.1
malign,-0.07,sentibignomics_x0.1
malpractice,-0.06,sentibignomics_x0.1
manage,0.025,sentibignomics_x0.1
manageable,0.04,sentibignomics_x0.1
mandate,0.0,sentibignomics_x0.1
mandatory,0.0,sentibignomics_x0.1
mangle,-0.06,sentibignomics_x0.1
mania,-0.04,sentibignomics_x0.1
manic,-0.035,sentibignomics_x0.1
manifest,0.05,sentibignomics_x0.1
manipulate,-0.055,sentibignomics_x0.1
manipulation,-0.045,sentibignomics_x0.1
manipulative,-0.05,sentibignomics_x0.1
manner,0.0,sentibignomics_x0.1
manufacture,0.01,sentibignomics_x0.1
manufacturer,0.045,sentibignomics_x0.1
manufacturing,0.02,sentibignomics_x0.1
many,0.0,sentibignomics_x0.1
marginal,0.025,sentibignomics_x0.1
marginalize,0.0,sentibignomics_x0.1
mark,0.0,sentibignomics_x0.1
markdown,0.0,sentibignomics_x0.1
marker,0.005,sentibignomics_x0.1
market,0.0,sentibignomics_x0.1
marketable,0.06,sentibignomics_x0.1
markup,-0.005,sentibignomics_x0.1
marvel,0.035,sentibignomics_x0.1
marvelous,0.08,sentibignomics_x0.1
mask,-0.025,sentibignomics_x0.1
masked,-0.025,sentibignomics_x0.1
masquerade,-0.03,sentibignomics_x0.1
mass,0.0,sentibignomics_x0.1
massacre,-0.06,sentibignomics_x0.1
massive,0.03,sentibignomics_x0.1
masterful,0.08,sentibignomics_x0.1
masterly,0.055,sentibignomics_x0.1
masterpiece,0.075,sentibignomics_x0.1
matter,0.0,sentibignomics_x0.1
mature,0.07,sentibignomics_x0.1
maturity,0.05,sentibignomics_x0.1
maximize,0.06,sentibignomics_x0.1
maximum,0.06,sentibignomics_x0.1
may,0.0,sentibignomics_x0.1
maybe,0.0,sentibignomics_x0.1
mayhem,-0.085,sentibignomics_x0.1
meager,-0.02,sentibignomics_x0.1
mean,0.0,sentibignomics_x0.1
meander,0.0,sentibignomics_x0.1
meaning,0.05,sentibignomics_x0.1
meaningless,-0.055,sentibignomics_x0.1
meantime,0.0,sentibignomics_x0.1
measly,-0.04,sentibignomics_x0.1
measure,0.0,sentibignomics_x0.1
measured,0.0,sentibignomics_x0.1
mechanized,0.0,sentibignomics_x0.1
meddle,-0.04,sentibignomics_x0.1
mediate,0.0,sentibignomics_x0.1
mediation,0.0,sentibignomics_x0.1
mediator,0.0,sentibignomics_x0.1
mediocre,-0.04,sentibignomics_x0.1
mediocrity,-0.035,sentibignomics_x0.1
medium,0.0,sentibignomics_x0.1
meet,0.0,sentibignomics_x0.1
mega,0.07,sentibignomics_x0.1
melancholy,-0.015,sentibignomics_x0.1
melodramatic,-0.055,sentibignomics_x0.1
melt,-0.035,sentibignomics_x0.1
meltdown,-0.08,sentibignomics_x0.1
membership,0.0,sentibignomics_x0.1
memorable,0.055,sentibignomics_x0.1
memorandum,0.045,sentibignomics_x0.1
menacing,-0.05,sentibignomics_x0.1
mend,0.04,sentibignomics_x0.1
menial,-0.02,sentibignomics_x0.1
mercenary,-0.025,sentibignomics_x0.1
merciless,-0.035,sentibignomics_x0.1
mercurial,0.0,sentibignomics_x0.1
mercy,0.0,sentibignomics_x0.1
merge,0.0,sentibignomics_x0.1
merit,0.075,sentibignomics_x0.1
meritocratic,0.0,sentibignomics_x0.1
meritorious,0.075,sentibignomics_x0.1
merry,0.065,sentibignomics_x0.1
mess,-0.065,sentibignomics_x0.1
messy,-0.04,sentibignomics_x0.1
meticulous,0.065,sentibignomics_x0.1
mettle,0.0,sentibignomics_x0.1
middle,0.0,sentibignomics_x0.1
middling,0.0,sentibignomics_x0.1
midrange,0.0,sentibignomics_x0.1
midst,0.0,sentibignomics_x0.1
mighty,0.08,sentibignomics_x0.1
migrate,0.0,sentibignomics_x0.1
migration,0.02,sentibignomics_x0.1
mild,0.025,sentibignomics_x0.1
militancy,-0.04,sentibignomics_x0.1
minded,0.035,sentibignomics_x0.1
mindful,0.045,sentibignomics_x0.1
mindless,-0.04,sentibignomics_x0.1
mindset,0.0,sentibignomics_x0.1
minimal,-0.01,sentibignomics_x0.1
minimize,0.005,sentibignomics_x0.1
minor,-0.01,sentibignomics_x0.1
minus,-0.015,sentibignomics_x0.1
minuscule,-0.035,sentibignomics_x0.1
miracle,0.07,sentibignomics_x0.1
miraculous,0.095,sentibignomics_x0.1
mirage,-0.045,sentibignomics_x0.1
mire,-0.05,sentibignomics_x0.1
mired,-0.05,sentibignomics_x0.1
mirror,0.0,sentibignomics_x0.1
misallocate,-0.045,sentibignomics_x0.1
misapplication,-0.045,sentibignomics_x0.1
misapply,-0.05,sentibignomics_x0.1
misappropriate,-0.05,sentibignomics_x0.1
misappropriation,-0.065,sentibignomics_x0.1
misbehave,-0.06,sentibignomics_x0.1
misbranded,-0.045,sentibignomics_x0.1
miscalculate,-0.05,sentibignomics_x0.1
miscalculation,-0.04,sentibignomics_x0.1
mischaracterize,-0.035,sentibignomics_x0.1
mischief,-0.045,sentibignomics_x0.1
misclassification,-0.035,sentibignomics_x0.1
misclassify,-0.04,sentibignomics_x0.1
miscommunication,-0.065,sentibignomics_x0.1
misconduct,-0.05,sentibignomics_x0.1
misdated,-0.025,sentibignomics_x0.1
misdeed,-0.05,sentibignomics_x0.1
misdemeanor,-0.045,sentibignomics_x0.1
misdirect,-0.05,sentibignomics_x0.1
miserable,-0.06,sentibignomics_x0.1
miserly,-0.045,sentibignomics_x0.1
misery,-0.065,sentibignomics_x0.1
misfeasance,-0.04,sentibignomics_x0.1
misfire,-0.045,sentibignomics_x0.1
misfortune,-0.045,sentibignomics_x0.1
misgiving,-0.04,sentibignomics_x0.1
mishandle,-0.05,sentibignomics_x0.1
mishap,-0.05,sentibignomics_x0.1
misinform,-0.04,sentibignomics_x0.1
misinformation,-0.05,sentibignomics_x0.1
misinterpret,-0.04,sentibignomics_x0.1
misinterpretation,-0.045,sentibignomics_x0.1
misjudge,-0.03,sentibignomics_x0.1
misjudgment,-0.04,sentibignomics_x0.1
mislabel,-0.03,sentibignomics_x0.1
mislead,-0.07,sentibignomics_x0.1
misleadingly,-0.04,sentibignomics_x0.1
mismanage,-0.04,sentibignomics_x0.1
mismanaged,-0.08,sentibignomics_x0.1
mismanagement,-0.05,sentibignomics_x0.1
mismatch,-0.03,sentibignomics_x0.1
misperceive,-0.04,sentibignomics_x0.1
misplace,-0.04,sentibignomics_x0.1
misprice,-0.035,sentibignomics_x0.1
mispricing,-0.045,sentibignomics_x0.1
misread,-0.04,sentibignomics_x0.1
misreport,-0.045,sentibignomics_x0.1
misrepresent,-0.06,sentibignomics_x0.1
misrepresentation,-0.05,sentibignomics_x0.1
miss,-0.025,sentibignomics_x0.1
misstate,-0.04,sentibignomics_x0.1
misstatement,-0.04,sentibignomics_x0.1
misstep,-0.03,sentibignomics_x0.1
mistake,-0.035,sentibignomics_x0.1
mistakenly,-0.035,sentibignomics_x0.1
mistreat,-0.055,sentibignomics_x0.1
mistrial,-0.03,sentibignomics_x0.1
mistrust,-0.065,sentibignomics_x0.1
misunderstand,-0.045,sentibignomics_x0.1
misuse,-0.04,sentibignomics_x0.1
mitigate,0.005,sentibignomics_x0.1
mix,0.0,sentibignomics_x0.1
moan,-0.045,sentibignomics_x0.1
mobile,0.0,sentibignomics_x0.1
mobilize,0.055,sentibignomics_x0.1
mock,-0.045,sentibignomics_x0.1
mode,0.0,sentibignomics_x0.1
model,0.0,sentibignomics_x0.1
moderate,0.0,sentibignomics_x0.1
modern,0.015,sentibignomics_x0.1
modernisation,0.04,sentibignomics_x0.1
modernization,0.03,sentibignomics_x0.1
modernize,0.05,sentibignomics_x0.1
modernized,0.025,sentibignomics_x0.1
modest,0.025,sentibignomics_x0.1
modicum,0.025,sentibignomics_x0.1
modification,0.015,sentibignomics_x0.1
modulate,0.04,sentibignomics_x0.1
mollify,0.005,sentibignomics_x0.1
moment,0.0,sentibignomics_x0.1
momentous,0.05,sentibignomics_x0.1
momentum,0.04,sentibignomics_x0.1
monetise,0.015,sentibignomics_x0.1
monetize,0.025,sentibignomics_x0.1
money,0.07,sentibignomics_x0.1
moneymaking,0.045,sentibignomics_x0.1
monitoring,0.0,sentibignomics_x0.1
monopolist,-0.06,sentibignomics_x0.1
monopolistic,-0.06,sentibignomics_x0.1
monopolization,-0.07,sentibignomics_x0.1
monopolize,-0.04,sentibignomics_x0.1
monopoly,-0.045,sentibignomics_x0.1
monster,-0.045,sentibignomics_x0.1
monstrous,-0.045,sentibignomics_x0.1
month,0.0,sentibignomics_x0.1
monthly,0.0,sentibignomics_x0.1
monumental,0.045,sentibignomics_x0.1
mood,0.0,sentibignomics_x0.1
moody,-0.035,sentibignomics_x0.1
moot,-0.04,sentibignomics_x0.1
moral,0.035,sentibignomics_x0.1
morass,-0.035,sentibignomics_x0.1
moratorium,-0.005,sentibignomics_x0.1
moreover,0.0,sentibignomics_x0.1
moribund,-0.04,sentibignomics_x0.1
morning,0.0,sentibignomics_x0.1
mortal,0.0,sentibignomics_x0.1
mortgage,0.0,sentibignomics_x0.1
mothball,0.0,sentibignomics_x0.1
motion,0.01,sentibignomics_x0.1
motivate,0.06,sentibignomics_x0.1
motivated,0.08,sentibignomics_x0.1
motivation,0.055,sentibignomics_x0.1
motley,0.0,sentibignomics_x0.1
motor,0.0,sentibignomics_x0.1
mound,-0.015,sentibignomics_x0.1
mount,0.03,sentibignomics_x0.1
move,0.015,sentibignomics_x0.1
movement,0.025,sentibignomics_x0.1
mover,0.0,sentibignomics_x0.1
much,0.01,sentibignomics_x0.1
muck,-0.04,sentibignomics_x0.1
mucky,-0.03,sentibignomics_x0.1
mud,-0.035,sentibignomics_x0.1
muddle,-0.035,sentibignomics_x0.1
muddled,-0.025,sentibignomics_x0.1
muddy,-0.04,sentibignomics_x0.1
mull,0.0,sentibignomics_x0.1
multiply,0.05,sentibignomics_x0.1
multitude,0.06,sentibignomics_x0.1
mummified,-0.025,sentibignomics_x0.1
munch,0.0,sentibignomics_x0.1
mundane,-0.025,sentibignomics_x0.1
murder,-0.1,sentibignomics_x0.1
murky,-0.07,sentibignomics_x0.1
muscular,0.06,sentibignomics_x0.1
muse,0.035,sentibignomics_x0.1
must,0.005,sentibignomics_x0.1
muster,0.0,sentibignomics_x0.1
mutandis,0.0,sentibignomics_x0.1
mutate,0.0,sentibignomics_x0.1
mute,-0.025,sentibignomics_x0.1
muted,-0.025,sentibignomics_x0.1
mutilate,-0.07,sentibignomics_x0.1
myopic,-0.01,sentibignomics_x0.1
myriad,0.05,sentibignomics_x0.1
mysterious,0.0,sentibignomics_x0.1
mystery,0.015,sentibignomics_x0.1
mystique,0.06,sentibignomics_x0.1
myth,-0.005,sentibignomics_x0.1
nab,0.0,sentibignomics_x0.1
nadir,-0.05,sentibignomics_x0.1
nag,-0.05,sentibignomics_x0.1
nagging,-0.04,sentibignomics_x0.1
nail,0.02,sentibignomics_x0.1
naive,-0.04,sentibignomics_x0.1
name,0.0,sentibignomics_x0.1
nameless,-0.03,sentibignomics_x0.1
narrow,-0.02,sentibignomics_x0.1
narrowing,-0.04,sentibignomics_x0.1
nascent,0.015,sentibignomics_x0.1
nasty,-0.075,sentibignomics_x0.1
nation,0.0,sentibignomics_x0.1
national,0.0,sentibignomics_x0.1
naughty,-0.04,sentibignomics_x0.1
near,0.0,sentibignomics_x0.1
nearly,0.0,sentibignomics_x0.1
neat,0.06,sentibignomics_x0.1
nebulous,-0.03,sentibignomics_x0.1
necessary,0.04,sentibignomics_x0.1
necessitate,0.015,sentibignomics_x0.1
necessity,0.045,sentibignomics_x0.1
need,0.0,sentibignomics_x0.1
needless,-0.035,sentibignomics_x0.1
needy,-0.02,sentibignomics_x0.1
nefarious,-0.04,sentibignomics_x0.1
negate,-0.035,sentibignomics_x0.1
neglect,-0.05,sentibignomics_x0.1
neglectful,-0.06,sentibignomics_x0.1
negligence,-0.07,sentibignomics_x0.1
negligences,-0.06,sentibignomics_x0.1
negligent,-0.08,sentibignomics_x0.1
negligently,-0.06,sentibignomics_x0.1
negligible,-0.04,sentibignomics_x0.1
negotiable,0.045,sentibignomics_x0.1
negotiate,0.05,sentibignomics_x0.1
negotiating,0.045,sentibignomics_x0.1
negotiation,0.05,sentibignomics_x0.1
nerve,0.0,sentibignomics_x0.1
nervous,-0.035,sentibignomics_x0.1
nervousness,-0.04,sentibignomics_x0.1
nervy,-0.04,sentibignomics_x0.1
nest,0.015,sentibignomics_x0.1
nestle,0.0,sentibignomics_x0.1
net,0.02,sentibignomics_x0.1
neurotic,-0.04,sentibignomics_x0.1
neutral,0.0,sentibignomics_x0.1
neutrality,0.0,sentibignomics_x0.1
neutralize,0.0,sentibignomics_x0.1
never,-0.02,sentibignomics_x0.1
new,0.03,sentibignomics_x0.1
news,0.0,sentibignomics_x0.1
next,0.0,sentibignomics_x0.1
nice,0.035,sentibignomics_x0.1
nifty,0.055,sentibignomics_x0.1
nightmare,-0.08,sentibignomics_x0.1
nil,-0.015,sentibignomics_x0.1
nimble,0.03,sentibignomics_x0.1
nip,-0.005,sentibignomics_x0.1
noble,0.06,sentibignomics_x0.1
noise,-0.025,sentibignomics_x0.1
noisy,-0.035,sentibignomics_x0.1
non-performing,-0.035,sentibignomics_x0.1
noncompete,-0.005,sentibignomics_x0.1
noncompetitive,-0.025,sentibignomics_x0.1
noncompliance,-0.04,sentibignomics_x0.1
noncompliant,-0.06,sentibignomics_x0.1
noncomplying,-0.04,sentibignomics_x0.1
nonconforming,-0.03,sentibignomics_x0.1
nonconformity,-0.015,sentibignomics_x0.1
noncontingent,-0.02,sentibignomics_x0.1
noncontract,-0.005,sentibignomics_x0.1
noncontributory,-0.04,sentibignomics_x0.1
nondisclosure,0.0,sentibignomics_x0.1
nondurable,-0.035,sentibignomics_x0.1
nonessential,-0.04,sentibignomics_x0.1
nonexistent,-0.03,sentibignomics_x0.1
nonfeasance,-0.075,sentibignomics_x0.1
nonfunctional,-0.07,sentibignomics_x0.1
nonjudicial,0.0,sentibignomics_x0.1
nonjudicially,-0.035,sentibignomics_x0.1
nonpayment,-0.055,sentibignomics_x0.1
nonperformance,-0.05,sentibignomics_x0.1
nonperformances,-0.04,sentibignomics_x0.1
nonperforming,-0.05,sentibignomics_x0.1
nonproductive,-0.05,sentibignomics_x0.1
norm,0.01,sentibignomics_x0.1
normal,0.01,sentibignomics_x0.1
normalize,0.055,sentibignomics_x0.1
north,0.0,sentibignomics_x0.1
nosedive,-0.085,sentibignomics_x0.1
notable,0.05,sentibignomics_x0.1
notarial,0.0,sentibignomics_x0.1
notarize,0.0,sentibignomics_x0.1
notary,0.0,sentibignomics_x0.1
note,0.0,sentibignomics_x0.1
notorious,0.0,sentibignomics_x0.1
notwithstanding,0.0,sentibignomics_x0.1
novel,0.035,sentibignomics_x0.1
nuanced,0.045,sentibignomics_x0.1
nudge,0.0,sentibignomics_x0.1
nuisance,-0.035,sentibignomics_x0.1
nullification,-0.03,sentibignomics_x0.1
nullify,-0.03,sentibignomics_x0.1
nullity,-0.03,sentibignomics_x0.1
numb,-0.005,sentibignomics_x0.1
numerous,0.01,sentibignomics_x0.1
nurture,0.06,sentibignomics_x0.1
obesity,-0.06,sentibignomics_x0.1
obey,0.035,sentibignomics_x0.1
object,0.0,sentibignomics_x0.1
objection,-0.03,sentibignomics_x0.1
objectionable,-0.035,sentibignomics_x0.1
objectionably,-0.035,sentibignomics_x0.1
obligate,-0.015,sentibignomics_x0.1
obligation,0.0,sentibignomics_x0.1
obligatory,0.0,sentibignomics_x0.1
oblige,0.02,sentibignomics_x0.1
obliterate,-0.055,sentibignomics_x0.1
oblivion,-0.07,sentibignomics_x0.1
obscene,-0.035,sentibignomics_x0.1
obscenity,-0.045,sentibignomics_x0.1
obscure,-0.025,sentibignomics_x0.1
obscurity,-0.02,sentibignomics_x0.1
obsess,-0.03,sentibignomics_x0.1
obsessed,-0.035,sentibignomics_x0.1
obsession,-0.025,sentibignomics_x0.1
obsessive,-0.045,sentibignomics_x0.1
obsolescence,-0.055,sentibignomics_x0.1
obsolete,-0.045,sentibignomics_x0.1
obstruct,-0.055,sentibignomics_x0.1
obstruction,-0.06,sentibignomics_x0.1
obtain,0.065,sentibignomics_x0.1
obvious,0.0,sentibignomics_x0.1
occasionally,0.0,sentibignomics_x0.1
occupation,0.0,sentibignomics_x0.1
occupier,0.0,sentibignomics_x0.1
oddity,-0.025,sentibignomics_x0.1
odious,-0.08,sentibignomics_x0.1
off,-0.035,sentibignomics_x0.1
offbeat,0.0,sentibignomics_x0.1
offence,-0.05,sentibignomics_x0.1
offend,-0.03,sentibignomics_x0.1
offender,-0.045,sentibignomics_x0.1
offense,-0.045,sentibignomics_x0.1
offensive,-0.065,sentibignomics_x0.1
offer,0.035,sentibignomics_x0.1
offeror,0.0,sentibignomics_x0.1
office,0.0,sentibignomics_x0.1
official,0.025,sentibignomics_x0.1
offing,0.005,sentibignomics_x0.1
offload,-0.01,sentibignomics_x0.1
offseason,0.0,sentibignomics_x0.1
offset,-0.005,sentibignomics_x0.1
offshore,0.0,sentibignomics_x0.1
oil,0.01,sentibignomics_x0.1
oily,-0.025,sentibignomics_x0.1
okay,0.025,sentibignomics_x0.1
old,-0.03,sentibignomics_x0.1
oligopoly,-0.02,sentibignomics_x0.1
omission,-0.03,sentibignomics_x0.1
omit,-0.03,sentibignomics_x0.1
omnipresent,0.005,sentibignomics_x0.1
onerous,-0.02,sentibignomics_x0.1
only,0.0,sentibignomics_x0.1
onslaught,-0.06,sentibignomics_x0.1
opaque,-0.035,sentibignomics_x0.1
open,0.045,sentibignomics_x0.1
opening,0.05,sentibignomics_x0.1
openness,0.045,sentibignomics_x0.1
operate,0.0,sentibignomics_x0.1
operatic,0.0,sentibignomics_x0.1
operation,0.01,sentibignomics_x0.1
opponent,-0.015,sentibignomics_x0.1
opportunistic,0.015,sentibignomics_x0.1
opportunistically,0.015,sentibignomics_x0.1
oppose,-0.03,sentibignomics_x0.1
opposite,-0.02,sentibignomics_x0.1
opposition,-0.02,sentibignomics_x0.1
oppress,-0.05,sentibignomics_x0.1
oppressive,-0.07,sentibignomics_x0.1
optimal,0.05,sentibignomics_x0.1
optimism,0.07,sentibignomics_x0.1
optimistic,0.06,sentibignomics_x0.1
optimize,0.06,sentibignomics_x0.1
optimum,0.09,sentibignomics_x0.1
option,0.045,sentibignomics_x0.1
opulent,0.08,sentibignomics_x0.1
orchestrate,0.0,sentibignomics_x0.1
order,0.0,sentibignomics_x0.1
orderly,0.045,sentibignomics_x0.1
orders,0.005,sentibignomics_x0.1
ordinarily,0.005,sentibignomics_x0.1
organisation,0.0,sentibignomics_x0.1
organization,0.0,sentibignomics_x0.1
organized,0.05,sentibignomics_x0.1
orientate,0.015,sentibignomics_x0.1
original,0.0,sentibignomics_x0.1
originate,0.01,sentibignomics_x0.1
oscillate,0.0,sentibignomics_x0.1
ostensible,0.0,sentibignomics_x0.1
oust,-0.04,sentibignomics_x0.1
ouster,-0.03,sentibignomics_x0.1
outage,-0.04,sentibignomics_x0.1
outbid,-0.02,sentibignomics_x0.1
outbreak,-0.075,sentibignomics_x0.1
outburst,-0.055,sentibignomics_x0.1
outcome,0.0,sentibignomics_x0.1
outcry,-0.04,sentibignomics_x0.1
outdate,-0.03,sentibignomics_x0.1
outdo,-0.01,sentibignomics_x0.1
outflank,-0.005,sentibignomics_x0.1
outflow,0.02,sentibignomics_x0.1
outgoing,0.03,sentibignomics_x0.1
outgrow,0.035,sentibignomics_x0.1
outgrowth,0.0,sentibignomics_x0.1
outlandish,-0.055,sentibignomics_x0.1
outlast,0.03,sentibignomics_x0.1
outlaw,-0.035,sentibignomics_x0.1
outlier,-0.01,sentibignomics_x0.1
outlook,0.0,sentibignomics_x0.1
outlying,0.0,sentibignomics_x0.1
outmaneuver,0.035,sentibignomics_x0.1
outmoded,-0.03,sentibignomics_x0.1
outnumber,-0.03,sentibignomics_x0.1
outpace,0.04,sentibignomics_x0.1
outperform,0.065,sentibignomics_x0.1
output,0.0,sentibignomics_x0.1
outrage,-0.07,sentibignomics_x0.1
outraged,-0.07,sentibignomics_x0.1
outrageous,-0.035,sentibignomics_x0.1
outrank,0.025,sentibignomics_x0.1
outright,0.0,sentibignomics_x0.1
outrun,0.045,sentibignomics_x0.1
outsell,0.07,sentibignomics_x0.1
outsize,-0.005,sentibignomics_x0.1
outsized,-0.025,sentibignomics_x0.1
outsmart,0.025,sentibignomics_x0.1
outsource,0.0,sentibignomics_x0.1
outsourcing,0.005,sentibignomics_x0.1
outspend,-0.015,sentibignomics_x0.1
outspent,0.005,sentibignomics_x0.1
outstanding,0.075,sentibignomics_x0.1
outstrip,-0.025,sentibignomics_x0.1
outweigh,-0.01,sentibignomics_x0.1
outwit,0.04,sentibignomics_x0.1
overage,0.015,sentibignomics_x0.1
overall,0.0,sentibignomics_x0.1
overarching,-0.015,sentibignomics_x0.1
overbearing,-0.055,sentibignomics_x0.1
overbill,-0.07,sentibignomics_x0.1
overblown,-0.04,sentibignomics_x0.1
overbought,-0.03,sentibignomics_x0.1
overbuild,-0.025,sentibignomics_x0.1
overbuilding,-0.02,sentibignomics_x0.1
overbuilds,-0.025,sentibignomics_x0.1
overbuilt,-0.02,sentibignomics_x0.1
overburden,-0.055,sentibignomics_x0.1
overcapacity,-0.07,sentibignomics_x0.1
overcharge,-0.04,sentibignomics_x0.1
overcharging,-0.05,sentibignomics_x0.1
overcome,0.06,sentibignomics_x0.1
overcrowded,-0.04,sentibignomics_x0.1
overcrowding,-0.035,sentibignomics_x0.1
overdo,-0.04,sentibignomics_x0.1
overdose,-0.065,sentibignomics_x0.1
overdraft,-0.05,sentibignomics_x0.1
overdrawn,-0.045,sentibignomics_x0.1
overdrive,0.035,sentibignomics_x0.1
overdue,-0.045,sentibignomics_x0.1
overestimate,-0.025,sentibignomics_x0.1
overestimation,-0.01,sentibignomics_x0.1
overexpand,-0.04,sentibignomics_x0.1
overexpose,-0.04,sentibignomics_x0.1
overextend,-0.035,sentibignomics_x0.1
overextended,-0.03,sentibignomics_x0.1
overfunded,-0.01,sentibignomics_x0.1
overgrown,-0.035,sentibignomics_x0.1
overhaul,0.02,sentibignomics_x0.1
overheat,-0.045,sentibignomics_x0.1
overheated,-0.04,sentibignomics_x0.1
overlap,0.005,sentibignomics_x0.1
overlapping,-0.01,sentibignomics_x0.1
overleveraged,-0.05,sentibignomics_x0.1
overload,-0.045,sentibignomics_x0.1
overlook,-0.03,sentibignomics_x0.1
overpay,-0.035,sentibignomics_x0.1
overpayment,-0.025,sentibignomics_x0.1
overpower,0.025,sentibignomics_x0.1
overprice,-0.05,sentibignomics_x0.1
overpriced,-0.035,sentibignomics_x0.1
overproduce,-0.04,sentibignomics_x0.1
overproduction,-0.04,sentibignomics_x0.1
overpromise,-0.03,sentibignomics_x0.1
overreach,-0.035,sentibignomics_x0.1
overreact,-0.06,sentibignomics_x0.1
overregulate,-0.02,sentibignomics_x0.1
override,0.0,sentibignomics_x0.1
overrule,-0.015,sentibignomics_x0.1
overrun,-0.03,sentibignomics_x0.1
oversaturated,-0.03,sentibignomics_x0.1
overseas,0.0,sentibignomics_x0.1
oversee,0.01,sentibignomics_x0.1
oversell,-0.035,sentibignomics_x0.1
overshadow,-0.02,sentibignomics_x0.1
overshoot,-0.03,sentibignomics_x0.1
oversight,0.06,sentibignomics_x0.1
oversize,-0.005,sentibignomics_x0.1
oversized,-0.03,sentibignomics_x0.1
overspend,-0.06,sentibignomics_x0.1
overstaffed,-0.045,sentibignomics_x0.1
overstate,0.0,sentibignomics_x0.1
overstated,-0.02,sentibignomics_x0.1
overstatement,-0.01,sentibignomics_x0.1
overstep,-0.04,sentibignomics_x0.1
overstock,-0.05,sentibignomics_x0.1
overstretch,-0.035,sentibignomics_x0.1
overstretched,-0.04,sentibignomics_x0.1
oversubscribed,-0.02,sentibignomics_x0.1
oversupplied,-0.035,sentibignomics_x0.1
oversupply,-0.015,sentibignomics_x0.1
overt,0.03,sentibignomics_x0.1
overtake,0.0,sentibignomics_x0.1
overtax,-0.065,sentibignomics_x0.1
overthrow,-0.035,sentibignomics_x0.1
overtly,-0.01,sentibignomics_x0.1
overturn,-0.05,sentibignomics_x0.1
overvaluation,-0.045,sentibignomics_x0.1
overvalue,-0.035,sentibignomics_x0.1
overweight,-0.04,sentibignomics_x0.1
overwhelm,-0.035,sentibignomics_x0.1
overwhelmed,-0.05,sentibignomics_x0.1
overwhelming,-0.04,sentibignomics_x0.1
overwork,-0.05,sentibignomics_x0.1
overworked,-0.045,sentibignomics_x0.1
overwrought,-0.04,sentibignomics_x0.1
overzealous,-0.03,sentibignomics_x0.1
owe,-0.01,sentibignomics_x0.1
paced,0.04,sentibignomics_x0.1
pacify,0.015,sentibignomics_x0.1
packed,-0.015,sentibignomics_x0.1
padded,0.03,sentibignomics_x0.1
pain,-0.075,sentibignomics_x0.1
painful,-0.055,sentibignomics_x0.1
painless,0.0,sentibignomics_x0.1
painstaking,-0.045,sentibignomics_x0.1
pal,0.03,sentibignomics_x0.1
palatable,0.02,sentibignomics_x0.1
pale,-0.01,sentibignomics_x0.1
palpable,0.03,sentibignomics_x0.1
paltry,-0.04,sentibignomics_x0.1
pamper,0.04,sentibignomics_x0.1
pampered,0.035,sentibignomics_x0.1
panache,0.0,sentibignomics_x0.1
pandemic,-0.07,sentibignomics_x0.1
pander,-0.02,sentibignomics_x0.1
panic,-0.065,sentibignomics_x0.1
panicked,-0.08,sentibignomics_x0.1
panicky,-0.065,sentibignomics_x0.1
pant,-0.01,sentibignomics_x0.1
paper,0.0,sentibignomics_x0.1
para,0.0,sentibignomics_x0.1
parachute,0.015,sentibignomics_x0.1
paralysis,-0.055,sentibignomics_x0.1
paralyze,-0.04,sentibignomics_x0.1
paralyzed,-0.06,sentibignomics_x0.1
paramount,0.04,sentibignomics_x0.1
pari,0.0,sentibignomics_x0.1
parliament,0.0,sentibignomics_x0.1
parlous,-0.04,sentibignomics_x0.1
part,0.0,sentibignomics_x0.1
participate,0.06,sentibignomics_x0.1
participation,0.05,sentibignomics_x0.1
particular,0.0,sentibignomics_x0.1
partner,0.015,sentibignomics_x0.1
partnership,0.01,sentibignomics_x0.1
passion,0.05,sentibignomics_x0.1
passionate,0.075,sentibignomics_x0.1
passive,0.0,sentibignomics_x0.1
passu,0.0,sentibignomics_x0.1
past,0.0,sentibignomics_x0.1
patch,0.035,sentibignomics_x0.1
patchy,-0.04,sentibignomics_x0.1
patentee,0.0,sentibignomics_x0.1
pathetic,-0.065,sentibignomics_x0.1
patience,0.05,sentibignomics_x0.1
patient,0.015,sentibignomics_x0.1
patriotism,0.02,sentibignomics_x0.1
patronage,0.035,sentibignomics_x0.1
patronize,-0.035,sentibignomics_x0.1
pattern,0.0,sentibignomics_x0.1
paucity,-0.045,sentibignomics_x0.1
pause,0.0,sentibignomics_x0.1
pay,0.0,sentibignomics_x0.1
payoff,0.035,sentibignomics_x0.1
payout,0.01,sentibignomics_x0.1
peace,0.07,sentibignomics_x0.1
peaceful,0.07,sentibignomics_x0.1
peak,0.09,sentibignomics_x0.1
peculiar,-0.02,sentibignomics_x0.1
pecuniarily,-0.005,sentibignomics_x0.1
peddling,0.0,sentibignomics_x0.1
pedigree,0.055,sentibignomics_x0.1
peel,0.0,sentibignomics_x0.1
peer,0.0,sentibignomics_x0.1
peerage,0.0,sentibignomics_x0.1
peg,0.0,sentibignomics_x0.1
penal,-0.03,sentibignomics_x0.1
penalize,-0.04,sentibignomics_x0.1
pend,0.0,sentibignomics_x0.1
penetrate,0.025,sentibignomics_x0.1
penetration,0.03,sentibignomics_x0.1
penniless,-0.1,sentibignomics_x0.1
people,0.0,sentibignomics_x0.1
perceive,0.005,sentibignomics_x0.1
percentage,0.0,sentibignomics_x0.1
perception,0.035,sentibignomics_x0.1
perfect,0.1,sentibignomics_x0.1
perfection,0.06,sentibignomics_x0.1
perfectly,0.09,sentibignomics_x0.1
perform,0.06,sentibignomics_x0.1
performer,0.055,sentibignomics_x0.1
performing,0.055,sentibignomics_x0.1
perhaps,0.0,sentibignomics_x0.1
peril,-0.055,sentibignomics_x0.1
perilous,-0.025,sentibignomics_x0.1
period,0.0,sentibignomics_x0.1
peripheral,0.0,sentibignomics_x0.1
perish,-0.08,sentibignomics_x0.1
perishable,-0.03,sentibignomics_x0.1
perjury,-0.075,sentibignomics_x0.1
perk,0.045,sentibignomics_x0.1
perky,0.03,sentibignomics_x0.1
permanent,0.0,sentibignomics_x0.1
permeate,0.025,sentibignomics_x0.1
permissible,0.04,sentibignomics_x0.1
permission,0.02,sentibignomics_x0.1
permit,0.02,sentibignomics_x0.1
pernicious,-0.05,sentibignomics_x0.1
perpetrate,-0.04,sentibignomics_x0.1
perpetration,-0.045,sentibignomics_x0.1
perpetual,0.03,sentibignomics_x0.1
perpetuate,0.005,sentibignomics_x0.1
perplex,-0.02,sentibignomics_x0.1
persecute,-0.045,sentibignomics_x0.1
persevere,0.04,sentibignomics_x0.1
persist,0.025,sentibignomics_x0.1
persistence,0.04,sentibignomics_x0.1
persistent,0.04,sentibignomics_x0.1
persistently,0.04,sentibignomics_x0.1
personalize,0.04,sentibignomics_x0.1
persuade,0.02,sentibignomics_x0.1
persuasion,0.03,sentibignomics_x0.1
persuasive,0.04,sentibignomics_x0.1
pervade,-0.015,sentibignomics_x0.1
pervasive,-0.01,sentibignomics_x0.1
pervasively,-0.04,sentibignomics_x0.1
pervasiveness,0.0,sentibignomics_x0.1
perverse,-0.03,sentibignomics_x0.1
pesky,-0.04,sentibignomics_x0.1
pessimism,-0.045,sentibignomics_x0.1
pessimistic,-0.06,sentibignomics_x0.1
pest,-0.035,sentibignomics_x0.1
petition,0.0,sentibignomics_x0.1
petitioner,0.0,sentibignomics_x0.1
petty,-0.04,sentibignomics_x0.1
phantom,-0.025,sentibignomics_x0.1
phase,0.0,sentibignomics_x0.1
phenomenal,0.08,sentibignomics_x0.1
philanthropic,0.07,sentibignomics_x0.1
phony,-0.07,sentibignomics_x0.1
pick,0.015,sentibignomics_x0.1
picket,0.0,sentibignomics_x0.1
picking,0.0,sentibignomics_x0.1
picky,-0.05,sentibignomics_x0.1
picture,0.0,sentibignomics_x0.1
picturesque,0.065,sentibignomics_x0.1
piecemeal,-0.01,sentibignomics_x0.1
piercing,-0.025,sentibignomics_x0.1
pilfer,-0.04,sentibignomics_x0.1
piling,-0.005,sentibignomics_x0.1
pillage,-0.05,sentibignomics_x0.1
pillar,0.04,sentibignomics_x0.1
pimp,-0.035,sentibignomics_x0.1
pinch,-0.05,sentibignomics_x0.1
pioneer,0.055,sentibignomics_x0.1
pioneering,0.04,sentibignomics_x0.1
pique,-0.025,sentibignomics_x0.1
piracy,-0.035,sentibignomics_x0.1
pit,-0.015,sentibignomics_x0.1
pitch,0.01,sentibignomics_x0.1
pitfall,-0.05,sentibignomics_x0.1
pitiful,-0.07,sentibignomics_x0.1
pittance,-0.03,sentibignomics_x0.1
pity,-0.05,sentibignomics_x0.1
pivot,0.0,sentibignomics_x0.1
placate,0.005,sentibignomics_x0.1
place,0.0,sentibignomics_x0.1
placid,-0.01,sentibignomics_x0.1
plague,-0.05,sentibignomics_x0.1
plain,0.0,sentibignomics_x0.1
plaintiff,0.0,sentibignomics_x0.1
plant,0.0,sentibignomics_x0.1
plateau,-0.015,sentibignomics_x0.1
plausible,0.02,sentibignomics_x0.1
play,0.0,sentibignomics_x0.1
plea,-0.005,sentibignomics_x0.1
plead,-0.01,sentibignomics_x0.1
pleasant,0.06,sentibignomics_x0.1
pleasantly,0.04,sentibignomics_x0.1
please,0.03,sentibignomics_x0.1
pleasing,0.07,sentibignomics_x0.1
pleasure,0.065,sentibignomics_x0.1
pledge,0.02,sentibignomics_x0.1
plentiful,0.07,sentibignomics_x0.1
plenty,0.05,sentibignomics_x0.1
plight,-0.02,sentibignomics_x0.1
plod,-0.03,sentibignomics_x0.1
plodding,-0.03,sentibignomics_x0.1
plow,-0.01,sentibignomics_x0.1
ploy,-0.04,sentibignomics_x0.1
pluck,-0.005,sentibignomics_x0.1
plucky,0.02,sentibignomics_x0.1
plug,0.01,sentibignomics_x0.1
plummet,-0.08,sentibignomics_x0.1
plump,0.025,sentibignomics_x0.1
plunder,-0.065,sentibignomics_x0.1
plunge,-0.07,sentibignomics_x0.1
plunk,-0.04,sentibignomics_x0.1
plus,0.05,sentibignomics_x0.1
poach,-0.015,sentibignomics_x0.1
poignant,-0.045,sentibignomics_x0.1
point,0.005,sentibignomics_x0.1
pointless,-0.05,sentibignomics_x0.1
poise,0.03,sentibignomics_x0.1
poison,-0.08,sentibignomics_x0.1
poisoning,-0.09,sentibignomics_x0.1
poking,0.0,sentibignomics_x0.1
polarize,-0.01,sentibignomics_x0.1
policing,0.015,sentibignomics_x0.1
policy,0.0,sentibignomics_x0.1
policyholder,0.03,sentibignomics_x0.1
polish,0.055,sentibignomics_x0.1
polished,0.055,sentibignomics_x0.1
polite,0.05,sentibignomics_x0.1
polluted,-0.065,sentibignomics_x0.1
polluting,-0.075,sentibignomics_x0.1
ponder,0.0,sentibignomics_x0.1
ponderous,-0.015,sentibignomics_x0.1
pooling,0.04,sentibignomics_x0.1
poor,-0.06,sentibignomics_x0.1
poorly,-0.06,sentibignomics_x0.1
popular,0.045,sentibignomics_x0.1
popularity,0.06,sentibignomics_x0.1
popularize,0.04,sentibignomics_x0.1
populate,0.02,sentibignomics_x0.1
portend,-0.01,sentibignomics_x0.1
portion,0.0,sentibignomics_x0.1
pose,0.0,sentibignomics_x0.1
positively,0.065,sentibignomics_x0.1
possess,0.005,sentibignomics_x0.1
possession,0.015,sentibignomics_x0.1
possessory,0.0,sentibignomics_x0.1
possibility,0.02,sentibignomics_x0.1
possible,0.02,sentibignomics_x0.1
possibly,0.015,sentibignomics_x0.1
post,0.0,sentibignomics_x0.1
postpone,-0.025,sentibignomics_x0.1
postponement,-0.03,sentibignomics_x0.1
potency,0.035,sentibignomics_x0.1
potent,0.03,sentibignomics_x0.1
potential,0.05,sentibignomics_x0.1
pounce,-0.025,sentibignomics_x0.1
pound,0.0,sentibignomics_x0.1
pour,0.015,sentibignomics_x0.1
poverty,-0.06,sentibignomics_x0.1
power,0.04,sentibignomics_x0.1
powered,0.07,sentibignomics_x0.1
powerful,0.055,sentibignomics_x0.1
powerhouse,0.06,sentibignomics_x0.1
powerless,-0.05,sentibignomics_x0.1
practical,0.055,sentibignomics_x0.1
practice,0.04,sentibignomics_x0.1
praise,0.075,sentibignomics_x0.1
pray,0.035,sentibignomics_x0.1
preannounce,0.02,sentibignomics_x0.1
prearrange,0.02,sentibignomics_x0.1
precarious,-0.04,sentibignomics_x0.1
precaution,0.0,sentibignomics_x0.1
precautionary,0.01,sentibignomics_x0.1
precious,0.06,sentibignomics_x0.1
precipice,0.0,sentibignomics_x0.1
precipitate,0.02,sentibignomics_x0.1
precipitous,-0.02,sentibignomics_x0.1
precipitously,-0.045,sentibignomics_x0.1
precise,0.06,sentibignomics_x0.1
precision,0.07,sentibignomics_x0.1
preclude,0.0,sentibignomics_x0.1
precondition,0.0,sentibignomics_x0.1
predate,0.0,sentibignomics_x0.1
predator,-0.08,sentibignomics_x0.1
predatory,-0.055,sentibignomics_x0.1
predecease,-0.05,sentibignomics_x0.1
predicament,-0.03,sentibignomics_x0.1
predict,0.0,sentibignomics_x0.1
predictability,0.025,sentibignomics_x0.1
predictable,0.05,sentibignomics_x0.1
prediction,0.0,sentibignomics_x0.1
predictive,0.025,sentibignomics_x0.1
predictor,0.005,sentibignomics_x0.1
predominant,0.015,sentibignomics_x0.1
predominate,0.04,sentibignomics_x0.1
preeminence,0.025,sentibignomics_x0.1
preeminent,0.045,sentibignomics_x0.1
preempt,0.0,sentibignomics_x0.1
preemptive,0.015,sentibignomics_x0.1
prefer,0.0,sentibignomics_x0.1
preferable,0.04,sentibignomics_x0.1
preferential,0.005,sentibignomics_x0.1
preferred,0.06,sentibignomics_x0.1
prejudice,-0.035,sentibignomics_x0.1
prejudicial,-0.03,sentibignomics_x0.1
preliminarily,0.0,sentibignomics_x0.1
preliminary,0.0,sentibignomics_x0.1
premature,-0.03,sentibignomics_x0.1
prematurely,-0.02,sentibignomics_x0.1
premier,0.04,sentibignomics_x0.1
premiere,0.03,sentibignomics_x0.1
premium,0.04,sentibignomics_x0.1
preoccupation,-0.005,sentibignomics_x0.1
preoccupy,0.0,sentibignomics_x0.1
prepare,0.04,sentibignomics_x0.1
prepayment,0.025,sentibignomics_x0.1
preposterous,-0.05,sentibignomics_x0.1
preretirement,0.005,sentibignomics_x0.1
presage,-0.025,sentibignomics_x0.1
presence,0.0,sentibignomics_x0.1
present,0.01,sentibignomics_x0.1
preserve,0.075,sentibignomics_x0.1
preset,0.0,sentibignomics_x0.1
press,0.0,sentibignomics_x0.1
pressing,0.0,sentibignomics_x0.1
pressure,-0.03,sentibignomics_x0.1
pressured,-0.04,sentibignomics_x0.1
pressurize,-0.005,sentibignomics_x0.1
prestige,0.065,sentibignomics_x0.1
prestigious,0.05,sentibignomics_x0.1
presumably,0.0,sentibignomics_x0.1
presume,0.0,sentibignomics_x0.1
presumption,0.0,sentibignomics_x0.1
presumptively,0.005,sentibignomics_x0.1
pretend,-0.075,sentibignomics_x0.1
pretentious,-0.035,sentibignomics_x0.1
pretext,-0.005,sentibignomics_x0.1
pretrial,0.0,sentibignomics_x0.1
pretty,0.06,sentibignomics_x0.1
prevail,0.07,sentibignomics_x0.1
prevalent,0.045,sentibignomics_x0.1
prevent,0.0,sentibignomics_x0.1
prevention,0.01,sentibignomics_x0.1
preventive,0.045,sentibignomics_x0.1
preview,0.02,sentibignomics_x0.1
previous,0.0,sentibignomics_x0.1
previously,0.0,sentibignomics_x0.1
prey,-0.04,sentibignomics_x0.1
price,0.0,sentibignomics_x0.1
priceless,0.055,sentibignomics_x0.1
pricey,-0.05,sentibignomics_x0.1
prick,-0.02,sentibignomics_x0.1
prickly,-0.05,sentibignomics_x0.1
pricy,-0.045,sentibignomics_x0.1
pride,0.04,sentibignomics_x0.1
prim,0.025,sentibignomics_x0.1
prima,0.01,sentibignomics_x0.1
primary,0.04,sentibignomics_x0.1
primate,0.01,sentibignomics_x0.1
principle,0.02,sentibignomics_x0.1
prioritize,0.035,sentibignomics_x0.1
priority,0.045,sentibignomics_x0.1
prise,0.03,sentibignomics_x0.1
prison,-0.05,sentibignomics_x0.1
prisoner,-0.055,sentibignomics_x0.1
pristine,0.07,sentibignomics_x0.1
private,0.0,sentibignomics_x0.1
privatization,0.0,sentibignomics_x0.1
privatize,0.0,sentibignomics_x0.1
privilege,0.05,sentibignomics_x0.1
privileged,0.05,sentibignomics_x0.1
prize,0.05,sentibignomics_x0.1
proactive,0.06,sentibignomics_x0.1
proactively,0.05,sentibignomics_x0.1
probabilistic,0.0,sentibignomics_x0.1
probability,0.0,sentibignomics_x0.1
probable,0.015,sentibignomics_x0.1
probably,0.0,sentibignomics_x0.1
probate,0.0,sentibignomics_x0.1
probating,0.0,sentibignomics_x0.1
probation,-0.01,sentibignomics_x0.1
probationary,-0.04,sentibignomics_x0.1
probationer,-0.03,sentibignomics_x0.1
probe,-0.02,sentibignomics_x0.1
problem,-0.04,sentibignomics_x0.1
problematic,-0.05,sentibignomics_x0.1
problematical,-0.045,sentibignomics_x0.1
proceed,0.02,sentibignomics_x0.1
process,0.01,sentibignomics_x0.1
procure,0.02,sentibignomics_x0.1
prodding,0.0,sentibignomics_x0.1
prodigious,0.04,sentibignomics_x0.1
produce,0.035,sentibignomics_x0.1
producer,0.01,sentibignomics_x0.1
product,0.01,sentibignomics_x0.1
production,0.045,sentibignomics_x0.1
productive,0.075,sentibignomics_x0.1
productivity,0.07,sentibignomics_x0.1
profess,0.0,sentibignomics_x0.1
professional,0.07,sentibignomics_x0.1
proficiency,0.05,sentibignomics_x0.1
proficient,0.06,sentibignomics_x0.1
proficiently,0.065,sentibignomics_x0.1
profit,0.08,sentibignomics_x0.1
profitability,0.08,sentibignomics_x0.1
profitable,0.095,sentibignomics_x0.1
profitably,0.08,sentibignomics_x0.1
profiteer,0.015,sentibignomics_x0.1
profiteering,-0.04,sentibignomics_x0.1
profitless,-0.055,sentibignomics_x0.1
profligate,-0.05,sentibignomics_x0.1
profound,0.055,sentibignomics_x0.1
profusion,0.045,sentibignomics_x0.1
programme,0.0,sentibignomics_x0.1
progres,0.06,sentibignomics_x0.1
progression,0.075,sentibignomics_x0.1
progressive,0.07,sentibignomics_x0.1
prohibit,-0.055,sentibignomics_x0.1
prohibition,-0.05,sentibignomics_x0.1
prohibitive,-0.03,sentibignomics_x0.1
prohibitively,-0.035,sentibignomics_x0.1
prohibitory,-0.055,sentibignomics_x0.1
project,0.03,sentibignomics_x0.1
proliferate,0.05,sentibignomics_x0.1
proliferation,0.07,sentibignomics_x0.1
prolific,0.04,sentibignomics_x0.1
prolong,-0.005,sentibignomics_x0.1
prolongation,-0.02,sentibignomics_x0.1
prominence,0.05,sentibignomics_x0.1
prominent,0.035,sentibignomics_x0.1
promised,0.05,sentibignomics_x0.1
promising,0.055,sentibignomics_x0.1
promote,0.035,sentibignomics_x0.1
promotion,0.035,sentibignomics_x0.1
promotional,0.035,sentibignomics_x0.1
promulgate,0.0,sentibignomics_x0.1
promulgation,0.0,sentibignomics_x0.1
prone,-0.005,sentibignomics_x0.1
pronounce,0.0,sentibignomics_x0.1
prop,0.02,sentibignomics_x0.1
propaganda,-0.045,sentibignomics_x0.1
propagating,0.045,sentibignomics_x0.1
propel,0.08,sentibignomics_x0.1
propensity,0.0,sentibignomics_x0.1
proportion,0.0,sentibignomics_x0.1
proportionate,0.04,sentibignomics_x0.1
propose,0.015,sentibignomics_x0.1
proposition,0.0,sentibignomics_x0.1
prosecute,-0.06,sentibignomics_x0.1
prosecution,-0.035,sentibignomics_x0.1
prosecutor,0.0,sentibignomics_x0.1
prosecutorial,-0.025,sentibignomics_x0.1
prospect,0.045,sentibignomics_x0.1
prospective,0.045,sentibignomics_x0.1
prosper,0.07,sentibignomics_x0.1
prosperity,0.08,sentibignomics_x0.1
prosperous,0.085,sentibignomics_x0.1
protection,0.055,sentibignomics_x0.1
protectionism,0.04,sentibignomics_x0.1
protectionist,0.045,sentibignomics_x0.1
protective,0.04,sentibignomics_x0.1
protest,-0.005,sentibignomics_x0.1
protestation,-0.01,sentibignomics_x0.1
protester,0.0,sentibignomics_x0.1
protestor,-0.01,sentibignomics_x0.1
protract,0.0,sentibignomics_x0.1
protracted,0.0,sentibignomics_x0.1
protraction,-0.005,sentibignomics_x0.1
proud,0.095,sentibignomics_x0.1
provide,0.03,sentibignomics_x0.1
provider,0.04,sentibignomics_x0.1
provincial,0.0,sentibignomics_x0.1
proviso,0.0,sentibignomics_x0.1
provocation,-0.065,sentibignomics_x0.1
provocative,-0.055,sentibignomics_x0.1
provoke,-0.045,sentibignomics_x0.1
prowess,0.04,sentibignomics_x0.1
prowl,-0.005,sentibignomics_x0.1
prudence,0.035,sentibignomics_x0.1
prudent,0.02,sentibignomics_x0.1
prudential,0.035,sentibignomics_x0.1
prune,-0.015,sentibignomics_x0.1
pry,-0.035,sentibignomics_x0.1
public,0.0,sentibignomics_x0.1
publicize,0.02,sentibignomics_x0.1
publish,0.0,sentibignomics_x0.1
pull,0.0,sentibignomics_x0.1
pullback,-0.03,sentibignomics_x0.1
pullout,-0.025,sentibignomics_x0.1
pulse,0.0,sentibignomics_x0.1
pummel,-0.085,sentibignomics_x0.1
punchy,0.03,sentibignomics_x0.1
puncture,-0.03,sentibignomics_x0.1
punish,-0.05,sentibignomics_x0.1
punishable,-0.04,sentibignomics_x0.1
punishment,-0.055,sentibignomics_x0.1
punitive,-0.04,sentibignomics_x0.1
puny,-0.035,sentibignomics_x0.1
purchase,0.02,sentibignomics_x0.1
pure,0.055,sentibignomics_x0.1
purge,-0.06,sentibignomics_x0.1
purport,0.0,sentibignomics_x0.1
purported,0.0,sentibignomics_x0.1
purportedly,0.0,sentibignomics_x0.1
purpose,0.03,sentibignomics_x0.1
purposeful,0.065,sentibignomics_x0.1
purr,0.055,sentibignomics_x0.1
pursue,0.03,sentibignomics_x0.1
push,0.0,sentibignomics_x0.1
pushy,-0.05,sentibignomics_x0.1
put,0.0,sentibignomics_x0.1
puzzle,0.0,sentibignomics_x0.1
quadruple,0.055,sentibignomics_x0.1
quagmire,-0.035,sentibignomics_x0.1
quaint,0.02,sentibignomics_x0.1
quake,-0.055,sentibignomics_x0.1
qualified,0.07,sentibignomics_x0.1
quality,0.075,sentibignomics_x0.1
qualm,-0.01,sentibignomics_x0.1
quandary,-0.04,sentibignomics_x0.1
quarry,0.0,sentibignomics_x0.1
quarter,0.0,sentibignomics_x0.1
quarterly,0.0,sentibignomics_x0.1
quash,-0.05,sentibignomics_x0.1
queasy,-0.045,sentibignomics_x0.1
quell,-0.025,sentibignomics_x0.1
quench,0.03,sentibignomics_x0.1
quest,0.02,sentibignomics_x0.1
question,0.0,sentibignomics_x0.1
questionable,-0.02,sentibignomics_x0.1
questionably,-0.015,sentibignomics_x0.1
questioning,-0.01,sentibignomics_x0.1
queue,0.0,sentibignomics_x0.1
quibble,-0.025,sentibignomics_x0.1
quick,0.03,sentibignomics_x0.1
quicken,0.03,sentibignomics_x0.1
quicker,0.04,sentibignomics_x0.1
quiescent,0.0,sentibignomics_x0.1
quiet,-0.015,sentibignomics_x0.1
quip,0.0,sentibignomics_x0.1
quirky,0.025,sentibignomics_x0.1
quit,-0.07,sentibignomics_x0.1
rack,-0.025,sentibignomics_x0.1
racketeer,-0.06,sentibignomics_x0.1
racketeering,-0.08,sentibignomics_x0.1
racy,-0.04,sentibignomics_x0.1
radical,0.03,sentibignomics_x0.1
rage,-0.05,sentibignomics_x0.1
ragged,-0.045,sentibignomics_x0.1
raid,-0.07,sentibignomics_x0.1
raise,0.04,sentibignomics_x0.1
raising,0.05,sentibignomics_x0.1
rally,0.03,sentibignomics_x0.1
rambling,-0.025,sentibignomics_x0.1
rampage,-0.04,sentibignomics_x0.1
rampant,0.0,sentibignomics_x0.1
random,0.0,sentibignomics_x0.1
randomize,0.0,sentibignomics_x0.1
randomly,0.0,sentibignomics_x0.1
range,0.01,sentibignomics_x0.1
ransack,-0.075,sentibignomics_x0.1
ransom,-0.045,sentibignomics_x0.1
rapacious,-0.02,sentibignomics_x0.1
rapid,0.045,sentibignomics_x0.1
rare,0.005,sentibignomics_x0.1
rarefied,0.03,sentibignomics_x0.1
rarity,0.03,sentibignomics_x0.1
rash,-0.05,sentibignomics_x0.1
rat,-0.055,sentibignomics_x0.1
rata,0.0,sentibignomics_x0.1
ratable,0.0,sentibignomics_x0.1
ratably,0.0,sentibignomics_x0.1
rate,0.0,sentibignomics_x0.1
rational,0.03,sentibignomics_x0.1
rationalization,0.01,sentibignomics_x0.1
rationalize,0.04,sentibignomics_x0.1
rationing,-0.005,sentibignomics_x0.1
raucous,-0.045,sentibignomics_x0.1
raunchy,-0.065,sentibignomics_x0.1
ravage,-0.04,sentibignomics_x0.1
rave,0.02,sentibignomics_x0.1
ravishing,0.045,sentibignomics_x0.1
raw,0.005,sentibignomics_x0.1
ray,0.025,sentibignomics_x0.1
raze,-0.005,sentibignomics_x0.1
razor,-0.015,sentibignomics_x0.1
reach,0.02,sentibignomics_x0.1
react,0.02,sentibignomics_x0.1
reaction,0.0,sentibignomics_x0.1
reactionary,-0.01,sentibignomics_x0.1
reactivate,0.03,sentibignomics_x0.1
reactive,0.03,sentibignomics_x0.1
read,0.0,sentibignomics_x0.1
readiness,0.025,sentibignomics_x0.1
readjust,0.035,sentibignomics_x0.1
ready,0.035,sentibignomics_x0.1
reaffirm,0.035,sentibignomics_x0.1
real,0.03,sentibignomics_x0.1
realign,0.03,sentibignomics_x0.1
realise,0.0,sentibignomics_x0.1
realize,0.02,sentibignomics_x0.1
reallocate,0.035,sentibignomics_x0.1
realm,0.01,sentibignomics_x0.1
reap,0.035,sentibignomics_x0.1
reappraise,0.01,sentibignomics_x0.1
rearrange,0.005,sentibignomics_x0.1
reason,0.0,sentibignomics_x0.1
reasonable,0.06,sentibignomics_x0.1
reasoning,0.04,sentibignomics_x0.1
reassess,0.02,sentibignomics_x0.1
reassessment,0.005,sentibignomics_x0.1
reassign,0.0,sentibignomics_x0.1
reassignment,0.0,sentibignomics_x0.1
reassurance,0.05,sentibignomics_x0.1
reassure,0.04,sentibignomics_x0.1
reassuring,0.05,sentibignomics_x0.1
reawaken,0.04,sentibignomics_x0.1
rebalance,0.03,sentibignomics_x0.1
rebate,0.055,sentibignomics_x0.1
rebel,-0.04,sentibignomics_x0.1
rebellion,-0.075,sentibignomics_x0.1
rebellious,-0.04,sentibignomics_x0.1
rebind,0.02,sentibignomics_x0.1
rebirth,0.01,sentibignomics_x0.1
reboot,0.035,sentibignomics_x0.1
reborn,0.04,sentibignomics_x0.1
rebound,0.055,sentibignomics_x0.1
rebuff,-0.035,sentibignomics_x0.1
rebuilding,0.065,sentibignomics_x0.1
rebuke,-0.045,sentibignomics_x0.1
rebut,-0.015,sentibignomics_x0.1
rebuttable,-0.005,sentibignomics_x0.1
rebuttal,0.0,sentibignomics_x0.1
recalcitrant,-0.05,sentibignomics_x0.1
recalculate,0.0,sentibignomics_x0.1
recalculation,0.0,sentibignomics_x0.1
recalibrate,0.03,sentibignomics_x0.1
recall,-0.01,sentibignomics_x0.1
recap,0.0,sentibignomics_x0.1
recapitalize,0.055,sentibignomics_x0.1
recast,0.0,sentibignomics_x0.1
recede,-0.04,sentibignomics_x0.1
receipt,0.0,sentibignomics_x0.1
receive,0.015,sentibignomics_x0.1
recent,0.0,sentibignomics_x0.1
receptive,0.03,sentibignomics_x0.1
recertify,0.04,sentibignomics_x0.1
recess,0.0,sentibignomics_x0.1
recession,-0.08,sentibignomics_x0.1
recessionary,-0.075,sentibignomics_x0.1
recharge,0.045,sentibignomics_x0.1
reckless,-0.07,sentibignomics_x0.1
recklessly,-0.045,sentibignomics_x0.1
recklessness,-0.055,sentibignomics_x0.1
reclaim,0.035,sentibignomics_x0.1
reclusive,-0.035,sentibignomics_x0.1
recognition,0.07,sentibignomics_x0.1
recognizable,0.04,sentibignomics_x0.1
recoil,-0.025,sentibignomics_x0.1
recommence,0.02,sentibignomics_x0.1
recommend,0.055,sentibignomics_x0.1
recompense,0.03,sentibignomics_x0.1
reconcile,0.04,sentibignomics_x0.1
reconciliation,0.05,sentibignomics_x0.1
reconfigure,0.015,sentibignomics_x0.1
reconnect,0.045,sentibignomics_x0.1
reconsider,0.0,sentibignomics_x0.1
reconstitute,0.045,sentibignomics_x0.1
reconstruct,0.035,sentibignomics_x0.1
reconstruction,0.04,sentibignomics_x0.1
recoup,0.035,sentibignomics_x0.1
recoupable,0.025,sentibignomics_x0.1
recoupment,0.025,sentibignomics_x0.1
recourse,0.02,sentibignomics_x0.1
recover,0.06,sentibignomics_x0.1
recoverable,0.05,sentibignomics_x0.1
recovery,0.065,sentibignomics_x0.1
recreational,0.045,sentibignomics_x0.1
recruit,0.035,sentibignomics_x0.1
recruiting,0.02,sentibignomics_x0.1
recruitment,0.005,sentibignomics_x0.1
rectification,0.04,sentibignomics_x0.1
rectify,0.03,sentibignomics_x0.1
recuperate,0.01,sentibignomics_x0.1
recur,0.0,sentibignomics_x0.1
recurring,0.015,sentibignomics_x0.1
recusal,-0.03,sentibignomics_x0.1
recycle,0.02,sentibignomics_x0.1
recycling,0.055,sentibignomics_x0.1
red,-0.035,sentibignomics_x0.1
redact,-0.035,sentibignomics_x0.1
redaction,-0.03,sentibignomics_x0.1
redactions,-0.025,sentibignomics_x0.1
redeem,0.035,sentibignomics_x0.1
redefine,0.035,sentibignomics_x0.1
redemption,0.045,sentibignomics_x0.1
redeploy,0.025,sentibignomics_x0.1
redesign,0.04,sentibignomics_x0.1
redevelop,0.045,sentibignomics_x0.1
redevelopment,0.045,sentibignomics_x0.1
redistribute,0.055,sentibignomics_x0.1
redouble,0.03,sentibignomics_x0.1
redress,0.005,sentibignomics_x0.1
reduce,-0.02,sentibignomics_x0.1
reduced,-0.04,sentibignomics_x0.1
reduction,-0.03,sentibignomics_x0.1
redundancy,-0.03,sentibignomics_x0.1
redundant,-0.05,sentibignomics_x0.1
reel,0.045,sentibignomics_x0.1
reestablish,0.04,sentibignomics_x0.1
reevaluate,0.04,sentibignomics_x0.1
reexamination,0.0,sentibignomics_x0.1
reexamine,0.01,sentibignomics_x0.1
referendum,0.0,sentibignomics_x0.1
refile,0.0,sentibignomics_x0.1
refiling,0.015,sentibignomics_x0.1
refill,0.01,sentibignomics_x0.1
refinance,0.05,sentibignomics_x0.1
refinancing,0.025,sentibignomics_x0.1
refined,0.045,sentibignomics_x0.1
refinement,0.035,sentibignomics_x0.1
refining,0.055,sentibignomics_x0.1
reflate,0.055,sentibignomics_x0.1
reflect,0.0,sentibignomics_x0.1
reflective,0.02,sentibignomics_x0.1
refloat,0.035,sentibignomics_x0.1
refocus,0.015,sentibignomics_x0.1
refrain,0.0,sentibignomics_x0.1
refresh,0.065,sentibignomics_x0.1
refuge,-0.005,sentibignomics_x0.1
refund,0.005,sentibignomics_x0.1
refundable,0.04,sentibignomics_x0.1
refurbish,0.03,sentibignomics_x0.1
refurbishment,0.025,sentibignomics_x0.1
refusal,-0.04,sentibignomics_x0.1
refuse,-0.025,sentibignomics_x0.1
refute,-0.02,sentibignomics_x0.1
regain,0.045,sentibignomics_x0.1
regenerate,0.04,sentibignomics_x0.1
regime,0.03,sentibignomics_x0.1
region,0.0,sentibignomics_x0.1
regional,0.0,sentibignomics_x0.1
register,0.0,sentibignomics_x0.1
registration,0.0,sentibignomics_x0.1
regressive,-0.045,sentibignomics_x0.1
regret,-0.06,sentibignomics_x0.1
regrettable,-0.06,sentibignomics_x0.1
regular,0.01,sentibignomics_x0.1
regularity,0.02,sentibignomics_x0.1
regulate,0.005,sentibignomics_x0.1
regulation,0.0,sentibignomics_x0.1
regulative,0.0,sentibignomics_x0.1
regulator,0.01,sentibignomics_x0.1
regulatory,0.01,sentibignomics_x0.1
rehab,-0.04,sentibignomics_x0.1
rehabilitate,0.03,sentibignomics_x0.1
rehabilitation,0.04,sentibignomics_x0.1
rehire,0.04,sentibignomics_x0.1
reigniting,0.07,sentibignomics_x0.1
reimburse,0.03,sentibignomics_x0.1
reimbursement,0.045,sentibignomics_x0.1
reinforce,0.025,sentibignomics_x0.1
reinforcement,0.04,sentibignomics_x0.1
reinstate,0.04,sentibignomics_x0.1
reinterpret,0.0,sentibignomics_x0.1
reinterpretation,0.0,sentibignomics_x0.1
reinvent,0.035,sentibignomics_x0.1
reinvest,0.045,sentibignomics_x0.1
reinvestment,0.02,sentibignomics_x0.1
reinvigorate,0.065,sentibignomics_x0.1
reinvigorated,0.045,sentibignomics_x0.1
reject,-0.05,sentibignomics_x0.1
rejection,-0.065,sentibignomics_x0.1
rejoice,0.07,sentibignomics_x0.1
rekindle,0.05,sentibignomics_x0.1
relapse,-0.05,sentibignomics_x0.1
relate,0.005,sentibignomics_x0.1
relative,0.0,sentibignomics_x0.1
relaunch,0.04,sentibignomics_x0.1
relax,0.05,sentibignomics_x0.1
relaxation,0.05,sentibignomics_x0.1
relaxed,0.045,sentibignomics_x0.1
release,0.0,sentibignomics_x0.1
relegate,0.01,sentibignomics_x0.1
relent,-0.015,sentibignomics_x0.1
relentless,0.055,sentibignomics_x0.1
relevance,0.035,sentibignomics_x0.1
relevant,0.035,sentibignomics_x0.1
reliability,0.055,sentibignomics_x0.1
reliable,0.08,sentibignomics_x0.1
reliance,0.005,sentibignomics_x0.1
reliant,0.02,sentibignomics_x0.1
relief,0.03,sentibignomics_x0.1
relieve,0.05,sentibignomics_x0.1
relinquish,-0.045,sentibignomics_x0.1
relish,0.03,sentibignomics_x0.1
relist,0.03,sentibignomics_x0.1
reluctance,-0.035,sentibignomics_x0.1
reluctant,-0.04,sentibignomics_x0.1
rely,0.025,sentibignomics_x0.1
remain,0.0,sentibignomics_x0.1
remand,0.0,sentibignomics_x0.1
remark,0.0,sentibignomics_x0.1
remarkable,0.05,sentibignomics_x0.1
remedial,0.03,sentibignomics_x0.1
remediate,0.025,sentibignomics_x0.1
remediation,0.03,sentibignomics_x0.1
remedy,0.03,sentibignomics_x0.1
reminiscent,0.0,sentibignomics_x0.1
remit,0.015,sentibignomics_x0.1
remnant,0.02,sentibignomics_x0.1
remodel,0.045,sentibignomics_x0.1
remodeling,0.04,sentibignomics_x0.1
remote,0.005,sentibignomics_x0.1
remount,0.015,sentibignomics_x0.1
remove,-0.025,sentibignomics_x0.1
remunerate,0.02,sentibignomics_x0.1
remuneration,0.035,sentibignomics_x0.1
renaissance,0.065,sentibignomics_x0.1
render,0.015,sentibignomics_x0.1
rendition,0.0,sentibignomics_x0.1
renege,-0.05,sentibignomics_x0.1
renegotiate,0.01,sentibignomics_x0.1
renegotiation,0.0,sentibignomics_x0.1
renew,0.035,sentibignomics_x0.1
renewable,0.06,sentibignomics_x0.1
renewed,0.04,sentibignomics_x0.1
renounce,-0.03,sentibignomics_x0.1
renouncement,-0.035,sentibignomics_x0.1
renown,0.045,sentibignomics_x0.1
renowned,0.06,sentibignomics_x0.1
reopen,0.03,sentibignomics_x0.1
reorder,0.01,sentibignomics_x0.1
reorganize,0.04,sentibignomics_x0.1
repair,0.035,sentibignomics_x0.1
reparation,0.055,sentibignomics_x0.1
repay,0.02,sentibignomics_x0.1
repayment,0.035,sentibignomics_x0.1
repeal,-0.01,sentibignomics_x0.1
repel,-0.02,sentibignomics_x0.1
repercussion,-0.065,sentibignomics_x0.1
repertory,0.005,sentibignomics_x0.1
repetitive,-0.02,sentibignomics_x0.1
replace,0.0,sentibignomics_x0.1
replenish,0.045,sentibignomics_x0.1
replete,-0.005,sentibignomics_x0.1
report,0.0,sentibignomics_x0.1
reported,0.03,sentibignomics_x0.1
repossess,-0.05,sentibignomics_x0.1
repossession,-0.05,sentibignomics_x0.1
represent,0.0,sentibignomics_x0.1
repress,-0.035,sentibignomics_x0.1
repressed,-0.055,sentibignomics_x0.1
repression,-0.04,sentibignomics_x0.1
repressive,-0.045,sentibignomics_x0.1
reprieve,-0.015,sentibignomics_x0.1
reprimand,-0.045,sentibignomics_x0.1
reprisal,-0.005,sentibignomics_x0.1
reprocess,0.005,sentibignomics_x0.1
repudiate,-0.025,sentibignomics_x0.1
repudiation,-0.045,sentibignomics_x0.1
repurchase,0.055,sentibignomics_x0.1
reputable,0.05,sentibignomics_x0.1
reputational,0.01,sentibignomics_x0.1
repute,0.015,sentibignomics_x0.1
requester,0.0,sentibignomics_x0.1
require,0.0,sentibignomics_x0.1
requirement,0.0,sentibignomics_x0.1
reregulation,0.005,sentibignomics_x0.1
resale,0.025,sentibignomics_x0.1
rescheduling,0.0,sentibignomics_x0.1
rescind,-0.025,sentibignomics_x0.1
rescission,-0.065,sentibignomics_x0.1
rescue,0.025,sentibignomics_x0.1
resell,0.005,sentibignomics_x0.1
resemble,0.02,sentibignomics_x0.1
resent,-0.045,sentibignomics_x0.1
resentful,-0.05,sentibignomics_x0.1
resentment,-0.065,sentibignomics_x0.1
reserve,0.045,sentibignomics_x0.1
reservoir,0.03,sentibignomics_x0.1
reset,0.0,sentibignomics_x0.1
resettle,0.025,sentibignomics_x0.1
reshape,0.045,sentibignomics_x0.1
reshuffling,0.0,sentibignomics_x0.1
resident,0.0,sentibignomics_x0.1
resign,-0.045,sentibignomics_x0.1
resignation,-0.05,sentibignomics_x0.1
resilience,0.065,sentibignomics_x0.1
resilient,0.03,sentibignomics_x0.1
resist,-0.03,sentibignomics_x0.1
resistance,-0.015,sentibignomics_x0.1
resistant,-0.03,sentibignomics_x0.1
resolution,0.035,sentibignomics_x0.1
resolve,0.03,sentibignomics_x0.1
resonant,0.04,sentibignomics_x0.1
resounding,0.045,sentibignomics_x0.1
resource,0.025,sentibignomics_x0.1
resourceful,0.04,sentibignomics_x0.1
respect,0.055,sentibignomics_x0.1
respectability,0.055,sentibignomics_x0.1
respectable,0.065,sentibignomics_x0.1
respected,0.065,sentibignomics_x0.1
respectful,0.07,sentibignomics_x0.1
respite,0.02,sentibignomics_x0.1
respond,0.0,sentibignomics_x0.1
responsibility,0.055,sentibignomics_x0.1
responsible,0.03,sentibignomics_x0.1
responsive,0.045,sentibignomics_x0.1
rest,0.02,sentibignomics_x0.1
restart,0.03,sentibignomics_x0.1
restate,0.0,sentibignomics_x0.1
restatement,0.0,sentibignomics_x0.1
restitution,0.035,sentibignomics_x0.1
restitutionary,0.025,sentibignomics_x0.1
restive,-0.025,sentibignomics_x0.1
restless,-0.04,sentibignomics_x0.1
restock,0.055,sentibignomics_x0.1
restrain,-0.025,sentibignomics_x0.1
restraint,-0.04,sentibignomics_x0.1
restrict,-0.035,sentibignomics_x0.1
restriction,-0.035,sentibignomics_x0.1
restrictive,-0.03,sentibignomics_x0.1
restrictively,-0.035,sentibignomics_x0.1
restrictivenes,-0.03,sentibignomics_x0.1
restructure,0.025,sentibignomics_x0.1
result,0.0,sentibignomics_x0.1
resurge,0.055,sentibignomics_x0.1
resurgence,0.02,sentibignomics_x0.1
resurgent,0.02,sentibignomics_x0.1
resurrect,0.045,sentibignomics_x0.1
resuscitate,0.045,sentibignomics_x0.1
retail,0.025,sentibignomics_x0.1
retailer,0.0,sentibignomics_x0.1
retain,0.03,sentibignomics_x0.1
retaliate,-0.04,sentibignomics_x0.1
retaliation,-0.06,sentibignomics_x0.1
retaliatory,-0.04,sentibignomics_x0.1
retard,-0.09,sentibignomics_x0.1
reticent,-0.02,sentibignomics_x0.1
retirement,0.015,sentibignomics_x0.1
retool,0.0,sentibignomics_x0.1
retooling,0.03,sentibignomics_x0.1
retort,0.0,sentibignomics_x0.1
retract,-0.03,sentibignomics_x0.1
retrain,0.015,sentibignomics_x0.1
retraining,0.01,sentibignomics_x0.1
retreat,-0.03,sentibignomics_x0.1
retrench,-0.02,sentibignomics_x0.1
retrenchment,-0.045,sentibignomics_x0.1
retribution,-0.04,sentibignomics_x0.1
retrieve,0.045,sentibignomics_x0.1
retrocede,-0.02,sentibignomics_x0.1
retroceded,-0.025,sentibignomics_x0.1
return,0.02,sentibignomics_x0.1
reunite,0.06,sentibignomics_x0.1
revaluation,0.05,sentibignomics_x0.1
revalue,0.03,sentibignomics_x0.1
revamp,0.05,sentibignomics_x0.1
revamping,0.03,sentibignomics_x0.1
reveal,0.01,sentibignomics_x0.1
revel,0.025,sentibignomics_x0.1
revenge,-0.065,sentibignomics_x0.1
revenue,0.04,sentibignomics_x0.1
reverberate,0.0,sentibignomics_x0.1
revere,0.06,sentibignomics_x0.1
reversal,-0.025,sentibignomics_x0.1
reverse,-0.03,sentibignomics_x0.1
revert,-0.01,sentibignomics_x0.1
review,0.0,sentibignomics_x0.1
revile,-0.01,sentibignomics_x0.1
revise,0.005,sentibignomics_x0.1
revision,0.0,sentibignomics_x0.1
revitalize,0.045,sentibignomics_x0.1
revitalized,0.06,sentibignomics_x0.1
revive,0.04,sentibignomics_x0.1
revocability,-0.015,sentibignomics_x0.1
revocation,-0.045,sentibignomics_x0.1
revoke,-0.03,sentibignomics_x0.1
revolt,-0.035,sentibignomics_x0.1
revolution,0.04,sentibignomics_x0.1
revolutionize,0.08,sentibignomics_x0.1
revolving,0.035,sentibignomics_x0.1
rewire,0.005,sentibignomics_x0.1
rhythmic,0.045,sentibignomics_x0.1
rich,0.055,sentibignomics_x0.1
rickety,-0.03,sentibignomics_x0.1
rid,-0.02,sentibignomics_x0.1
riddle,-0.025,sentibignomics_x0.1
ride,0.005,sentibignomics_x0.1
ridicule,-0.045,sentibignomics_x0.1
ridiculous,-0.055,sentibignomics_x0.1
rife,-0.03,sentibignomics_x0.1
rifle,-0.025,sentibignomics_x0.1
right,0.075,sentibignomics_x0.1
righteous,0.075,sentibignomics_x0.1
rightful,0.03,sentibignomics_x0.1
rigid,-0.035,sentibignomics_x0.1
rigor,-0.025,sentibignomics_x0.1
rigorous,0.045,sentibignomics_x0.1
rile,-0.035,sentibignomics_x0.1
ringfence,0.025,sentibignomics_x0.1
riot,-0.05,sentibignomics_x0.1
rioting,-0.055,sentibignomics_x0.1
rip,-0.04,sentibignomics_x0.1
ripe,0.035,sentibignomics_x0.1
ripen,0.045,sentibignomics_x0.1
ripple,-0.005,sentibignomics_x0.1
riskines,-0.055,sentibignomics_x0.1
riskiness,-0.05,sentibignomics_x0.1
rival,-0.03,sentibignomics_x0.1
rivalry,-0.03,sentibignomics_x0.1
rive,-0.02,sentibignomics_x0.1
rivet,0.01,sentibignomics_x0.1
road,0.0,sentibignomics_x0.1
roar,0.05,sentibignomics_x0.1
roaring,0.03,sentibignomics_x0.1
rob,-0.05,sentibignomics_x0.1
robbery,-0.06,sentibignomics_x0.1
robust,0.06,sentibignomics_x0.1
rocket,0.06,sentibignomics_x0.1
rocky,-0.03,sentibignomics_x0.1
rod,0.0,sentibignomics_x0.1
role,0.0,sentibignomics_x0.1
roll,0.0,sentibignomics_x0.1
rollback,0.0,sentibignomics_x0.1
rollercoaster,-0.03,sentibignomics_x0.1
rollout,0.025,sentibignomics_x0.1
rollover,0.025,sentibignomics_x0.1
romance,0.04,sentibignomics_x0.1
romantic,0.04,sentibignomics_x0.1
room,0.015,sentibignomics_x0.1
roomy,0.03,sentibignomics_x0.1
roost,-0.045,sentibignomics_x0.1
rosy,0.04,sentibignomics_x0.1
rot,-0.07,sentibignomics_x0.1
rotten,-0.065,sentibignomics_x0.1
roughly,-0.01,sentibignomics_x0.1
round,0.0,sentibignomics_x0.1
rouse,0.01,sentibignomics_x0.1
rousing,0.025,sentibignomics_x0.1
route,0.0,sentibignomics_x0.1
routine,0.025,sentibignomics_x0.1
row,0.0,sentibignomics_x0.1
rubbish,-0.05,sentibignomics_x0.1
rubble,-0.025,sentibignomics_x0.1
rudderless,-0.03,sentibignomics_x0.1
rude,-0.04,sentibignomics_x0.1
rudimentary,-0.04,sentibignomics_x0.1
ruffle,-0.025,sentibignomics_x0.1
rugged,-0.035,sentibignomics_x0.1
ruin,-0.07,sentibignomics_x0.1
rule,0.0,sentibignomics_x0.1
rumor,-0.02,sentibignomics_x0.1
run,0.0,sentibignomics_x0.1
runaway,-0.03,sentibignomics_x0.1
rundown,-0.045,sentibignomics_x0.1
runup,0.02,sentibignomics_x0.1
runway,0.01,sentibignomics_x0.1
rupture,-0.05,sentibignomics_x0.1
rush,0.0,sentibignomics_x0.1
rust,-0.04,sentibignomics_x0.1
rusted,-0.05,sentibignomics_x0.1
ruthless,-0.065,sentibignomics_x0.1
sabotage,-0.07,sentibignomics_x0.1
sack,-0.035,sentibignomics_x0.1
sacking,-0.065,sentibignomics_x0.1
sacred,0.03,sentibignomics_x0.1
sacrifice,-0.03,sentibignomics_x0.1
sacrificial,-0.055,sentibignomics_x0.1
sad,-0.07,sentibignomics_x0.1
saddle,0.0,sentibignomics_x0.1
sadness,-0.045,sentibignomics_x0.1
safe,0.055,sentibignomics_x0.1
safeguard,0.045,sentibignomics_x0.1
safety,0.06,sentibignomics_x0.1
sag,-0.05,sentibignomics_x0.1
sake,0.02,sentibignomics_x0.1
salable,0.06,sentibignomics_x0.1
salary,0.025,sentibignomics_x0.1
sale,0.015,sentibignomics_x0.1
sales,0.03,sentibignomics_x0.1
salesforce,-0.01,sentibignomics_x0.1
salute,0.035,sentibignomics_x0.1
salvage,-0.03,sentibignomics_x0.1
salvation,0.05,sentibignomics_x0.1
same,0.0,sentibignomics_x0.1
sanction,-0.03,sentibignomics_x0.1
sane,0.03,sentibignomics_x0.1
sanguine,-0.025,sentibignomics_x0.1
sap,-0.02,sentibignomics_x0.1
sate,0.01,sentibignomics_x0.1
satisfaction,0.065,sentibignomics_x0.1
satisfactorily,0.06,sentibignomics_x0.1
satisfactory,0.045,sentibignomics_x0.1
satisfy,0.05,sentibignomics_x0.1
saturate,-0.04,sentibignomics_x0.1
saturated,-0.035,sentibignomics_x0.1
saturation,-0.045,sentibignomics_x0.1
savage,-0.045,sentibignomics_x0.1
save,0.06,sentibignomics_x0.1
savior,0.05,sentibignomics_x0.1
savvy,0.02,sentibignomics_x0.1
say,0.0,sentibignomics_x0.1
scale,0.0,sentibignomics_x0.1
scam,-0.055,sentibignomics_x0.1
scandal,-0.05,sentibignomics_x0.1
scandalous,-0.055,sentibignomics_x0.1
scant,-0.03,sentibignomics_x0.1
scapegoat,-0.05,sentibignomics_x0.1
scarce,-0.06,sentibignomics_x0.1
scarcity,-0.055,sentibignomics_x0.1
scare,-0.05,sentibignomics_x0.1
scared,-0.05,sentibignomics_x0.1
scary,-0.05,sentibignomics_x0.1
scathing,-0.045,sentibignomics_x0.1
scent,0.02,sentibignomics_x0.1
scheduled,0.0,sentibignomics_x0.1
schizophrenic,-0.055,sentibignomics_x0.1
scholarship,0.03,sentibignomics_x0.1
school,0.0,sentibignomics_x0.1
sclerotic,-0.035,sentibignomics_x0.1
scold,-0.05,sentibignomics_x0.1
scoop,0.025,sentibignomics_x0.1
scope,0.02,sentibignomics_x0.1
scorch,-0.025,sentibignomics_x0.1
score,0.04,sentibignomics_x0.1
scoring,0.055,sentibignomics_x0.1
scorn,-0.035,sentibignomics_x0.1
scourge,-0.05,sentibignomics_x0.1
scramble,-0.035,sentibignomics_x0.1
scrap,-0.04,sentibignomics_x0.1
scrape,-0.02,sentibignomics_x0.1
scrapping,-0.035,sentibignomics_x0.1
scrappy,-0.04,sentibignomics_x0.1
scratch,0.01,sentibignomics_x0.1
scream,-0.025,sentibignomics_x0.1
screech,-0.03,sentibignomics_x0.1
screw,-0.015,sentibignomics_x0.1
scribble,-0.04,sentibignomics_x0.1
scrimp,-0.03,sentibignomics_x0.1
scrounge,-0.005,sentibignomics_x0.1
scrub,0.0,sentibignomics_x0.1
scruffy,-0.035,sentibignomics_x0.1
scrupulous,0.045,sentibignomics_x0.1
scrutinize,-0.03,sentibignomics_x0.1
scrutiny,-0.03,sentibignomics_x0.1
scupper,-0.01,sentibignomics_x0.1
scurry,-0.025,sentibignomics_x0.1
scuttle,0.0,sentibignomics_x0.1
seam,0.0,sentibignomics_x0.1
searing,-0.015,sentibignomics_x0.1
season,0.0,sentibignomics_x0.1
seasoned,0.055,sentibignomics_x0.1
seating,0.005,sentibignomics_x0.1
secondary,0.0,sentibignomics_x0.1
secrecy,-0.01,sentibignomics_x0.1
secretive,-0.05,sentibignomics_x0.1
sector,0.0,sentibignomics_x0.1
secure,0.075,sentibignomics_x0.1
securitised,0.045,sentibignomics_x0.1
securitization,0.02,sentibignomics_x0.1
securitize,0.035,sentibignomics_x0.1
sedate,-0.03,sentibignomics_x0.1
seductive,0.03,sentibignomics_x0.1
see,0.0,sentibignomics_x0.1
seedy,-0.035,sentibignomics_x0.1
seem,0.0,sentibignomics_x0.1
seeming,0.0,sentibignomics_x0.1
seesaw,-0.04,sentibignomics_x0.1
seethe,-0.035,sentibignomics_x0.1
segmented,0.0,sentibignomics_x0.1
segregate,-0.03,sentibignomics_x0.1
segregated,-0.07,sentibignomics_x0.1
seismic,0.055,sentibignomics_x0.1
seize,-0.03,sentibignomics_x0.1
seldom,0.0,sentibignomics_x0.1
seldomly,-0.005,sentibignomics_x0.1
selfish,-0.045,sentibignomics_x0.1
sell,0.015,sentibignomics_x0.1
sellout,-0.025,sentibignomics_x0.1
send,0.0,sentibignomics_x0.1
sensation,0.025,sentibignomics_x0.1
sensational,0.07,sentibignomics_x0.1
sensibility,0.05,sentibignomics_x0.1
sensible,0.045,sentibignomics_x0.1
sensitive,-0.005,sentibignomics_x0.1
sensitivity,0.015,sentibignomics_x0.1
sentence,0.0,sentibignomics_x0.1
sentiment,0.01,sentibignomics_x0.1
sentimental,0.01,sentibignomics_x0.1
separate,-0.01,sentibignomics_x0.1
sequestrator,-0.005,sentibignomics_x0.1
series,0.0,sentibignomics_x0.1
serious,-0.005,sentibignomics_x0.1
seriously,0.0,sentibignomics_x0.1
seriousness,0.0,sentibignomics_x0.1
servant,-0.035,sentibignomics_x0.1
serve,0.0,sentibignomics_x0.1
service,0.015,sentibignomics_x0.1
serviceable,0.045,sentibignomics_x0.1
set,0.0,sentibignomics_x0.1
setback,-0.045,sentibignomics_x0.1
settle,0.035,sentibignomics_x0.1
settlement,0.0,sentibignomics_x0.1
sever,-0.045,sentibignomics_x0.1
severable,-0.035,sentibignomics_x0.1
several,0.0,sentibignomics_x0.1
severally,0.0,sentibignomics_x0.1
severance,-0.04,sentibignomics_x0.1
severe,-0.085,sentibignomics_x0.1
severely,-0.055,sentibignomics_x0.1
severity,-0.065,sentibignomics_x0.1
shade,0.0,sentibignomics_x0.1
shadow,-0.015,sentibignomics_x0.1
shadowy,-0.04,sentibignomics_x0.1
shady,-0.05,sentibignomics_x0.1
shake,-0.03,sentibignomics_x0.1
shakeout,-0.025,sentibignomics_x0.1
shakeup,-0.04,sentibignomics_x0.1
shaky,-0.055,sentibignomics_x0.1
shall,0.0,sentibignomics_x0.1
shallow,-0.04,sentibignomics_x0.1
sham,-0.08,sentibignomics_x0.1
shamble,-0.045,sentibignomics_x0.1
shambolic,-0.05,sentibignomics_x0.1
shame,-0.045,sentibignomics_x0.1
shameful,-0.08,sentibignomics_x0.1
shameless,-0.04,sentibignomics_x0.1
shape,0.0,sentibignomics_x0.1
share,0.01,sentibignomics_x0.1
sharp,-0.035,sentibignomics_x0.1
sharpen,0.03,sentibignomics_x0.1
sharply,0.01,sentibignomics_x0.1
shatter,-0.07,sentibignomics_x0.1
shave,0.0,sentibignomics_x0.1
shed,-0.04,sentibignomics_x0.1
sheer,-0.005,sentibignomics_x0.1
shell,0.0,sentibignomics_x0.1
shelter,0.05,sentibignomics_x0.1
sheltered,0.035,sentibignomics_x0.1
shelve,-0.005,sentibignomics_x0.1
shield,0.035,sentibignomics_x0.1
shift,0.025,sentibignomics_x0.1
shimmer,0.07,sentibignomics_x0.1
shine,0.04,sentibignomics_x0.1
shingled,0.0,sentibignomics_x0.1
shiny,0.045,sentibignomics_x0.1
shipwreck,-0.08,sentibignomics_x0.1
shirk,-0.075,sentibignomics_x0.1
shiver,-0.03,sentibignomics_x0.1
shock,-0.045,sentibignomics_x0.1
shocking,-0.03,sentibignomics_x0.1
shoddy,-0.05,sentibignomics_x0.1
shoot,0.05,sentibignomics_x0.1
shooting,-0.09,sentibignomics_x0.1
shorn,-0.02,sentibignomics_x0.1
short,-0.02,sentibignomics_x0.1
shortage,-0.05,sentibignomics_x0.1
shortcoming,-0.04,sentibignomics_x0.1
shorten,-0.01,sentibignomics_x0.1
shortfall,-0.05,sentibignomics_x0.1
shortsighted,-0.05,sentibignomics_x0.1
shot,-0.035,sentibignomics_x0.1
shove,-0.035,sentibignomics_x0.1
show,0.0,sentibignomics_x0.1
showdown,-0.01,sentibignomics_x0.1
shower,-0.01,sentibignomics_x0.1
shred,-0.01,sentibignomics_x0.1
shredder,-0.07,sentibignomics_x0.1
shrewd,-0.05,sentibignomics_x0.1
shrift,0.0,sentibignomics_x0.1
shrill,-0.01,sentibignomics_x0.1
shrine,0.04,sentibignomics_x0.1
shrinkage,-0.045,sentibignomics_x0.1
shrivel,-0.035,sentibignomics_x0.1
shroud,-0.03,sentibignomics_x0.1
shrug,-0.02,sentibignomics_x0.1
shrunken,-0.05,sentibignomics_x0.1
shudder,-0.04,sentibignomics_x0.1
shuffle,0.005,sentibignomics_x0.1
shun,-0.05,sentibignomics_x0.1
shut,-0.02,sentibignomics_x0.1
shutdown,-0.055,sentibignomics_x0.1
shuttered,-0.04,sentibignomics_x0.1
shy,-0.025,sentibignomics_x0.1
sick,-0.055,sentibignomics_x0.1
sicken,-0.05,sentibignomics_x0.1
sickening,-0.05,sentibignomics_x0.1
sickly,-0.05,sentibignomics_x0.1
sickness,-0.04,sentibignomics_x0.1
sidestep,-0.015,sentibignomics_x0.1
siege,-0.055,sentibignomics_x0.1
sift,0.0,sentibignomics_x0.1
sigh,0.0,sentibignomics_x0.1
sighted,0.01,sentibignomics_x0.1
sign,0.0,sentibignomics_x0.1
signal,0.02,sentibignomics_x0.1
significance,0.045,sentibignomics_x0.1
significant,0.055,sentibignomics_x0.1
silence,0.0,sentibignomics_x0.1
silent,-0.005,sentibignomics_x0.1
silly,-0.04,sentibignomics_x0.1
similar,0.0,sentibignomics_x0.1
simmer,-0.02,sentibignomics_x0.1
simple,0.015,sentibignomics_x0.1
simplicity,0.04,sentibignomics_x0.1
simplify,0.045,sentibignomics_x0.1
simplistic,0.015,sentibignomics_x0.1
simulate,0.02,sentibignomics_x0.1
simultaneous,0.03,sentibignomics_x0.1
sin,-0.08,sentibignomics_x0.1
sincere,0.075,sentibignomics_x0.1
sinecure,0.015,sentibignomics_x0.1
sinister,-0.055,sentibignomics_x0.1
sink,-0.055,sentibignomics_x0.1
sit,0.0,sentibignomics_x0.1
site,0.0,sentibignomics_x0.1
sizable,0.045,sentibignomics_x0.1
size,0.0,sentibignomics_x0.1
sizeable,0.01,sentibignomics_x0.1
sizzling,0.055,sentibignomics_x0.1
skeletal,-0.015,sentibignomics_x0.1
skeptic,-0.04,sentibignomics_x0.1
skeptical,-0.035,sentibignomics_x0.1
skepticism,-0.04,sentibignomics_x0.1
sketchy,-0.04,sentibignomics_x0.1
skew,0.0,sentibignomics_x0.1
skewed,-0.03,sentibignomics_x0.1
skid,-0.02,sentibignomics_x0.1
skill,0.035,sentibignomics_x0.1
skillful,0.075,sentibignomics_x0.1
skim,-0.03,sentibignomics_x0.1
skimp,-0.04,sentibignomics_x0.1
skimpy,-0.045,sentibignomics_x0.1
skinny,-0.025,sentibignomics_x0.1
skip,-0.005,sentibignomics_x0.1
skittish,-0.03,sentibignomics_x0.1
skyrocket,0.05,sentibignomics_x0.1
slack,-0.04,sentibignomics_x0.1
slacken,-0.025,sentibignomics_x0.1
slackened,-0.04,sentibignomics_x0.1
slam,-0.03,sentibignomics_x0.1
slander,-0.05,sentibignomics_x0.1
slanderous,-0.08,sentibignomics_x0.1
slant,-0.035,sentibignomics_x0.1
slap,-0.025,sentibignomics_x0.1
slash,-0.055,sentibignomics_x0.1
slaughter,-0.035,sentibignomics_x0.1
slave,-0.085,sentibignomics_x0.1
slay,-0.015,sentibignomics_x0.1
slaying,-0.03,sentibignomics_x0.1
sleazy,-0.06,sentibignomics_x0.1
sledgehammer,-0.01,sentibignomics_x0.1
sleek,0.035,sentibignomics_x0.1
sleepy,-0.015,sentibignomics_x0.1
slender,-0.045,sentibignomics_x0.1
slew,-0.025,sentibignomics_x0.1
slice,-0.01,sentibignomics_x0.1
slick,-0.05,sentibignomics_x0.1
slide,-0.03,sentibignomics_x0.1
slight,0.0,sentibignomics_x0.1
slim,-0.045,sentibignomics_x0.1
slip,-0.03,sentibignomics_x0.1
slippage,-0.03,sentibignomics_x0.1
slippery,-0.03,sentibignomics_x0.1
slipshod,-0.025,sentibignomics_x0.1
slither,-0.015,sentibignomics_x0.1
slog,-0.02,sentibignomics_x0.1
slop,-0.06,sentibignomics_x0.1
slope,-0.02,sentibignomics_x0.1
sloppy,-0.06,sentibignomics_x0.1
slouch,-0.04,sentibignomics_x0.1
slough,-0.045,sentibignomics_x0.1
slow,-0.03,sentibignomics_x0.1
slowdown,-0.04,sentibignomics_x0.1
slowing,-0.05,sentibignomics_x0.1
slowly,-0.005,sentibignomics_x0.1
slowness,-0.035,sentibignomics_x0.1
slug,-0.055,sentibignomics_x0.1
sluggish,-0.04,sentibignomics_x0.1
sluggishly,-0.04,sentibignomics_x0.1
sluggishness,-0.035,sentibignomics_x0.1
slum,-0.045,sentibignomics_x0.1
slumber,-0.035,sentibignomics_x0.1
slung,-0.02,sentibignomics_x0.1
sly,-0.03,sentibignomics_x0.1
smack,-0.02,sentibignomics_x0.1
small,0.0,sentibignomics_x0.1
smallish,-0.015,sentibignomics_x0.1
smart,0.06,sentibignomics_x0.1
smarten,0.04,sentibignomics_x0.1
smash,-0.03,sentibignomics_x0.1
smear,-0.04,sentibignomics_x0.1
smell,-0.015,sentibignomics_x0.1
smile,0.07,sentibignomics_x0.1
smokescreen,-0.03,sentibignomics_x0.1
smolder,-0.025,sentibignomics_x0.1
smooth,0.05,sentibignomics_x0.1
smoothly,0.05,sentibignomics_x0.1
smuggling,-0.06,sentibignomics_x0.1
snaffle,-0.03,sentibignomics_x0.1
snag,-0.03,sentibignomics_x0.1
snap,-0.02,sentibignomics_x0.1
snappy,0.005,sentibignomics_x0.1
snare,-0.03,sentibignomics_x0.1
snarl,-0.03,sentibignomics_x0.1
snatch,0.0,sentibignomics_x0.1
sneak,-0.03,sentibignomics_x0.1
sneaky,-0.04,sentibignomics_x0.1
sneer,-0.04,sentibignomics_x0.1
sneeze,-0.005,sentibignomics_x0.1
sniff,-0.005,sentibignomics_x0.1
snip,-0.025,sentibignomics_x0.1
snub,-0.035,sentibignomics_x0.1
soak,0.0,sentibignomics_x0.1
soar,0.07,sentibignomics_x0.1
sober,0.075,sentibignomics_x0.1
sobering,0.025,sentibignomics_x0.1
sock,0.005,sentibignomics_x0.1
soft,-0.005,sentibignomics_x0.1
soften,-0.02,sentibignomics_x0.1
softness,-0.005,sentibignomics_x0.1
soggy,-0.05,sentibignomics_x0.1
solace,0.05,sentibignomics_x0.1
solemn,0.0,sentibignomics_x0.1
solicitation,-0.04,sentibignomics_x0.1
solidarity,0.05,sentibignomics_x0.1
solidify,0.04,sentibignomics_x0.1
solitary,-0.02,sentibignomics_x0.1
solution,0.04,sentibignomics_x0.1
solve,0.06,sentibignomics_x0.1
solvency,0.025,sentibignomics_x0.1
solvent,0.055,sentibignomics_x0.1
sometime,0.0,sentibignomics_x0.1
sometimes,0.0,sentibignomics_x0.1
somewhat,0.0,sentibignomics_x0.1
somewhere,0.0,sentibignomics_x0.1
soothe,0.065,sentibignomics_x0.1
soothing,0.04,sentibignomics_x0.1
sop,-0.015,sentibignomics_x0.1
sophistication,0.07,sentibignomics_x0.1
sordid,-0.045,sentibignomics_x0.1
sore,-0.04,sentibignomics_x0.1
sorrow,-0.05,sentibignomics_x0.1
soulless,-0.08,sentibignomics_x0.1
sound,0.015,sentibignomics_x0.1
sounding,0.025,sentibignomics_x0.1
soundness,0.03,sentibignomics_x0.1
sour,-0.055,sentibignomics_x0.1
source,0.0,sentibignomics_x0.1
soured,-0.045,sentibignomics_x0.1
sow,0.0,sentibignomics_x0.1
spam,-0.04,sentibignomics_x0.1
spanking,-0.03,sentibignomics_x0.1
spark,0.06,sentibignomics_x0.1
sparkling,0.06,sentibignomics_x0.1
sparse,-0.02,sentibignomics_x0.1
spat,-0.015,sentibignomics_x0.1
spate,-0.03,sentibignomics_x0.1
spawn,0.005,sentibignomics_x0.1
special,0.075,sentibignomics_x0.1
specialist,0.045,sentibignomics_x0.1
specialize,0.045,sentibignomics_x0.1
specie,0.01,sentibignomics_x0.1
specific,0.0,sentibignomics_x0.1
specify,0.015,sentibignomics_x0.1
spectacular,0.085,sentibignomics_x0.1
spectacularly,0.075,sentibignomics_x0.1
specter,-0.01,sentibignomics_x0.1
speculate,0.0,sentibignomics_x0.1
speculation,-0.01,sentibignomics_x0.1
speculative,-0.015,sentibignomics_x0.1
speculatively,-0.005,sentibignomics_x0.1
speed,0.05,sentibignomics_x0.1
speedy,0.045,sentibignomics_x0.1
spell,0.005,sentibignomics_x0.1
spend,0.0,sentibignomics_x0.1
spending,0.015,sentibignomics_x0.1
spew,-0.04,sentibignomics_x0.1
spicy,0.0,sentibignomics_x0.1
spike,0.0,sentibignomics_x0.1
spin,-0.04,sentibignomics_x0.1
spiral,-0.045,sentibignomics_x0.1
spiraling,-0.035,sentibignomics_x0.1
spirited,0.06,sentibignomics_x0.1
spit,-0.045,sentibignomics_x0.1
spite,-0.04,sentibignomics_x0.1
splash,0.0,sentibignomics_x0.1
splashy,-0.02,sentibignomics_x0.1
splendid,0.06,sentibignomics_x0.1
splicing,0.0,sentibignomics_x0.1
splinter,-0.055,sentibignomics_x0.1
split,-0.025,sentibignomics_x0.1
splurge,0.015,sentibignomics_x0.1
spoil,-0.05,sentibignomics_x0.1
sponsoring,0.065,sentibignomics_x0.1
spontaneous,0.055,sentibignomics_x0.1
spoof,-0.04,sentibignomics_x0.1
spook,-0.04,sentibignomics_x0.1
sporadic,-0.025,sentibignomics_x0.1
sporadically,-0.02,sentibignomics_x0.1
spotless,0.05,sentibignomics_x0.1
spotlight,0.07,sentibignomics_x0.1
sprawl,-0.03,sentibignomics_x0.1
spread,0.0,sentibignomics_x0.1
spree,0.025,sentibignomics_x0.1
sprightly,0.055,sentibignomics_x0.1
sprinkle,0.025,sentibignomics_x0.1
sprout,0.055,sentibignomics_x0.1
spur,0.0,sentibignomics_x0.1
spurious,-0.025,sentibignomics_x0.1
spurn,-0.04,sentibignomics_x0.1
spurt,0.035,sentibignomics_x0.1
sputter,-0.025,sentibignomics_x0.1
sputtering,-0.05,sentibignomics_x0.1
spy,-0.025,sentibignomics_x0.1
squabble,-0.03,sentibignomics_x0.1
squalid,-0.03,sentibignomics_x0.1
squander,-0.04,sentibignomics_x0.1
squash,-0.03,sentibignomics_x0.1
squeak,0.005,sentibignomics_x0.1
squeal,-0.055,sentibignomics_x0.1
squeeze,-0.02,sentibignomics_x0.1
squelch,-0.03,sentibignomics_x0.1
squirm,-0.025,sentibignomics_x0.1
stab,-0.05,sentibignomics_x0.1
stability,0.07,sentibignomics_x0.1
stabilization,0.045,sentibignomics_x0.1
stabilize,0.055,sentibignomics_x0.1
stable,0.065,sentibignomics_x0.1
stage,0.0,sentibignomics_x0.1
stagflation,-0.08,sentibignomics_x0.1
stagger,-0.055,sentibignomics_x0.1
staggered,-0.035,sentibignomics_x0.1
stagnant,-0.035,sentibignomics_x0.1
stagnate,-0.04,sentibignomics_x0.1
stagnation,-0.055,sentibignomics_x0.1
staid,0.0,sentibignomics_x0.1
stain,-0.04,sentibignomics_x0.1
stale,-0.025,sentibignomics_x0.1
stalemate,-0.025,sentibignomics_x0.1
stall,-0.025,sentibignomics_x0.1
stalwart,0.095,sentibignomics_x0.1
stamina,0.045,sentibignomics_x0.1
stampede,-0.055,sentibignomics_x0.1
stanch,-0.02,sentibignomics_x0.1
stand,0.0,sentibignomics_x0.1
standard,0.0,sentibignomics_x0.1
standby,0.0,sentibignomics_x0.1
standing,0.02,sentibignomics_x0.1
standoff,-0.02,sentibignomics_x0.1
standstill,-0.05,sentibignomics_x0.1
stardom,0.065,sentibignomics_x0.1
stare,-0.02,sentibignomics_x0.1
stark,0.0,sentibignomics_x0.1
startling,-0.03,sentibignomics_x0.1
starve,-0.075,sentibignomics_x0.1
stash,0.03,sentibignomics_x0.1
state,0.0,sentibignomics_x0.1
stately,0.055,sentibignomics_x0.1
statewide,0.0,sentibignomics_x0.1
static,-0.01,sentibignomics_x0.1
statute,0.0,sentibignomics_x0.1
statutorily,0.0,sentibignomics_x0.1
statutory,0.0,sentibignomics_x0.1
staunch,0.055,sentibignomics_x0.1
stay,0.0,sentibignomics_x0.1
stead,0.0,sentibignomics_x0.1
steadfast,0.05,sentibignomics_x0.1
steady,0.035,sentibignomics_x0.1
steal,-0.08,sentibignomics_x0.1
stealth,0.03,sentibignomics_x0.1
stealthy,0.04,sentibignomics_x0.1
steamy,-0.01,sentibignomics_x0.1
steep,-0.04,sentibignomics_x0.1
steer,0.025,sentibignomics_x0.1
stellar,0.06,sentibignomics_x0.1
stem,0.0,sentibignomics_x0.1
steppingstone,0.035,sentibignomics_x0.1
sterile,0.0,sentibignomics_x0.1
sterilize,0.03,sentibignomics_x0.1
sterling,0.01,sentibignomics_x0.1
stern,-0.045,sentibignomics_x0.1
stick,0.0,sentibignomics_x0.1
sticky,-0.015,sentibignomics_x0.1
stiff,-0.04,sentibignomics_x0.1
stiffen,-0.015,sentibignomics_x0.1
stifle,-0.035,sentibignomics_x0.1
stigma,-0.01,sentibignomics_x0.1
stigmatize,-0.05,sentibignomics_x0.1
still,0.0,sentibignomics_x0.1
stilt,0.01,sentibignomics_x0.1
stilted,-0.025,sentibignomics_x0.1
stimulant,0.04,sentibignomics_x0.1
stimulate,0.05,sentibignomics_x0.1
stimulating,0.07,sentibignomics_x0.1
stimulation,0.075,sentibignomics_x0.1
stimulative,0.025,sentibignomics_x0.1
stimulus,0.08,sentibignomics_x0.1
sting,-0.06,sentibignomics_x0.1
stinging,-0.03,sentibignomics_x0.1
stingy,-0.045,sentibignomics_x0.1
stink,-0.04,sentibignomics_x0.1
stipulate,0.0,sentibignomics_x0.1
stipulation,0.0,sentibignomics_x0.1
stir,0.035,sentibignomics_x0.1
stock,0.0,sentibignomics_x0.1
stockmarket,0.02,sentibignomics_x0.1
stockpile,0.02,sentibignomics_x0.1
stodgy,-0.045,sentibignomics_x0.1
stoic,0.0,sentibignomics_x0.1
stoke,0.025,sentibignomics_x0.1
stolid,0.04,sentibignomics_x0.1
stomp,-0.015,sentibignomics_x0.1
stonking,0.01,sentibignomics_x0.1
stoop,-0.035,sentibignomics_x0.1
stop,0.0,sentibignomics_x0.1
stopgap,-0.03,sentibignomics_x0.1
stoppage,-0.035,sentibignomics_x0.1
storm,-0.035,sentibignomics_x0.1
stormy,-0.045,sentibignomics_x0.1
story,0.0,sentibignomics_x0.1
stout,0.015,sentibignomics_x0.1
straddle,0.005,sentibignomics_x0.1
straight,0.02,sentibignomics_x0.1
straighten,0.035,sentibignomics_x0.1
straightforward,0.06,sentibignomics_x0.1
strain,-0.04,sentibignomics_x0.1
strait,-0.03,sentibignomics_x0.1
straitened,-0.03,sentibignomics_x0.1
straitjacket,-0.05,sentibignomics_x0.1
strange,-0.03,sentibignomics_x0.1
strangle,-0.075,sentibignomics_x0.1
stranglehold,-0.04,sentibignomics_x0.1
strap,-0.01,sentibignomics_x0.1
strategic,0.05,sentibignomics_x0.1
strategize,0.06,sentibignomics_x0.1
strategy,0.025,sentibignomics_x0.1
stratospheric,0.08,sentibignomics_x0.1
stray,-0.04,sentibignomics_x0.1
strenuous,-0.045,sentibignomics_x0.1
stress,-0.05,sentibignomics_x0.1
stressful,-0.05,sentibignomics_x0.1
stretch,0.01,sentibignomics_x0.1
strew,-0.01,sentibignomics_x0.1
stricken,-0.04,sentibignomics_x0.1
strict,-0.03,sentibignomics_x0.1
strictly,-0.01,sentibignomics_x0.1
stride,0.04,sentibignomics_x0.1
strident,-0.035,sentibignomics_x0.1
strife,-0.055,sentibignomics_x0.1
strike,-0.04,sentibignomics_x0.1
striker,-0.035,sentibignomics_x0.1
striking,-0.025,sentibignomics_x0.1
stringent,-0.01,sentibignomics_x0.1
strip,-0.035,sentibignomics_x0.1
stripe,0.0,sentibignomics_x0.1
strive,0.055,sentibignomics_x0.1
stroke,-0.005,sentibignomics_x0.1
stronghold,0.05,sentibignomics_x0.1
strongly,0.065,sentibignomics_x0.1
structural,0.005,sentibignomics_x0.1
structured,0.02,sentibignomics_x0.1
struggle,-0.055,sentibignomics_x0.1
stubborn,-0.05,sentibignomics_x0.1
stuck,-0.045,sentibignomics_x0.1
stud,0.0,sentibignomics_x0.1
stuffy,-0.03,sentibignomics_x0.1
stumble,-0.04,sentibignomics_x0.1
stump,-0.005,sentibignomics_x0.1
stun,-0.04,sentibignomics_x0.1
stunned,0.0,sentibignomics_x0.1
stunning,0.08,sentibignomics_x0.1
stunt,-0.02,sentibignomics_x0.1
stupendous,0.085,sentibignomics_x0.1
stupid,-0.08,sentibignomics_x0.1
stupidity,-0.075,sentibignomics_x0.1
sturdy,0.04,sentibignomics_x0.1
stutter,-0.04,sentibignomics_x0.1
stuttering,-0.04,sentibignomics_x0.1
stylish,0.055,sentibignomics_x0.1
stymie,-0.025,sentibignomics_x0.1
subdue,-0.03,sentibignomics_x0.1
subdued,-0.005,sentibignomics_x0.1
subject,0.0,sentibignomics_x0.1
subjection,-0.03,sentibignomics_x0.1
submerge,-0.005,sentibignomics_x0.1
submit,0.0,sentibignomics_x0.1
subordinated,-0.015,sentibignomics_x0.1
subpoena,0.0,sentibignomics_x0.1
subprime,0.035,sentibignomics_x0.1
subrogate,-0.015,sentibignomics_x0.1
subside,0.02,sentibignomics_x0.1
subsidiary,0.0,sentibignomics_x0.1
subsidize,0.04,sentibignomics_x0.1
subsidized,0.04,sentibignomics_x0.1
subsidy,0.035,sentibignomics_x0.1
subsist,0.0,sentibignomics_x0.1
substance,0.0,sentibignomics_x0.1
substandard,-0.03,sentibignomics_x0.1
substantial,0.05,sentibignomics_x0.1
substantiate,0.05,sentibignomics_x0.1
substantive,0.035,sentibignomics_x0.1
substitution,0.015,sentibignomics_x0.1
subtle,0.0,sentibignomics_x0.1
subvert,-0.035,sentibignomics_x0.1
successfully,0.08,sentibignomics_x0.1
succumb,-0.035,sentibignomics_x0.1
sudden,0.0,sentibignomics_x0.1
suddenly,0.0,sentibignomics_x0.1
sue,-0.045,sentibignomics_x0.1
suffer,-0.06,sentibignomics_x0.1
sufferer,-0.035,sentibignomics_x0.1
suffering,-0.05,sentibignomics_x0.1
sufficiency,0.025,sentibignomics_x0.1
sufficient,0.065,sentibignomics_x0.1
suffocate,-0.06,sentibignomics_x0.1
sugary,-0.01,sentibignomics_x0.1
suggest,0.01,sentibignomics_x0.1
suggestion,0.015,sentibignomics_x0.1
suggestive,0.0,sentibignomics_x0.1
suit,0.0,sentibignomics_x0.1
suitability,0.04,sentibignomics_x0.1
suitable,0.05,sentibignomics_x0.1
sully,-0.035,sentibignomics_x0.1
sum,0.02,sentibignomics_x0.1
summer,0.0,sentibignomics_x0.1
summit,0.005,sentibignomics_x0.1
summon,0.005,sentibignomics_x0.1
sumptuous,0.075,sentibignomics_x0.1
sunny,0.045,sentibignomics_x0.1
sunrise,0.06,sentibignomics_x0.1
sunset,0.0,sentibignomics_x0.1
sunshine,0.06,sentibignomics_x0.1
super,0.07,sentibignomics_x0.1
superb,0.09,sentibignomics_x0.1
supercharge,0.045,sentibignomics_x0.1
supercharged,0.045,sentibignomics_x0.1
superficial,-0.03,sentibignomics_x0.1
superfluous,-0.015,sentibignomics_x0.1
superheat,-0.015,sentibignomics_x0.1
superior,0.065,sentibignomics_x0.1
superiority,0.03,sentibignomics_x0.1
superlative,0.065,sentibignomics_x0.1
superlow,-0.035,sentibignomics_x0.1
supermarket,0.045,sentibignomics_x0.1
supersede,0.015,sentibignomics_x0.1
supersized,0.065,sentibignomics_x0.1
supersonic,0.06,sentibignomics_x0.1
supervise,0.02,sentibignomics_x0.1
supplant,-0.005,sentibignomics_x0.1
supplement,0.06,sentibignomics_x0.1
supplier,0.0,sentibignomics_x0.1
supply,0.035,sentibignomics_x0.1
support,0.055,sentibignomics_x0.1
supportive,0.07,sentibignomics_x0.1
suppose,0.0,sentibignomics_x0.1
suppress,-0.06,sentibignomics_x0.1
supreme,0.075,sentibignomics_x0.1
supremo,0.045,sentibignomics_x0.1
surcharge,-0.03,sentibignomics_x0.1
sure,0.015,sentibignomics_x0.1
surety,0.025,sentibignomics_x0.1
surge,0.04,sentibignomics_x0.1
surgery,0.0,sentibignomics_x0.1
surgical,0.0,sentibignomics_x0.1
surging,0.05,sentibignomics_x0.1
surmount,0.04,sentibignomics_x0.1
surpass,0.06,sentibignomics_x0.1
surplus,0.045,sentibignomics_x0.1
surprise,0.03,sentibignomics_x0.1
surprising,0.025,sentibignomics_x0.1
surreal,0.035,sentibignomics_x0.1
surrender,-0.045,sentibignomics_x0.1
surreptitious,-0.01,sentibignomics_x0.1
surround,0.0,sentibignomics_x0.1
surtax,-0.01,sentibignomics_x0.1
survival,0.065,sentibignomics_x0.1
survive,0.075,sentibignomics_x0.1
survivor,0.06,sentibignomics_x0.1
susceptibility,-0.025,sentibignomics_x0.1
susceptible,-0.03,sentibignomics_x0.1
suspect,-0.025,sentibignomics_x0.1
suspend,-0.035,sentibignomics_x0.1
suspension,-0.03,sentibignomics_x0.1
suspicion,-0.025,sentibignomics_x0.1
suspicious,-0.045,sentibignomics_x0.1
suspiciously,-0.035,sentibignomics_x0.1
sustain,0.025,sentibignomics_x0.1
sustainable,0.045,sentibignomics_x0.1
sustained,0.05,sentibignomics_x0.1
sustaining,0.05,sentibignomics_x0.1
swagger,0.025,sentibignomics_x0.1
swallow,-0.05,sentibignomics_x0.1
swamp,-0.035,sentibignomics_x0.1
swank,-0.01,sentibignomics_x0.1
swanky,0.025,sentibignomics_x0.1
swap,0.0,sentibignomics_x0.1
swashbuckling,0.0,sentibignomics_x0.1
swath,0.0,sentibignomics_x0.1
sway,0.0,sentibignomics_x0.1
swear,0.0,sentibignomics_x0.1
sweat,-0.015,sentibignomics_x0.1
sweatshop,-0.07,sentibignomics_x0.1
sweaty,0.0,sentibignomics_x0.1
sweeping,0.0,sentibignomics_x0.1
sweeten,0.05,sentibignomics_x0.1
sweetener,0.03,sentibignomics_x0.1
swell,0.04,sentibignomics_x0.1
swift,0.05,sentibignomics_x0.1
swindle,-0.045,sentibignomics_x0.1
swing,0.0,sentibignomics_x0.1
swipe,-0.01,sentibignomics_x0.1
swirl,-0.01,sentibignomics_x0.1
swollen,-0.04,sentibignomics_x0.1
swoon,0.015,sentibignomics_x0.1
swoop,-0.005,sentibignomics_x0.1
sword,0.0,sentibignomics_x0.1
sympathetic,0.035,sentibignomics_x0.1
sympathy,0.04,sentibignomics_x0.1
symptom,-0.02,sentibignomics_x0.1
syndicated,0.02,sentibignomics_x0.1
syndication,0.01,sentibignomics_x0.1
synergy,0.05,sentibignomics_x0.1
taboo,-0.045,sentibignomics_x0.1
tackle,-0.02,sentibignomics_x0.1
tactical,0.055,sentibignomics_x0.1
tailspin,-0.05,sentibignomics_x0.1
taint,-0.055,sentibignomics_x0.1
take,0.0,sentibignomics_x0.1
takeoff,0.03,sentibignomics_x0.1
takeover,0.005,sentibignomics_x0.1
talent,0.06,sentibignomics_x0.1
talented,0.055,sentibignomics_x0.1
talk,0.0,sentibignomics_x0.1
tame,0.01,sentibignomics_x0.1
tamp,-0.01,sentibignomics_x0.1
tamper,-0.04,sentibignomics_x0.1
tangible,0.06,sentibignomics_x0.1
tangled,-0.045,sentibignomics_x0.1
tantalizing,0.04,sentibignomics_x0.1
taper,-0.06,sentibignomics_x0.1
tardy,-0.04,sentibignomics_x0.1
target,0.0,sentibignomics_x0.1
targeted,0.04,sentibignomics_x0.1
tariff,-0.005,sentibignomics_x0.1
tarnish,-0.055,sentibignomics_x0.1
tarnished,-0.075,sentibignomics_x0.1
tasteful,0.05,sentibignomics_x0.1
tasty,0.05,sentibignomics_x0.1
tatter,-0.05,sentibignomics_x0.1
tattered,-0.06,sentibignomics_x0.1
tatty,-0.04,sentibignomics_x0.1
taut,0.0,sentibignomics_x0.1
tax,0.0,sentibignomics_x0.1
taxable,0.0,sentibignomics_x0.1
teach,0.025,sentibignomics_x0.1
tear,-0.045,sentibignomics_x0.1
teasing,-0.045,sentibignomics_x0.1
tech,0.0,sentibignomics_x0.1
technical,0.0,sentibignomics_x0.1
technological,0.055,sentibignomics_x0.1
tedious,-0.035,sentibignomics_x0.1
teeming,0.0,sentibignomics_x0.1
teeter,-0.03,sentibignomics_x0.1
temper,-0.025,sentibignomics_x0.1
temporary,0.0,sentibignomics_x0.1
tempt,-0.005,sentibignomics_x0.1
temptation,-0.015,sentibignomics_x0.1
tempting,0.025,sentibignomics_x0.1
tenacious,-0.05,sentibignomics_x0.1
tend,0.0,sentibignomics_x0.1
tense,-0.03,sentibignomics_x0.1
tension,-0.05,sentibignomics_x0.1
tentacle,-0.005,sentibignomics_x0.1
tentative,-0.005,sentibignomics_x0.1
tentatively,-0.005,sentibignomics_x0.1
tenuous,-0.035,sentibignomics_x0.1
tepid,-0.02,sentibignomics_x0.1
terminable,-0.03,sentibignomics_x0.1
terminate,-0.055,sentibignomics_x0.1
termination,-0.07,sentibignomics_x0.1
terminus,-0.005,sentibignomics_x0.1
terrible,-0.065,sentibignomics_x0.1
terrific,0.065,sentibignomics_x0.1
terrified,-0.075,sentibignomics_x0.1
terrifying,-0.08,sentibignomics_x0.1
territory,0.0,sentibignomics_x0.1
terrorize,-0.08,sentibignomics_x0.1
terse,-0.05,sentibignomics_x0.1
test,0.0,sentibignomics_x0.1
testify,0.0,sentibignomics_x0.1
testimony,0.0,sentibignomics_x0.1
testing,0.0,sentibignomics_x0.1
tether,-0.045,sentibignomics_x0.1
textured,0.02,sentibignomics_x0.1
thank,0.02,sentibignomics_x0.1
thankless,-0.055,sentibignomics_x0.1
thatched,0.0,sentibignomics_x0.1
thaw,-0.005,sentibignomics_x0.1
theft,-0.055,sentibignomics_x0.1
thence,0.0,sentibignomics_x0.1
thenceforth,0.0,sentibignomics_x0.1
thenceforward,0.0,sentibignomics_x0.1
therapeutic,0.04,sentibignomics_x0.1
thereafter,0.0,sentibignomics_x0.1
thereat,0.0,sentibignomics_x0.1
therefrom,0.0,sentibignomics_x0.1
therein,0.0,sentibignomics_x0.1
thereof,0.0,sentibignomics_x0.1
thereto,0.0,sentibignomics_x0.1
therewith,0.0,sentibignomics_x0.1
thick,0.01,sentibignomics_x0.1
thicket,-0.015,sentibignomics_x0.1
thief,-0.055,sentibignomics_x0.1
thin,-0.03,sentibignomics_x0.1
thing,0.0,sentibignomics_x0.1
think,0.0,sentibignomics_x0.1
thirsty,-0.005,sentibignomics_x0.1
thorn,-0.045,sentibignomics_x0.1
thorny,-0.05,sentibignomics_x0.1
thorough,0.04,sentibignomics_x0.1
thoughtful,0.045,sentibignomics_x0.1
thrall,-0.03,sentibignomics_x0.1
thrash,-0.045,sentibignomics_x0.1
threadbare,-0.025,sentibignomics_x0.1
threaten,-0.055,sentibignomics_x0.1
threatening,-0.065,sentibignomics_x0.1
threshold,0.0,sentibignomics_x0.1
thrift,0.0,sentibignomics_x0.1
thrifty,0.02,sentibignomics_x0.1
thrill,0.04,sentibignomics_x0.1
thriller,-0.03,sentibignomics_x0.1
thrilling,0.05,sentibignomics_x0.1
thrive,0.06,sentibignomics_x0.1
thriving,0.08,sentibignomics_x0.1
throe,-0.05,sentibignomics_x0.1
throng,0.005,sentibignomics_x0.1
throttle,0.015,sentibignomics_x0.1
throw,-0.03,sentibignomics_x0.1
throwaway,-0.035,sentibignomics_x0.1
throwback,0.0,sentibignomics_x0.1
thud,-0.04,sentibignomics_x0.1
thug,-0.05,sentibignomics_x0.1
thump,-0.045,sentibignomics_x0.1
thunder,-0.015,sentibignomics_x0.1
thwart,-0.035,sentibignomics_x0.1
tick,-0.005,sentibignomics_x0.1
tickle,0.03,sentibignomics_x0.1
tidy,0.05,sentibignomics_x0.1
tiered,0.005,sentibignomics_x0.1
tight,-0.025,sentibignomics_x0.1
tighten,-0.005,sentibignomics_x0.1
tightening,0.0,sentibignomics_x0.1
tightrope,-0.04,sentibignomics_x0.1
tilt,-0.02,sentibignomics_x0.1
time,0.0,sentibignomics_x0.1
timely,0.04,sentibignomics_x0.1
timid,-0.04,sentibignomics_x0.1
tinker,-0.005,sentibignomics_x0.1
tiny,-0.03,sentibignomics_x0.1
tipped,0.035,sentibignomics_x0.1
tire,-0.035,sentibignomics_x0.1
tired,-0.04,sentibignomics_x0.1
tireless,0.0,sentibignomics_x0.1
tiresome,-0.04,sentibignomics_x0.1
titanic,-0.045,sentibignomics_x0.1
toehold,0.0,sentibignomics_x0.1
toil,-0.04,sentibignomics_x0.1
tolerable,0.035,sentibignomics_x0.1
tolerance,0.045,sentibignomics_x0.1
tolerant,0.01,sentibignomics_x0.1
tolerate,0.005,sentibignomics_x0.1
toleration,0.02,sentibignomics_x0.1
toll,-0.03,sentibignomics_x0.1
tomb,-0.04,sentibignomics_x0.1
toned,0.025,sentibignomics_x0.1
tonic,0.02,sentibignomics_x0.1
tonne,0.0,sentibignomics_x0.1
top,0.05,sentibignomics_x0.1
topple,-0.04,sentibignomics_x0.1
torch,-0.01,sentibignomics_x0.1
torment,-0.06,sentibignomics_x0.1
torpedo,-0.035,sentibignomics_x0.1
torpid,-0.04,sentibignomics_x0.1
torpor,-0.025,sentibignomics_x0.1
torrid,-0.035,sentibignomics_x0.1
tort,-0.005,sentibignomics_x0.1
tortious,-0.055,sentibignomics_x0.1
tortiously,-0.05,sentibignomics_x0.1
tortuous,-0.06,sentibignomics_x0.1
tortuously,-0.045,sentibignomics_x0.1
torture,-0.06,sentibignomics_x0.1
total,0.0,sentibignomics_x0.1
totter,-0.03,sentibignomics_x0.1
touchdown,0.08,sentibignomics_x0.1
touchy,-0.035,sentibignomics_x0.1
tough,-0.03,sentibignomics_x0.1
toughen,-0.005,sentibignomics_x0.1
tow,-0.005,sentibignomics_x0.1
toxic,-0.065,sentibignomics_x0.1
track,0.0,sentibignomics_x0.1
trade,0.0,sentibignomics_x0.1
tradeable,0.04,sentibignomics_x0.1
trafficking,-0.085,sentibignomics_x0.1
tragedy,-0.08,sentibignomics_x0.1
tragic,-0.07,sentibignomics_x0.1
tragically,-0.07,sentibignomics_x0.1
trample,-0.05,sentibignomics_x0.1
tranquil,0.04,sentibignomics_x0.1
transformational,0.055,sentibignomics_x0.1
transformative,0.045,sentibignomics_x0.1
transgression,-0.065,sentibignomics_x0.1
transitory,0.03,sentibignomics_x0.1
translate,0.0,sentibignomics_x0.1
transmit,0.01,sentibignomics_x0.1
transparency,0.04,sentibignomics_x0.1
transparent,0.01,sentibignomics_x0.1
trash,-0.055,sentibignomics_x0.1
trauma,-0.065,sentibignomics_x0.1
traumatic,-0.06,sentibignomics_x0.1
traumatize,-0.08,sentibignomics_x0.1
traumatized,-0.07,sentibignomics_x0.1
travail,-0.04,sentibignomics_x0.1
treacherous,-0.08,sentibignomics_x0.1
treasure,0.055,sentibignomics_x0.1
treasured,0.07,sentibignomics_x0.1
treat,0.0,sentibignomics_x0.1
treatment,0.045,sentibignomics_x0.1
treaty,0.025,sentibignomics_x0.1
treble,0.03,sentibignomics_x0.1
tremble,-0.04,sentibignomics_x0.1
tremendous,0.07,sentibignomics_x0.1
tremendously,0.045,sentibignomics_x0.1
tremor,-0.05,sentibignomics_x0.1
trench,-0.015,sentibignomics_x0.1
trendy,0.05,sentibignomics_x0.1
trepidation,-0.04,sentibignomics_x0.1
trickle,-0.01,sentibignomics_x0.1
tricky,-0.02,sentibignomics_x0.1
trigger,-0.01,sentibignomics_x0.1
triple,0.0,sentibignomics_x0.1
triumph,0.085,sentibignomics_x0.1
triumphant,0.085,sentibignomics_x0.1
trivial,-0.02,sentibignomics_x0.1
trot,-0.01,sentibignomics_x0.1
trouble,-0.075,sentibignomics_x0.1
troublesome,-0.055,sentibignomics_x0.1
troubling,-0.05,sentibignomics_x0.1
trough,-0.005,sentibignomics_x0.1
trounce,-0.01,sentibignomics_x0.1
trove,0.035,sentibignomics_x0.1
truce,0.07,sentibignomics_x0.1
trudge,-0.045,sentibignomics_x0.1
trundle,-0.03,sentibignomics_x0.1
trust,0.045,sentibignomics_x0.1
trusted,0.055,sentibignomics_x0.1
trustworthy,0.065,sentibignomics_x0.1
truth,0.03,sentibignomics_x0.1
truthful,0.06,sentibignomics_x0.1
try,0.01,sentibignomics_x0.1
tsunami,-0.06,sentibignomics_x0.1
tug,-0.025,sentibignomics_x0.1
tumble,-0.04,sentibignomics_x0.1
tumbledown,-0.03,sentibignomics_x0.1
tumult,-0.035,sentibignomics_x0.1
tumultuous,-0.03,sentibignomics_x0.1
turbine,0.0,sentibignomics_x0.1
turbocharged,0.05,sentibignomics_x0.1
turbulence,-0.045,sentibignomics_x0.1
turbulent,-0.035,sentibignomics_x0.1
turmoil,-0.07,sentibignomics_x0.1
turn,0.025,sentibignomics_x0.1
turnaround,0.05,sentibignomics_x0.1
turnout,0.005,sentibignomics_x0.1
turnover,-0.035,sentibignomics_x0.1
tussle,-0.035,sentibignomics_x0.1
tutelage,0.045,sentibignomics_x0.1
tweak,0.01,sentibignomics_x0.1
twist,-0.015,sentibignomics_x0.1
twisted,-0.04,sentibignomics_x0.1
twitch,-0.005,sentibignomics_x0.1
twitchy,-0.03,sentibignomics_x0.1
type,0.0,sentibignomics_x0.1
tyrannical,-0.07,sentibignomics_x0.1
tyranny,-0.045,sentibignomics_x0.1
ubiquitous,0.005,sentibignomics_x0.1
ugly,-0.065,sentibignomics_x0.1
uk,0.0,sentibignomics_x0.1
ultimate,0.06,sentibignomics_x0.1
ultra,0.04,sentibignomics_x0.1
ultraloose,-0.02,sentibignomics_x0.1
ultralow,-0.035,sentibignomics_x0.1
unable,-0.04,sentibignomics_x0.1
unacceptable,-0.05,sentibignomics_x0.1
unacceptably,-0.055,sentibignomics_x0.1
unaccountable,-0.06,sentibignomics_x0.1
unaccounted,-0.03,sentibignomics_x0.1
unaccustomed,-0.04,sentibignomics_x0.1
unaffected,0.0,sentibignomics_x0.1
unaffordable,-0.06,sentibignomics_x0.1
unaltered,0.0,sentibignomics_x0.1
unambiguously,0.005,sentibignomics_x0.1
unanimous,0.015,sentibignomics_x0.1
unannounced,-0.03,sentibignomics_x0.1
unanswered,-0.03,sentibignomics_x0.1
unanticipated,-0.02,sentibignomics_x0.1
unappealable,-0.05,sentibignomics_x0.1
unappealing,-0.07,sentibignomics_x0.1
unapproved,-0.06,sentibignomics_x0.1
unassailable,0.015,sentibignomics_x0.1
unassuming,-0.005,sentibignomics_x0.1
unattainable,-0.08,sentibignomics_x0.1
unattractive,-0.045,sentibignomics_x0.1
unaudited,-0.045,sentibignomics_x0.1
unauthorized,-0.04,sentibignomics_x0.1
unavailability,-0.025,sentibignomics_x0.1
unavailable,-0.02,sentibignomics_x0.1
unavoidable,-0.03,sentibignomics_x0.1
unavoidably,-0.03,sentibignomics_x0.1
unaware,-0.03,sentibignomics_x0.1
unbalanced,-0.04,sentibignomics_x0.1
unbearable,-0.07,sentibignomics_x0.1
unbeatable,0.055,sentibignomics_x0.1
unbelievable,0.005,sentibignomics_x0.1
unbiased,0.055,sentibignomics_x0.1
unblemished,0.07,sentibignomics_x0.1
unblock,0.03,sentibignomics_x0.1
unbridled,0.065,sentibignomics_x0.1
unbroken,0.06,sentibignomics_x0.1
unburden,0.045,sentibignomics_x0.1
uncanny,0.0,sentibignomics_x0.1
uncertainly,-0.03,sentibignomics_x0.1
unchanged,-0.015,sentibignomics_x0.1
uncharacteristic,-0.04,sentibignomics_x0.1
uncharted,-0.025,sentibignomics_x0.1
unclear,-0.025,sentibignomics_x0.1
uncollectable,-0.035,sentibignomics_x0.1
uncollected,-0.03,sentibignomics_x0.1
uncollectible,-0.035,sentibignomics_x0.1
uncomfortable,-0.04,sentibignomics_x0.1
uncommitted,-0.07,sentibignomics_x0.1
uncommon,-0.01,sentibignomics_x0.1
uncompetitive,-0.03,sentibignomics_x0.1
uncompleted,-0.035,sentibignomics_x0.1
uncomplicated,0.05,sentibignomics_x0.1
uncompromising,-0.02,sentibignomics_x0.1
unconcerned,-0.04,sentibignomics_x0.1
unconditional,0.03,sentibignomics_x0.1
unconfirmed,-0.025,sentibignomics_x0.1
unconscionable,-0.05,sentibignomics_x0.1
unconscionably,-0.06,sentibignomics_x0.1
unconscious,-0.07,sentibignomics_x0.1
unconsolidated,-0.035,sentibignomics_x0.1
unconstitutional,-0.07,sentibignomics_x0.1
unconstitutionality,-0.075,sentibignomics_x0.1
unconstitutionally,-0.08,sentibignomics_x0.1
uncontrollable,-0.06,sentibignomics_x0.1
uncontrollably,-0.04,sentibignomics_x0.1
uncontrolled,-0.04,sentibignomics_x0.1
unconventional,0.0,sentibignomics_x0.1
unconvinced,-0.04,sentibignomics_x0.1
unconvincing,-0.04,sentibignomics_x0.1
uncooperative,-0.04,sentibignomics_x0.1
uncorrected,-0.05,sentibignomics_x0.1
uncover,0.0,sentibignomics_x0.1
undamaged,0.065,sentibignomics_x0.1
undecided,-0.03,sentibignomics_x0.1
undefined,-0.03,sentibignomics_x0.1
undeliverable,-0.055,sentibignomics_x0.1
undelivered,-0.045,sentibignomics_x0.1
undemanding,-0.04,sentibignomics_x0.1
undemocratic,-0.05,sentibignomics_x0.1
undeniable,0.01,sentibignomics_x0.1
underappreciated,-0.065,sentibignomics_x0.1
underbid,-0.015,sentibignomics_x0.1
undercapitalised,-0.035,sentibignomics_x0.1
undercapitalized,-0.04,sentibignomics_x0.1
undercount,-0.03,sentibignomics_x0.1
undercover,-0.03,sentibignomics_x0.1
undercut,-0.03,sentibignomics_x0.1
underdeveloped,-0.06,sentibignomics_x0.1
underdog,0.005,sentibignomics_x0.1
underemployed,-0.07,sentibignomics_x0.1
underemployment,-0.06,sentibignomics_x0.1
underestimate,-0.045,sentibignomics_x0.1
underestimation,-0.03,sentibignomics_x0.1
underfinanced,-0.075,sentibignomics_x0.1
underfund,-0.04,sentibignomics_x0.1
underfunding,-0.055,sentibignomics_x0.1
undergird,-0.01,sentibignomics_x0.1
undergo,0.0,sentibignomics_x0.1
underinsured,-0.035,sentibignomics_x0.1
underinvest,-0.05,sentibignomics_x0.1
underlie,-0.01,sentibignomics_x0.1
undermine,-0.04,sentibignomics_x0.1
underpay,-0.045,sentibignomics_x0.1
underpayment,-0.055,sentibignomics_x0.1
underperform,-0.04,sentibignomics_x0.1
underperformance,-0.035,sentibignomics_x0.1
underplay,-0.04,sentibignomics_x0.1
underprice,-0.04,sentibignomics_x0.1
underpriced,-0.02,sentibignomics_x0.1
underpricing,-0.035,sentibignomics_x0.1
underproduced,-0.05,sentibignomics_x0.1
underproduction,-0.055,sentibignomics_x0.1
underrated,-0.035,sentibignomics_x0.1
underreport,-0.05,sentibignomics_x0.1
underreported,-0.075,sentibignomics_x0.1
undersell,-0.04,sentibignomics_x0.1
underserved,-0.04,sentibignomics_x0.1
undershoot,-0.025,sentibignomics_x0.1
understaffed,-0.055,sentibignomics_x0.1
understandable,0.04,sentibignomics_x0.1
understanding,0.05,sentibignomics_x0.1
understate,-0.03,sentibignomics_x0.1
understatement,-0.01,sentibignomics_x0.1
undertake,0.015,sentibignomics_x0.1
undertaking,-0.015,sentibignomics_x0.1
underused,-0.005,sentibignomics_x0.1
underutilisation,-0.05,sentibignomics_x0.1
underutilization,-0.04,sentibignomics_x0.1
underutilize,-0.04,sentibignomics_x0.1
undervalue,-0.025,sentibignomics_x0.1
undervalued,-0.06,sentibignomics_x0.1
underwater,0.0,sentibignomics_x0.1
underweight,-0.03,sentibignomics_x0.1
underwrite,0.0,sentibignomics_x0.1
undeserved,-0.05,sentibignomics_x0.1
undesignated,-0.02,sentibignomics_x0.1
undesirable,-0.05,sentibignomics_x0.1
undesired,-0.035,sentibignomics_x0.1
undetectable,-0.03,sentibignomics_x0.1
undetected,-0.03,sentibignomics_x0.1
undetermined,-0.03,sentibignomics_x0.1
undeveloped,-0.055,sentibignomics_x0.1
undischarged,-0.03,sentibignomics_x0.1
undisclosed,-0.025,sentibignomics_x0.1
undiscovered,-0.035,sentibignomics_x0.1
undisputed,0.0,sentibignomics_x0.1
undistinguished,-0.04,sentibignomics_x0.1
undistributed,0.015,sentibignomics_x0.1
undocumented,-0.03,sentibignomics_x0.1
undoubted,0.04,sentibignomics_x0.1
undoubtedly,0.03,sentibignomics_x0.1
undue,-0.03,sentibignomics_x0.1
unduly,-0.03,sentibignomics_x0.1
unearned,-0.03,sentibignomics_x0.1
unearth,0.0,sentibignomics_x0.1
unease,-0.04,sentibignomics_x0.1
uneasy,-0.02,sentibignomics_x0.1
uneconomic,-0.04,sentibignomics_x0.1
uneconomical,-0.06,sentibignomics_x0.1
uneconomically,-0.065,sentibignomics_x0.1
uneducated,-0.055,sentibignomics_x0.1
unemployed,-0.075,sentibignomics_x0.1
unemployment,-0.07,sentibignomics_x0.1
unencumbered,0.055,sentibignomics_x0.1
unending,0.015,sentibignomics_x0.1
unenforceability,-0.04,sentibignomics_x0.1
unenforceable,-0.065,sentibignomics_x0.1
unenthusiastic,-0.04,sentibignomics_x0.1
unenviable,-0.025,sentibignomics_x0.1
unequal,-0.05,sentibignomics_x0.1
unequivocal,-0.01,sentibignomics_x0.1
unequivocally,0.0,sentibignomics_x0.1
unethical,-0.075,sentibignomics_x0.1
unethically,-0.08,sentibignomics_x0.1
unexciting,-0.045,sentibignomics_x0.1
unexercised,-0.03,sentibignomics_x0.1
unexpected,-0.01,sentibignomics_x0.1
unexpectedly,-0.03,sentibignomics_x0.1
unexplained,-0.04,sentibignomics_x0.1
unfair,-0.04,sentibignomics_x0.1
unfairly,-0.055,sentibignomics_x0.1
unfamiliar,-0.03,sentibignomics_x0.1
unfamiliarity,-0.035,sentibignomics_x0.1
unfashionable,-0.04,sentibignomics_x0.1
unfavorably,-0.04,sentibignomics_x0.1
unfavourable,-0.06,sentibignomics_x0.1
unfeasible,-0.06,sentibignomics_x0.1
unfettered,0.045,sentibignomics_x0.1
unfilled,-0.045,sentibignomics_x0.1
unfinished,-0.045,sentibignomics_x0.1
unfit,-0.035,sentibignomics_x0.1
unfitness,-0.05,sentibignomics_x0.1
unfocused,-0.04,sentibignomics_x0.1
unfold,0.005,sentibignomics_x0.1
unforeseeable,-0.04,sentibignomics_x0.1
unforeseen,-0.03,sentibignomics_x0.1
unforgettable,0.025,sentibignomics_x0.1
unforgiving,-0.06,sentibignomics_x0.1
unforseen,-0.035,sentibignomics_x0.1
unfortunate,-0.05,sentibignomics_x0.1
unfortunately,-0.045,sentibignomics_x0.1
unfounded,-0.04,sentibignomics_x0.1
unfreeze,0.05,sentibignomics_x0.1
unfriendly,-0.045,sentibignomics_x0.1
unfulfilled,-0.04,sentibignomics_x0.1
unfulfilling,-0.055,sentibignomics_x0.1
unfunded,-0.045,sentibignomics_x0.1
ungeared,-0.035,sentibignomics_x0.1
unglamorous,-0.04,sentibignomics_x0.1
unguaranteed,-0.055,sentibignomics_x0.1
unhappiness,-0.06,sentibignomics_x0.1
unhappy,-0.06,sentibignomics_x0.1
unharmed,0.045,sentibignomics_x0.1
unhealthy,-0.055,sentibignomics_x0.1
unheard,-0.035,sentibignomics_x0.1
unheated,-0.035,sentibignomics_x0.1
unhedged,-0.035,sentibignomics_x0.1
unhelpful,-0.07,sentibignomics_x0.1
unidentifiable,-0.035,sentibignomics_x0.1
unidentified,-0.025,sentibignomics_x0.1
unified,0.075,sentibignomics_x0.1
uniform,0.04,sentibignomics_x0.1
uniformed,0.0,sentibignomics_x0.1
unimaginable,-0.015,sentibignomics_x0.1
unimaginative,-0.055,sentibignomics_x0.1
unimportant,-0.035,sentibignomics_x0.1
unimpressed,-0.05,sentibignomics_x0.1
unimpressive,-0.045,sentibignomics_x0.1
uninhabited,0.0,sentibignomics_x0.1
uninspired,-0.035,sentibignomics_x0.1
uninspiring,-0.06,sentibignomics_x0.1
uninsured,-0.05,sentibignomics_x0.1
unintended,-0.03,sentibignomics_x0.1
unintentional,-0.02,sentibignomics_x0.1
unintentionally,-0.03,sentibignomics_x0.1
uninterested,-0.04,sentibignomics_x0.1
uninterrupted,0.055,sentibignomics_x0.1
unionize,0.005,sentibignomics_x0.1
unison,0.015,sentibignomics_x0.1
unit,0.0,sentibignomics_x0.1
universal,0.055,sentibignomics_x0.1
unjust,-0.05,sentibignomics_x0.1
unjustifiable,-0.065,sentibignomics_x0.1
unjustifiably,-0.055,sentibignomics_x0.1
unjustified,-0.035,sentibignomics_x0.1
unjustly,-0.06,sentibignomics_x0.1
unknowing,-0.025,sentibignomics_x0.1
unknowingly,-0.035,sentibignomics_x0.1
unknown,-0.015,sentibignomics_x0.1
unlawful,-0.075,sentibignomics_x0.1
unlawfully,-0.045,sentibignomics_x0.1
unlawfulness,-0.07,sentibignomics_x0.1
unleash,0.01,sentibignomics_x0.1
unlicensed,-0.04,sentibignomics_x0.1
unlikely,-0.04,sentibignomics_x0.1
unlimited,0.04,sentibignomics_x0.1
unlisted,-0.015,sentibignomics_x0.1
unload,0.025,sentibignomics_x0.1
unlock,0.02,sentibignomics_x0.1
unlocked,0.04,sentibignomics_x0.1
unloved,-0.08,sentibignomics_x0.1
unlucky,-0.05,sentibignomics_x0.1
unmanageable,-0.045,sentibignomics_x0.1
unmarketable,-0.05,sentibignomics_x0.1
unmask,-0.01,sentibignomics_x0.1
unmatched,-0.01,sentibignomics_x0.1
unmerchantable,-0.04,sentibignomics_x0.1
unmet,-0.02,sentibignomics_x0.1
unmistakable,0.05,sentibignomics_x0.1
unmoved,0.0,sentibignomics_x0.1
unnamed,0.0,sentibignomics_x0.1
unnecessarily,-0.03,sentibignomics_x0.1
unnecessary,-0.03,sentibignomics_x0.1
unneeded,-0.03,sentibignomics_x0.1
unnerving,-0.055,sentibignomics_x0.1
unobservable,-0.035,sentibignomics_x0.1
unobtainable,-0.04,sentibignomics_x0.1
unoccupied,-0.03,sentibignomics_x0.1
unpaid,-0.055,sentibignomics_x0.1
unpalatable,-0.075,sentibignomics_x0.1
unparalleled,0.02,sentibignomics_x0.1
unperformed,-0.04,sentibignomics_x0.1
unplanned,-0.03,sentibignomics_x0.1
unpleasant,-0.055,sentibignomics_x0.1
unpopular,-0.04,sentibignomics_x0.1
unprecedented,0.0,sentibignomics_x0.1
unpredictability,-0.055,sentibignomics_x0.1
unpredictable,-0.03,sentibignomics_x0.1
unpredictably,-0.03,sentibignomics_x0.1
unpredicted,-0.03,sentibignomics_x0.1
unprepared,-0.035,sentibignomics_x0.1
unpretentious,0.04,sentibignomics_x0.1
unproductive,-0.07,sentibignomics_x0.1
unprofitability,-0.075,sentibignomics_x0.1
unprofitable,-0.075,sentibignomics_x0.1
unpromising,-0.05,sentibignomics_x0.1
unprotected,-0.05,sentibignomics_x0.1
unproved,-0.04,sentibignomics_x0.1
unproven,-0.02,sentibignomics_x0.1
unqualified,-0.065,sentibignomics_x0.1
unquantifiable,-0.035,sentibignomics_x0.1
unquantified,-0.015,sentibignomics_x0.1
unquenchable,-0.03,sentibignomics_x0.1
unrated,0.0,sentibignomics_x0.1
unravel,-0.05,sentibignomics_x0.1
unrealistic,-0.035,sentibignomics_x0.1
unrealized,-0.04,sentibignomics_x0.1
unreasonable,-0.06,sentibignomics_x0.1
unreasonableness,-0.055,sentibignomics_x0.1
unreasonably,-0.035,sentibignomics_x0.1
unreceptive,-0.04,sentibignomics_x0.1
unrecognizable,-0.035,sentibignomics_x0.1
unreconciled,-0.03,sentibignomics_x0.1
unrecoverable,-0.055,sentibignomics_x0.1
unregulated,-0.045,sentibignomics_x0.1
unrelated,-0.01,sentibignomics_x0.1
unrelenting,-0.055,sentibignomics_x0.1
unreliable,-0.04,sentibignomics_x0.1
unremarkable,-0.035,sentibignomics_x0.1
unremitting,-0.03,sentibignomics_x0.1
unreported,-0.03,sentibignomics_x0.1
unresolved,-0.06,sentibignomics_x0.1
unresponsive,-0.05,sentibignomics_x0.1
unrest,-0.06,sentibignomics_x0.1
unrestrained,0.04,sentibignomics_x0.1
unrestricted,0.03,sentibignomics_x0.1
unrewarding,-0.04,sentibignomics_x0.1
unrivaled,0.03,sentibignomics_x0.1
unruly,-0.07,sentibignomics_x0.1
unsafe,-0.07,sentibignomics_x0.1
unsalable,-0.05,sentibignomics_x0.1
unsaleable,-0.04,sentibignomics_x0.1
unsatisfactory,-0.07,sentibignomics_x0.1
unsatisfied,-0.055,sentibignomics_x0.1
unsatisfying,-0.055,sentibignomics_x0.1
unsavory,-0.05,sentibignomics_x0.1
unscathed,0.04,sentibignomics_x0.1
unscheduled,-0.015,sentibignomics_x0.1
unscrupulous,-0.045,sentibignomics_x0.1
unseasonable,-0.03,sentibignomics_x0.1
unseasonably,-0.03,sentibignomics_x0.1
unsecured,-0.03,sentibignomics_x0.1
unseemly,-0.03,sentibignomics_x0.1
unseen,-0.02,sentibignomics_x0.1
unsellable,-0.045,sentibignomics_x0.1
unsentimental,-0.03,sentibignomics_x0.1
unsettle,-0.03,sentibignomics_x0.1
unsettling,-0.06,sentibignomics_x0.1
unsightly,-0.055,sentibignomics_x0.1
unskilled,-0.035,sentibignomics_x0.1
unsold,-0.03,sentibignomics_x0.1
unsolicited,-0.02,sentibignomics_x0.1
unsophisticated,-0.03,sentibignomics_x0.1
unsound,-0.035,sentibignomics_x0.1
unspecific,-0.025,sentibignomics_x0.1
unspecified,-0.02,sentibignomics_x0.1
unspectacular,-0.055,sentibignomics_x0.1
unspent,0.06,sentibignomics_x0.1
unspoken,-0.005,sentibignomics_x0.1
unstabilized,-0.05,sentibignomics_x0.1
unstable,-0.045,sentibignomics_x0.1
unsteady,-0.035,sentibignomics_x0.1
unstoppable,0.01,sentibignomics_x0.1
unsubsidised,-0.03,sentibignomics_x0.1
unsubsidized,0.005,sentibignomics_x0.1
unsubstantiated,-0.05,sentibignomics_x0.1
unsuccessful,-0.065,sentibignomics_x0.1
unsuccessfully,-0.08,sentibignomics_x0.1
unsuitability,-0.045,sentibignomics_x0.1
unsuitable,-0.05,sentibignomics_x0.1
unsuitably,-0.05,sentibignomics_x0.1
unsuited,-0.05,sentibignomics_x0.1
unsure,-0.02,sentibignomics_x0.1
unsurpassed,0.045,sentibignomics_x0.1
unsuspected,-0.015,sentibignomics_x0.1
unsuspecting,-0.03,sentibignomics_x0.1
unsustainable,-0.055,sentibignomics_x0.1
untangle,0.035,sentibignomics_x0.1
untapped,0.02,sentibignomics_x0.1
untenable,-0.04,sentibignomics_x0.1
untested,-0.025,sentibignomics_x0.1
unthinkable,-0.03,sentibignomics_x0.1
untimely,-0.04,sentibignomics_x0.1
unto,0.0,sentibignomics_x0.1
untold,-0.04,sentibignomics_x0.1
untouchable,0.025,sentibignomics_x0.1
untouched,0.0,sentibignomics_x0.1
untrained,-0.05,sentibignomics_x0.1
untried,0.0,sentibignomics_x0.1
untruth,-0.04,sentibignomics_x0.1
untruthful,-0.08,sentibignomics_x0.1
untruthfully,-0.045,sentibignomics_x0.1
untruthfulness,-0.06,sentibignomics_x0.1
unusable,-0.045,sentibignomics_x0.1
unused,-0.015,sentibignomics_x0.1
unusual,-0.015,sentibignomics_x0.1
unusually,-0.03,sentibignomics_x0.1
unveil,0.03,sentibignomics_x0.1
unviable,-0.05,sentibignomics_x0.1
unwanted,-0.05,sentibignomics_x0.1
unwarranted,-0.035,sentibignomics_x0.1
unwavering,0.02,sentibignomics_x0.1
unwelcome,-0.03,sentibignomics_x0.1
unwieldy,-0.04,sentibignomics_x0.1
unwilling,-0.03,sentibignomics_x0.1
unwillingnes,-0.04,sentibignomics_x0.1
unwillingness,-0.05,sentibignomics_x0.1
unwind,-0.01,sentibignomics_x0.1
unwise,-0.07,sentibignomics_x0.1
unworkable,-0.07,sentibignomics_x0.1
unworthy,-0.045,sentibignomics_x0.1
unwritten,-0.015,sentibignomics_x0.1
unyielding,-0.015,sentibignomics_x0.1
upbeat,0.06,sentibignomics_x0.1
upcoming,0.0,sentibignomics_x0.1
update,0.035,sentibignomics_x0.1
upend,0.005,sentibignomics_x0.1
upgrade,0.05,sentibignomics_x0.1
upgrading,0.05,sentibignomics_x0.1
upheaval,-0.045,sentibignomics_x0.1
uphill,0.07,sentibignomics_x0.1
uphold,0.045,sentibignomics_x0.1
upkeep,0.055,sentibignomics_x0.1
uplift,0.055,sentibignomics_x0.1
uplifting,0.06,sentibignomics_x0.1
upmarket,0.04,sentibignomics_x0.1
upper,0.025,sentibignomics_x0.1
uprat,-0.015,sentibignomics_x0.1
upright,0.07,sentibignomics_x0.1
uprising,0.035,sentibignomics_x0.1
uproar,0.005,sentibignomics_x0.1
uproot,-0.03,sentibignomics_x0.1
upscale,0.055,sentibignomics_x0.1
upset,-0.04,sentibignomics_x0.1
upside,0.03,sentibignomics_x0.1
upstanding,0.07,sentibignomics_x0.1
upstart,0.05,sentibignomics_x0.1
upsurge,0.06,sentibignomics_x0.1
upswing,0.045,sentibignomics_x0.1
uptick,0.025,sentibignomics_x0.1
upturn,0.04,sentibignomics_x0.1
upward,0.055,sentibignomics_x0.1
urge,0.03,sentibignomics_x0.1
urgency,-0.02,sentibignomics_x0.1
urgent,-0.02,sentibignomics_x0.1
urging,0.025,sentibignomics_x0.1
use,0.0,sentibignomics_x0.1
useful,0.045,sentibignomics_x0.1
usefulness,0.05,sentibignomics_x0.1
useless,-0.06,sentibignomics_x0.1
usurious,-0.075,sentibignomics_x0.1
usurp,-0.02,sentibignomics_x0.1
usurpation,-0.035,sentibignomics_x0.1
usury,-0.055,sentibignomics_x0.1
utility,0.005,sentibignomics_x0.1
utilization,0.055,sentibignomics_x0.1
utmost,0.045,sentibignomics_x0.1
utopian,0.065,sentibignomics_x0.1
utter,-0.005,sentibignomics_x0.1
vacancy,0.03,sentibignomics_x0.1
vagary,-0.025,sentibignomics_x0.1
vague,-0.02,sentibignomics_x0.1
vagueness,-0.025,sentibignomics_x0.1
vaguenesses,-0.03,sentibignomics_x0.1
vain,-0.03,sentibignomics_x0.1
valiant,0.065,sentibignomics_x0.1
valid,0.045,sentibignomics_x0.1
validate,0.055,sentibignomics_x0.1
validity,0.025,sentibignomics_x0.1
valuable,0.06,sentibignomics_x0.1
value,0.03,sentibignomics_x0.1
vandalism,-0.055,sentibignomics_x0.1
vandalize,-0.07,sentibignomics_x0.1
vanguard,0.03,sentibignomics_x0.1
vanquish,-0.045,sentibignomics_x0.1
variability,0.0,sentibignomics_x0.1
variable,0.0,sentibignomics_x0.1
variably,0.0,sentibignomics_x0.1
variance,0.0,sentibignomics_x0.1
variant,0.0,sentibignomics_x0.1
variation,0.0,sentibignomics_x0.1
variety,0.025,sentibignomics_x0.1
vary,0.0,sentibignomics_x0.1
vast,0.03,sentibignomics_x0.1
vaunted,0.045,sentibignomics_x0.1
veer,0.0,sentibignomics_x0.1
vehicle,0.0,sentibignomics_x0.1
veiled,-0.025,sentibignomics_x0.1
veneer,0.0,sentibignomics_x0.1
venerable,0.07,sentibignomics_x0.1
venerate,0.065,sentibignomics_x0.1
vengeance,-0.06,sentibignomics_x0.1
vent,-0.005,sentibignomics_x0.1
venture,0.0,sentibignomics_x0.1
verdict,0.0,sentibignomics_x0.1
verge,0.0,sentibignomics_x0.1
verify,0.035,sentibignomics_x0.1
veritable,0.03,sentibignomics_x0.1
versatile,0.03,sentibignomics_x0.1
versatility,0.06,sentibignomics_x0.1
verve,0.04,sentibignomics_x0.1
vested,0.02,sentibignomics_x0.1
veto,0.0,sentibignomics_x0.1
vex,-0.045,sentibignomics_x0.1
vexing,-0.025,sentibignomics_x0.1
viability,0.04,sentibignomics_x0.1
viable,0.045,sentibignomics_x0.1
vibrancy,0.045,sentibignomics_x0.1
vibrant,0.06,sentibignomics_x0.1
vicious,-0.05,sentibignomics_x0.1
victim,-0.065,sentibignomics_x0.1
victimize,-0.065,sentibignomics_x0.1
victorious,0.07,sentibignomics_x0.1
victory,0.075,sentibignomics_x0.1
vie,0.0,sentibignomics_x0.1
view,0.0,sentibignomics_x0.1
vigilant,0.06,sentibignomics_x0.1
vigor,0.025,sentibignomics_x0.1
vigorous,0.015,sentibignomics_x0.1
vilify,-0.045,sentibignomics_x0.1
villain,-0.07,sentibignomics_x0.1
vindicate,-0.01,sentibignomics_x0.1
vindication,-0.03,sentibignomics_x0.1
vine,0.0,sentibignomics_x0.1
violate,-0.055,sentibignomics_x0.1
violation,-0.08,sentibignomics_x0.1
violative,-0.075,sentibignomics_x0.1
violator,-0.06,sentibignomics_x0.1
violence,-0.09,sentibignomics_x0.1
violent,-0.075,sentibignomics_x0.1
violently,-0.07,sentibignomics_x0.1
virtual,0.0,sentibignomics_x0.1
virtuous,0.06,sentibignomics_x0.1
virulent,-0.07,sentibignomics_x0.1
virus,-0.08,sentibignomics_x0.1
visceral,0.0,sentibignomics_x0.1
visibility,0.04,sentibignomics_x0.1
visible,0.02,sentibignomics_x0.1
visionary,0.04,sentibignomics_x0.1
vital,0.065,sentibignomics_x0.1
vitality,0.06,sentibignomics_x0.1
vitiate,-0.02,sentibignomics_x0.1
vitiation,0.0,sentibignomics_x0.1
vivid,0.045,sentibignomics_x0.1
vociferous,-0.045,sentibignomics_x0.1
vogue,0.03,sentibignomics_x0.1
void,-0.035,sentibignomics_x0.1
volatile,-0.08,sentibignomics_x0.1
volatility,-0.055,sentibignomics_x0.1
volume,0.01,sentibignomics_x0.1
voracious,-0.02,sentibignomics_x0.1
vote,0.0,sentibignomics_x0.1
vulnerability,-0.04,sentibignomics_x0.1
vulnerable,-0.03,sentibignomics_x0.1
vulnerably,-0.045,sentibignomics_x0.1
wacky,-0.015,sentibignomics_x0.1
wade,0.0,sentibignomics_x0.1
wag,0.0,sentibignomics_x0.1
wage,0.01,sentibignomics_x0.1
wager,-0.02,sentibignomics_x0.1
wail,-0.04,sentibignomics_x0.1
waive,0.04,sentibignomics_x0.1
waiver,0.035,sentibignomics_x0.1
wake,0.04,sentibignomics_x0.1
walkout,-0.02,sentibignomics_x0.1
wall,0.0,sentibignomics_x0.1
walled,-0.02,sentibignomics_x0.1
wallop,-0.04,sentibignomics_x0.1
wallow,-0.04,sentibignomics_x0.1
wan,-0.01,sentibignomics_x0.1
wand,0.0,sentibignomics_x0.1
wander,0.01,sentibignomics_x0.1
wane,-0.015,sentibignomics_x0.1
wangle,-0.005,sentibignomics_x0.1
want,0.0,sentibignomics_x0.1
war,-0.08,sentibignomics_x0.1
warfare,-0.08,sentibignomics_x0.1
wariness,-0.035,sentibignomics_x0.1
warlord,-0.055,sentibignomics_x0.1
warm,0.015,sentibignomics_x0.1
warn,-0.005,sentibignomics_x0.1
wartime,-0.06,sentibignomics_x0.1
wary,-0.035,sentibignomics_x0.1
washed,-0.03,sentibignomics_x0.1
waste,-0.045,sentibignomics_x0.1
wasteful,-0.065,sentibignomics_x0.1
watch,0.0,sentibignomics_x0.1
watchful,0.055,sentibignomics_x0.1
water,0.0,sentibignomics_x0.1
waver,0.0,sentibignomics_x0.1
way,0.0,sentibignomics_x0.1
wayside,-0.005,sentibignomics_x0.1
wayward,-0.025,sentibignomics_x0.1
weakly,-0.035,sentibignomics_x0.1
wealth,0.1,sentibignomics_x0.1
wealthy,0.085,sentibignomics_x0.1
wean,0.0,sentibignomics_x0.1
weapon,-0.04,sentibignomics_x0.1
weary,-0.04,sentibignomics_x0.1
weather,0.0,sentibignomics_x0.1
weathered,0.0,sentibignomics_x0.1
weave,0.005,sentibignomics_x0.1
website,0.0,sentibignomics_x0.1
wedge,0.0,sentibignomics_x0.1
wee,-0.005,sentibignomics_x0.1
weigh,0.0,sentibignomics_x0.1
weight,-0.005,sentibignomics_x0.1
weighty,0.005,sentibignomics_x0.1
weird,-0.04,sentibignomics_x0.1
welcoming,0.07,sentibignomics_x0.1
welfare,0.0,sentibignomics_x0.1
wellbeing,0.04,sentibignomics_x0.1
welter,-0.01,sentibignomics_x0.1
western,0.0,sentibignomics_x0.1
whack,-0.04,sentibignomics_x0.1
whammy,-0.04,sentibignomics_x0.1
whatever,0.0,sentibignomics_x0.1
whatsoever,0.0,sentibignomics_x0.1
wheel,0.0,sentibignomics_x0.1
whereabouts,0.0,sentibignomics_x0.1
whereby,0.0,sentibignomics_x0.1
wherefore,0.0,sentibignomics_x0.1
wherein,0.0,sentibignomics_x0.1
whereupon,0.0,sentibignomics_x0.1
whet,0.04,sentibignomics_x0.1
whiff,-0.005,sentibignomics_x0.1
whim,0.0,sentibignomics_x0.1
whimsical,0.035,sentibignomics_x0.1
whinge,-0.065,sentibignomics_x0.1
whip,-0.03,sentibignomics_x0.1
whipsaw,-0.015,sentibignomics_x0.1
whirl,-0.015,sentibignomics_x0.1
whirlwind,-0.06,sentibignomics_x0.1
whisper,0.0,sentibignomics_x0.1
whistleblower,-0.01,sentibignomics_x0.1
whitecollar,0.01,sentibignomics_x0.1
whitewashed,-0.04,sentibignomics_x0.1
whittle,-0.045,sentibignomics_x0.1
whiz,0.03,sentibignomics_x0.1
whole,0.0,sentibignomics_x0.1
wholesome,0.075,sentibignomics_x0.1
whomever,0.0,sentibignomics_x0.1
whomsoever,0.0,sentibignomics_x0.1
wicked,-0.05,sentibignomics_x0.1
wide,0.0,sentibignomics_x0.1
widen,0.015,sentibignomics_x0.1
widening,0.01,sentibignomics_x0.1
widespread,0.0,sentibignomics_x0.1
wield,0.0,sentibignomics_x0.1
wild,0.0,sentibignomics_x0.1
wildfire,-0.08,sentibignomics_x0.1
wilful,0.03,sentibignomics_x0.1
will,0.0,sentibignomics_x0.1
willful,0.02,sentibignomics_x0.1
willfully,0.0,sentibignomics_x0.1
willfulness,0.035,sentibignomics_x0.1
willing,0.04,sentibignomics_x0.1
willingness,0.045,sentibignomics_x0.1
wilt,-0.03,sentibignomics_x0.1
wily,-0.01,sentibignomics_x0.1
win,0.085,sentibignomics_x0.1
wince,-0.035,sentibignomics_x0.1
wind,0.0,sentibignomics_x0.1
windfall,0.005,sentibignomics_x0.1
winner,0.085,sentibignomics_x0.1
wipe,-0.015,sentibignomics_x0.1
wisdom,0.08,sentibignomics_x0.1
wise,0.075,sentibignomics_x0.1
wit,0.035,sentibignomics_x0.1
witch,-0.04,sentibignomics_x0.1
withdraw,-0.03,sentibignomics_x0.1
wither,-0.03,sentibignomics_x0.1
withhold,-0.035,sentibignomics_x0.1
withstand,0.01,sentibignomics_x0.1
witness,0.0,sentibignomics_x0.1
witty,0.03,sentibignomics_x0.1
wizardry,0.03,sentibignomics_x0.1
wobble,-0.03,sentibignomics_x0.1
wobbly,-0.03,sentibignomics_x0.1
woe,-0.055,sentibignomics_x0.1
woeful,-0.075,sentibignomics_x0.1
wonder,0.05,sentibignomics_x0.1
wonderful,0.07,sentibignomics_x0.1
wondrous,0.065,sentibignomics_x0.1
wonky,-0.04,sentibignomics_x0.1
woo,0.03,sentibignomics_x0.1
work,0.015,sentibignomics_x0.1
worker,0.05,sentibignomics_x0.1
workforce,0.005,sentibignomics_x0.1
workhorse,0.0,sentibignomics_x0.1
world,0.0,sentibignomics_x0.1
worldly,0.025,sentibignomics_x0.1
worldwide,0.0,sentibignomics_x0.1
worrisome,-0.04,sentibignomics_x0.1
worry,-0.03,sentibignomics_x0.1
worth,0.03,sentibignomics_x0.1
worthless,-0.06,sentibignomics_x0.1
worthwhile,0.06,sentibignomics_x0.1
worthy,0.05,sentibignomics_x0.1
wound,-0.065,sentibignomics_x0.1
wounded,-0.045,sentibignomics_x0.1
wrack,-0.045,sentibignomics_x0.1
wrangle,-0.04,sentibignomics_x0.1
wrap,0.005,sentibignomics_x0.1
wrath,-0.05,sentibignomics_x0.1
wreak,-0.055,sentibignomics_x0.1
wreck,-0.04,sentibignomics_x0.1
wreckage,-0.055,sentibignomics_x0.1
wrenching,-0.045,sentibignomics_x0.1
wrest,-0.025,sentibignomics_x0.1
wrestle,-0.02,sentibignomics_x0.1
wretched,-0.045,sentibignomics_x0.1
wriggle,-0.035,sentibignomics_x0.1
writ,0.0,sentibignomics_x0.1
write,0.0,sentibignomics_x0.1
writedown,-0.02,sentibignomics_x0.1
writeoff,-0.01,sentibignomics_x0.1
writeoffs,0.0,sentibignomics_x0.1
wrong,-0.06,sentibignomics_x0.1
wrongdoing,-0.06,sentibignomics_x0.1
wrongful,-0.06,sentibignomics_x0.1
wrongfully,-0.045,sentibignomics_x0.1
wrongly,-0.055,sentibignomics_x0.1
yank,-0.015,sentibignomics_x0.1
yawn,-0.025,sentibignomics_x0.1
yawning,-0.01,sentibignomics_x0.1
year,0.0,sentibignomics_x0.1
yearly,0.0,sentibignomics_x0.1
yield,0.0,sentibignomics_x0.1
yoke,0.015,sentibignomics_x0.1
young,0.06,sentibignomics_x0.1
youth,0.035,sentibignomics_x0.1
youthful,0.055,sentibignomics_x0.1
zenith,0.045,sentibignomics_x0.1
zero,-0.03,sentibignomics_x0.1
zombie,-0.075,sentibignomics_x0.1
zone,0.0,sentibignomics_x0.1
$:,-1.5,vader_base
%),-0.4,vader_base
%-),-1.5,vader_base
&-:,-0.4,vader_base
&:,-0.7,vader_base
( '}{' ),1.6,vader_base
(%,-0.9,vader_base
('-:,2.2,vader_base
(':,2.3,vader_base
((-:,2.1,vader_base
(*,1.1,vader_base
(-%,-0.7,vader_base
(-*,1.3,vader_base
(-:,1.6,vader_base
(-:0,2.8,vader_base
(-:<,-0.4,vader_base
(-:O,1.5,vader_base
(-:o,1.5,vader_base
(-:{,-0.1,vader_base
(-:|>*,1.9,vader_base
(-;,1.3,vader_base
(-;|,2.1,vader_base
(8,2.6,vader_base
(:,2.2,vader_base
(:0,2.4,vader_base
(:<,-0.2,vader_base
(:O,2.5,vader_base
(:o,2.5,vader_base
(;,1.1,vader_base
(;<,0.3,vader_base
(=,2.2,vader_base
(?:,2.1,vader_base
(^:,1.5,vader_base
(^;,1.5,vader_base
(^;0,2.0,vader_base
(^;o,1.9,vader_base
(o:,1.6,vader_base
)':,-2.0,vader_base
)-':,-2.1,vader_base
)-:,-2.1,vader_base
)-:<,-2.2,vader_base
)-:{,-2.1,vader_base
):,-1.8,vader_base
):<,-1.9,vader_base
):{,-2.3,vader_base
);<,-2.6,vader_base
*),0.6,vader_base
*-),0.3,vader_base
*-:,2.1,vader_base
*-;,2.4,vader_base
*:,1.9,vader_base
*<|:-),1.6,vader_base
*\0/*,2.3,vader_base
*^:,1.6,vader_base
",-:",1.2,vader_base
---'-;-{@,2.3,vader_base
--<--<@,2.2,vader_base
.-:,-1.2,vader_base
..###-:,-1.7,vader_base
..###:,-1.9,vader_base
/-:,-1.3,vader_base
/:,-1.3,vader_base
/:<,-1.4,vader_base
/=,-0.9,vader_base
/^:,-1.0,vader_base
/o:,-1.4,vader_base
0-8,0.1,vader_base
0-|,-1.2,vader_base
0:),1.9,vader_base
0:-),1.4,vader_base
0:-3,1.5,vader_base
0:03,1.9,vader_base
0;^),1.6,vader_base
0_o,-0.3,vader_base
10q,2.1,vader_base
1337,2.1,vader_base
143,3.2,vader_base
1432,2.6,vader_base
14aa41,2.4,vader_base
182,-2.9,vader_base
187,-3.1,vader_base
2g2b4g,2.8,vader_base
2g2bt,-0.1,vader_base
2qt,2.1,vader_base
3:(,-2.2,vader_base
3:),0.5,vader_base
3:-(,-2.3,vader_base
3:-),-1.4,vader_base
4col,-2.2,vader_base
4q,-3.1,vader_base
5fs,1.5,vader_base
8),1.9,vader_base
8-d,1.7,vader_base
8-o,-0.3,vader_base
86,-1.6,vader_base
8d,2.9,vader_base
:###..,-2.4,vader_base
:$,-0.2,vader_base
:&,-0.6,vader_base
:'(,-2.2,vader_base
:'),2.3,vader_base
:'-(,-2.4,vader_base
:'-),2.7,vader_base
:(,-1.9,vader_base
:),2.0,vader_base
:*,2.5,vader_base
:-###..,-2.5,vader_base
:-&,-0.5,vader_base
:-(,-1.5,vader_base
:-),1.3,vader_base
:-)),2.8,vader_base
:-*,1.7,vader_base
":-,",1.1,vader_base
:-.,-0.9,vader_base
:-/,-1.2,vader_base
:-<,-1.5,vader_base
:-D,2.3,vader_base
:-[,-1.6,vader_base
:-\,-0.9,vader_base
:-c,-1.3,vader_base
:-d,2.3,vader_base
:-o,0.1,vader_base
:-p,1.5,vader_base
:-|,-0.7,vader_base
:-||,-2.5,vader_base
:-Þ,0.9,vader_base
:/,-1.4,vader_base
:3,2.3,vader_base
:<,-2.1,vader_base
:>,2.1,vader_base
:?),1.3,vader_base
:?c,-1.6,vader_base
:@,-2.5,vader_base
:D,2.3,vader_base
:[,-2.0,vader_base
:\,-1.3,vader_base
:],2.2,vader_base
:^),2.1,vader_base
:^*,2.6,vader_base
:^/,-1.2,vader_base
:^\,-1.0,vader_base
:^|,-1.0,vader_base
:c,-2.1,vader_base
:c),2.0,vader_base
:d,2.3,vader_base
:l,-1.7,vader_base
:o,-0.4,vader_base
:o),2.1,vader_base
:o/,-1.4,vader_base
:o\,-1.1,vader_base
:o|,-0.6,vader_base
:p,1.4,vader_base
:s,-1.2,vader_base
:{,-1.9,vader_base
:|,-0.4,vader_base
:},2.1,vader_base
:Þ,1.1,vader_base
;),0.9,vader_base
;-),1.0,vader_base
;-*,2.2,vader_base
;-],0.7,vader_base
;D,0.8,vader_base
;],0.6,vader_base
;^),1.4,vader_base
;d,0.8,vader_base
</3,-3.0,vader_base
<3,1.9,vader_base
<:,2.1,vader_base
<:-|,-1.4,vader_base
=),2.2,vader_base
=-3,2.0,vader_base
=-D,2.4,vader_base
=-d,2.4,vader_base
=/,-1.4,vader_base
=3,2.1,vader_base
=D,2.3,vader_base
=\,-1.2,vader_base
=],1.6,vader_base
=d,2.3,vader_base
=l,-1.2,vader_base
=p,1.3,vader_base
=|,-0.8,vader_base
>-:,-2.0,vader_base
>.<,-1.3,vader_base
>:,-2.1,vader_base
>:(,-2.7,vader_base
>:),0.4,vader_base
>:-(,-2.7,vader_base
>:-),-0.4,vader_base
>:/,-1.6,vader_base
>:[,-2.1,vader_base
>:\,-1.7,vader_base
>:o,-1.2,vader_base
>:p,1.0,vader_base
>;(,-2.9,vader_base
>;),0.1,vader_base
>_>^,2.1,vader_base
@:,-2.1,vader_base
@>-->--,2.1,vader_base
@}-;-'---,2.2,vader_base
O.o,-0.6,vader_base
O_o,-0.5,vader_base
[-;,0.5,vader_base
[:,1.3,vader_base
[;,1.0,vader_base
[=,1.7,vader_base
\-:,-1.0,vader_base
\:,-1.0,vader_base
\:<,-1.7,vader_base
\=,-1.1,vader_base
\^:,-1.3,vader_base
\o/,2.2,vader_base
\o:,-1.2,vader_base
]-:,-2.1,vader_base
]:,-1.6,vader_base
]:<,-2.5,vader_base
^<_<,1.4,vader_base
^urs,-2.8,vader_base
aas,2.5,vader_base
aayf,2.7,vader_base
abandoned,-2.0,vader_base
abandoner,-1.9,vader_base
abandoners,-1.9,vader_base
abandoning,-1.6,vader_base
abandonments,-1.7,vader_base
abandons,-1.3,vader_base
abducted,-2.3,vader_base
abduction,-2.8,vader_base
abductions,-2.0,vader_base
abhor,-2.0,vader_base
abhorred,-2.4,vader_base
abhorrent,-3.1,vader_base
abhors,-2.9,vader_base
abilities,1.0,vader_base
aboard,0.1,vader_base
absentee,-1.1,vader_base
absentees,-0.8,vader_base
absolved,1.5,vader_base
absolves,1.3,vader_base
absolving,1.6,vader_base
abuser,-2.6,vader_base
abusers,-2.6,vader_base
abuses,-2.6,vader_base
abusing,-2.0,vader_base
abusivenesses,-3.0,vader_base
acceptabilities,1.6,vader_base
acceptability,1.1,vader_base
acceptableness,1.3,vader_base
acceptably,1.5,vader_base
acceptances,1.7,vader_base
acceptant,1.6,vader_base
acceptation,1.3,vader_base
acceptations,0.9,vader_base
accepted,1.1,vader_base
accepting,1.6,vader_base
accepts,1.3,vader_base
accidents,-1.3,vader_base
accusations,-1.3,vader_base
accused,-1.2,vader_base
accuses,-1.4,vader_base
accusing,-0.7,vader_base
ache,-1.6,vader_base
ached,-1.6,vader_base
aches,-1.0,vader_base
aching,-2.2,vader_base
acquits,0.1,vader_base
acquitted,1.0,vader_base
acquitting,1.3,vader_base
actively,1.3,vader_base
activeness,0.6,vader_base
activenesses,0.8,vader_base
actives,1.1,vader_base
admirability,2.4,vader_base
admirableness,2.2,vader_base
admirably,2.5,vader_base
admiral,1.3,vader_base
admirals,1.5,vader_base
admiralties,1.6,vader_base
admiralty,1.2,vader_base
admiration,2.5,vader_base
admirations,1.6,vader_base
admirers,1.7,vader_base
admires,1.5,vader_base
admiring,1.6,vader_base
admiringly,2.3,vader_base
admit,0.8,vader_base
admits,1.2,vader_base
admitted,0.4,vader_base
admonished,-1.9,vader_base
adopt,0.7,vader_base
adopts,0.7,vader_base
adorability,2.2,vader_base
adorable,2.2,vader_base
adorableness,2.5,vader_base
adorably,2.1,vader_base
adoration,2.9,vader_base
adorations,2.2,vader_base
adored,1.8,vader_base
adorer,1.7,vader_base
adorers,2.1,vader_base
adores,1.6,vader_base
adoring,2.6,vader_base
adoringly,2.4,vader_base
adorned,0.8,vader_base
adorner,1.3,vader_base
adorners,0.9,vader_base
adorning,1.0,vader_base
adornment,1.3,vader_base
adornments,0.8,vader_base
adorns,0.5,vader_base
advantaged,1.4,vader_base
advantageousness,1.6,vader_base
advantages,1.5,vader_base
advantaging,1.6,vader_base
adventure,1.3,vader_base
adventured,1.3,vader_base
adventurer,1.2,vader_base
adventurers,0.9,vader_base
adventures,1.4,vader_base
adventuresome,1.7,vader_base
adventuresomeness,1.3,vader_base
adventuress,0.8,vader_base
adventuresses,1.4,vader_base
adventuring,2.3,vader_base
adventurism,1.5,vader_base
adventurist,1.4,vader_base
adventuristic,1.7,vader_base
adventurists,1.2,vader_base
adventurously,1.3,vader_base
adventurousness,1.8,vader_base
adversaries,-1.0,vader_base
adversative,-1.2,vader_base
adversatively,-0.1,vader_base
adversatives,-1.0,vader_base
adverseness,-0.6,vader_base
adversities,-1.5,vader_base
affected,-0.6,vader_base
affectional,1.9,vader_base
affectionally,1.5,vader_base
affectionately,2.2,vader_base
affectioned,1.8,vader_base
affectionless,-2.0,vader_base
affections,1.5,vader_base
afflicted,-1.5,vader_base
affronted,0.2,vader_base
afu,-2.9,vader_base
aggravated,-1.9,vader_base
aggravates,-1.9,vader_base
aggravating,-1.2,vader_base
aggress,-1.3,vader_base
aggressed,-1.4,vader_base
aggresses,-0.5,vader_base
aggressing,-0.6,vader_base
aggressions,-1.3,vader_base
aggressively,-1.3,vader_base
aggressiveness,-1.8,vader_base
aggressivities,-1.4,vader_base
aggressivity,-0.6,vader_base
aggressor,-0.8,vader_base
aggressors,-0.9,vader_base
agitated,-2.0,vader_base
agitatedly,-1.6,vader_base
agitates,-1.4,vader_base
agitating,-1.8,vader_base
agitation,-1.0,vader_base
agitational,-1.2,vader_base
agitations,-1.3,vader_base
agitative,-1.3,vader_base
agitato,-0.1,vader_base
agitator,-1.4,vader_base
agitators,-2.1,vader_base
agog,1.9,vader_base
agonise,-2.1,vader_base
agonised,-2.3,vader_base
agonises,-2.4,vader_base
agonising,-1.5,vader_base
agonized,-2.2,vader_base
agonizes,-2.3,vader_base
agonizingly,-2.3,vader_base
agreeability,1.9,vader_base
agreeableness,1.8,vader_base
agreeablenesses,1.3,vader_base
agreeably,1.6,vader_base
agreed,1.1,vader_base
agreeing,1.4,vader_base
agreements,1.1,vader_base
agrees,0.8,vader_base
alarmingly,-2.6,vader_base
alarmism,-0.3,vader_base
alarmists,-1.1,vader_base
alarms,-1.1,vader_base
alas,-1.1,vader_base
allergic,-1.2,vader_base
alol,2.8,vader_base
alone,-1.0,vader_base
alright,1.0,vader_base
amaze,2.5,vader_base
amazedly,2.1,vader_base
amazements,2.2,vader_base
amazes,2.2,vader_base
amazon,0.7,vader_base
amazonite,0.2,vader_base
amazons,-0.1,vader_base
amazonstone,1.0,vader_base
amazonstones,0.2,vader_base
ambivalent,0.5,vader_base
ambw,2.9,vader_base
aml,3.4,vader_base
amor,3.0,vader_base
amoralism,-0.7,vader_base
amoralisms,-0.7,vader_base
amoralities,-1.2,vader_base
amorality,-1.5,vader_base
amorally,-1.0,vader_base
amoretti,0.2,vader_base
amoretto,0.6,vader_base
amorettos,0.3,vader_base
amorino,1.2,vader_base
amorist,1.6,vader_base
amoristic,1.0,vader_base
amorists,0.1,vader_base
amoroso,2.3,vader_base
amorous,1.8,vader_base
amorously,2.3,vader_base
amorousness,2.0,vader_base
amorphous,-0.2,vader_base
amorphously,0.1,vader_base
amorphousness,0.3,vader_base
amort,-2.1,vader_base
amortise,0.5,vader_base
amortised,-0.2,vader_base
amortises,0.1,vader_base
amortizable,0.5,vader_base
amortizations,0.2,vader_base
amortized,0.8,vader_base
amortizes,0.6,vader_base
amortizing,0.8,vader_base
amusable,0.7,vader_base
amuse,1.7,vader_base
amused,1.8,vader_base
amusedly,2.2,vader_base
amusements,1.5,vader_base
amuser,1.1,vader_base
amusers,1.3,vader_base
amuses,1.7,vader_base
amusia,0.3,vader_base
amusias,-0.4,vader_base
amusingly,0.8,vader_base
amusingness,1.8,vader_base
amusive,1.7,vader_base
angered,-2.3,vader_base
angering,-2.2,vader_base
angerly,-1.9,vader_base
angers,-2.3,vader_base
angrier,-2.3,vader_base
angriest,-3.1,vader_base
angrily,-1.8,vader_base
angriness,-1.7,vader_base
anguished,-1.8,vader_base
anguishes,-2.1,vader_base
anguishing,-2.7,vader_base
animosity,-1.9,vader_base
annoyances,-1.8,vader_base
annoyed,-1.6,vader_base
annoyer,-2.2,vader_base
annoyers,-1.5,vader_base
annoying,-1.7,vader_base
annoys,-1.8,vader_base
antagonism,-1.9,vader_base
antagonisms,-1.2,vader_base
antagonist,-1.9,vader_base
antagonistic,-1.7,vader_base
antagonistically,-2.2,vader_base
antagonists,-1.7,vader_base
antagonized,-1.4,vader_base
antagonizes,-0.5,vader_base
antagonizing,-2.7,vader_base
anti,-1.3,vader_base
anxieties,-0.6,vader_base
anxiously,-0.9,vader_base
anxiousness,-1.0,vader_base
aok,2.0,vader_base
apathetic,-1.2,vader_base
apathetically,-0.4,vader_base
apathies,-0.6,vader_base
apeshit,-0.9,vader_base
apocalyptic,-3.4,vader_base
apologise,1.6,vader_base
apologised,0.4,vader_base
apologises,0.8,vader_base
apologising,0.2,vader_base
apologized,1.3,vader_base
apologizes,1.5,vader_base
apologizing,-0.3,vader_base
appalled,-2.0,vader_base
appallingly,-2.0,vader_base
appalls,-1.9,vader_base
appeased,0.9,vader_base
appeases,0.9,vader_base
appeasing,1.0,vader_base
applauded,1.5,vader_base
applauding,2.1,vader_base
applauds,1.4,vader_base
appreciated,2.3,vader_base
appreciates,2.3,vader_base
appreciating,1.9,vader_base
appreciations,1.7,vader_base
appreciatively,1.8,vader_base
appreciativeness,1.6,vader_base
appreciator,2.6,vader_base
appreciators,1.5,vader_base
appreciatory,1.7,vader_base
apprehensible,1.1,vader_base
apprehensibly,-0.2,vader_base
apprehensions,-0.9,vader_base
apprehensively,-0.3,vader_base
apprehensiveness,-0.7,vader_base
approved,1.8,vader_base
approves,1.7,vader_base
arguable,-1.0,vader_base
arguably,-1.0,vader_base
argued,-1.5,vader_base
arguer,-1.6,vader_base
arguers,-1.4,vader_base
argues,-1.6,vader_base
arguing,-2.0,vader_base
argumentatively,-1.8,vader_base
argumentive,-1.5,vader_base
arguments,-1.7,vader_base
arrested,-2.1,vader_base
arrests,-1.9,vader_base
arrogances,-1.9,vader_base
arrogantly,-1.8,vader_base
ashamedly,-1.7,vader_base
ass,-2.5,vader_base
assassination,-2.9,vader_base
assassinations,-2.7,vader_base
assaulted,-2.4,vader_base
assaulting,-2.3,vader_base
assaultive,-2.8,vader_base
assaults,-2.5,vader_base
assets,0.7,vader_base
assfucking,-2.5,vader_base
assholes,-2.8,vader_base
assurance,1.4,vader_base
assurances,1.4,vader_base
assuredly,1.6,vader_base
assuredness,1.4,vader_base
assurer,0.9,vader_base
assurers,1.1,vader_base
assures,1.3,vader_base
assurgent,1.3,vader_base
assuring,1.6,vader_base
assuror,0.5,vader_base
assurors,0.7,vader_base
astonished,1.6,vader_base
astound,1.7,vader_base
astounded,1.8,vader_base
astoundingly,2.1,vader_base
astounds,2.1,vader_base
atab,-1.9,vader_base
attachment,1.2,vader_base
attachments,1.1,vader_base
attack,-2.1,vader_base
attacked,-2.0,vader_base
attacker,-2.7,vader_base
attackers,-2.7,vader_base
attacking,-2.0,vader_base
attacks,-1.9,vader_base
attractancy,0.9,vader_base
attractant,1.3,vader_base
attractants,1.4,vader_base
attracted,1.8,vader_base
attracting,2.1,vader_base
attractions,1.8,vader_base
attractively,2.2,vader_base
attractivenesses,2.1,vader_base
attractor,1.2,vader_base
attractors,1.2,vader_base
attracts,1.7,vader_base
aug-00,0.3,vader_base
aversions,-1.1,vader_base
aversive,-1.6,vader_base
aversively,-0.8,vader_base
averted,-0.3,vader_base
averts,-0.4,vader_base
avoidances,-1.1,vader_base
avoided,-1.4,vader_base
avoider,-1.8,vader_base
avoiders,-1.4,vader_base
avoiding,-1.4,vader_base
avoids,-0.7,vader_base
awaited,-0.1,vader_base
awaits,0.3,vader_base
awardable,2.4,vader_base
awarded,1.7,vader_base
awardee,1.8,vader_base
awardees,1.2,vader_base
awarder,0.9,vader_base
awarders,1.3,vader_base
awarding,1.9,vader_base
awards,2.0,vader_base
awkwardly,-1.3,vader_base
awkwardness,-0.7,vader_base
awol,-1.3,vader_base
axe,-0.4,vader_base
axed,-1.3,vader_base
ayc,0.2,vader_base
ayor,-1.2,vader_base
b^d,2.6,vader_base
backed,0.1,vader_base
backing,0.1,vader_base
backs,-0.2,vader_base
badass,-0.6,vader_base
badly,-2.1,vader_base
bamboozle,-1.5,vader_base
bamboozled,-1.5,vader_base
bamboozles,-1.5,vader_base
bankster,-2.1,vader_base
banned,-2.0,vader_base
bashful,-0.1,vader_base
bashfully,0.2,vader_base
bashfulness,-0.8,vader_base
bastard,-2.5,vader_base
bastardies,-1.8,vader_base
bastardise,-2.1,vader_base
bastardised,-2.3,vader_base
bastardises,-2.3,vader_base
bastardising,-2.6,vader_base
bastardization,-2.4,vader_base
bastardizations,-2.1,vader_base
bastardize,-2.4,vader_base
bastardized,-2.0,vader_base
bastardizes,-1.8,vader_base
bastardizing,-2.3,vader_base
bastardly,-2.7,vader_base
bastards,-3.0,vader_base
bastardy,-2.7,vader_base
battled,-1.2,vader_base
battlefields,-0.9,vader_base
battlefront,-1.2,vader_base
battlefronts,-0.8,vader_base
battlegrounds,-0.6,vader_base
battlement,-0.4,vader_base
battlements,-0.4,vader_base
battler,-0.8,vader_base
battlers,-0.2,vader_base
battles,-1.6,vader_base
battleship,-0.1,vader_base
battleships,-0.5,vader_base
battlewagon,-0.3,vader_base
battlewagons,-0.5,vader_base
battling,-1.1,vader_base
beaten,-1.8,vader_base
beatific,1.8,vader_base
beaut,1.6,vader_base
beauteous,2.5,vader_base
beauteously,2.6,vader_base
beauteousness,2.7,vader_base
beautician,1.2,vader_base
beauticians,0.4,vader_base
beauties,2.4,vader_base
beautification,1.9,vader_base
beautifications,2.4,vader_base
beautified,2.1,vader_base
beautifier,1.7,vader_base
beautifiers,1.7,vader_base
beautifies,1.8,vader_base
beautifuler,2.1,vader_base
beautifulest,2.6,vader_base
beautifulness,2.6,vader_base
beautifying,2.3,vader_base
beauts,1.7,vader_base
belittled,-2.0,vader_base
benefic,1.4,vader_base
benefice,0.4,vader_base
beneficed,1.1,vader_base
beneficence,2.8,vader_base
beneficences,1.5,vader_base
beneficent,2.3,vader_base
beneficently,2.2,vader_base
benefices,1.1,vader_base
beneficialness,1.7,vader_base
beneficiaries,1.8,vader_base
beneficiary,2.1,vader_base
beneficiate,1.0,vader_base
benefits,1.6,vader_base
benefitted,1.7,vader_base
benefitting,1.9,vader_base
benevolence,1.7,vader_base
benevolences,1.9,vader_base
benevolently,1.4,vader_base
benevolentness,1.2,vader_base
benignancy,0.6,vader_base
benignant,2.2,vader_base
benignantly,1.1,vader_base
benignities,0.9,vader_base
benignity,1.3,vader_base
benignly,0.2,vader_base
bereave,-2.1,vader_base
bereaved,-2.1,vader_base
bereaves,-1.9,vader_base
bereaving,-1.3,vader_base
betrayed,-3.0,vader_base
betraying,-2.5,vader_base
betrays,-2.5,vader_base
bfd,-2.7,vader_base
bfe,-2.6,vader_base
bff,2.9,vader_base
bffn,1.0,vader_base
biased,-1.1,vader_base
bitch,-2.8,vader_base
bitched,-2.6,vader_base
bitcheries,-2.3,vader_base
bitchery,-2.7,vader_base
bitches,-2.9,vader_base
bitchier,-2.0,vader_base
bitchiest,-3.0,vader_base
bitchily,-2.6,vader_base
bitchiness,-2.6,vader_base
bitching,-1.1,vader_base
bitchy,-2.3,vader_base
bitterbrush,-0.2,vader_base
bitterbrushes,-0.6,vader_base
bittered,-1.8,vader_base
bitterer,-1.9,vader_base
bitterest,-2.3,vader_base
bittering,-1.2,vader_base
bitterish,-1.6,vader_base
bitterly,-2.0,vader_base
bittern,-0.2,vader_base
bitterns,-0.4,vader_base
bitterroots,-0.2,vader_base
bitters,-0.4,vader_base
bittersweetness,-0.6,vader_base
bittersweets,-0.2,vader_base
bitterweeds,-0.5,vader_base
bl,2.3,vader_base
blah,-0.4,vader_base
blam,-0.2,vader_base
blamable,-1.8,vader_base
blamably,-1.8,vader_base
blamed,-2.1,vader_base
blameful,-1.7,vader_base
blamefully,-1.6,vader_base
blameless,0.7,vader_base
blamelessly,0.9,vader_base
blamelessness,0.6,vader_base
blamer,-2.1,vader_base
blamers,-2.0,vader_base
blames,-1.7,vader_base
blameworthiness,-1.6,vader_base
blameworthy,-2.3,vader_base
blaming,-2.2,vader_base
blessed,2.9,vader_base
blesseder,2.0,vader_base
blessedest,2.8,vader_base
blessedly,1.7,vader_base
blessedness,1.6,vader_base
blesser,2.6,vader_base
blessers,1.9,vader_base
blesses,2.6,vader_base
blessings,2.5,vader_base
bliss,2.7,vader_base
blithe,1.2,vader_base
blockbuster,2.9,vader_base
blocked,-1.1,vader_base
blocking,-1.6,vader_base
blocks,-0.9,vader_base
blurry,-0.4,vader_base
bold,1.6,vader_base
bolder,1.2,vader_base
boldest,1.6,vader_base
boldface,0.3,vader_base
boldfaced,-0.1,vader_base
boldfaces,0.1,vader_base
boldfacing,0.1,vader_base
boldly,1.5,vader_base
boldness,1.5,vader_base
boldnesses,0.9,vader_base
bolds,1.3,vader_base
bomb,-2.2,vader_base
bonuses,2.6,vader_base
boosted,1.5,vader_base
boosting,1.4,vader_base
boosts,1.3,vader_base
bore,-1.0,vader_base
boreal,-0.3,vader_base
borecole,-0.2,vader_base
borecoles,-0.3,vader_base
boredom,-1.3,vader_base
boredoms,-1.1,vader_base
boreen,0.1,vader_base
boreens,0.2,vader_base
boreholes,-0.2,vader_base
borer,-0.4,vader_base
borers,-1.2,vader_base
bores,-1.3,vader_base
borescopes,-0.1,vader_base
boresome,-1.3,vader_base
botheration,-1.7,vader_base
botherations,-1.3,vader_base
bothered,-1.3,vader_base
bothering,-1.6,vader_base
bothers,-0.8,vader_base
boycotted,-1.7,vader_base
boycotting,-1.7,vader_base
boycotts,-1.4,vader_base
brainwashing,-1.5,vader_base
braved,1.9,vader_base
bravely,2.3,vader_base
braver,2.4,vader_base
braveries,2.0,vader_base
bravery,2.2,vader_base
braves,1.9,vader_base
bravest,2.3,vader_base
brightened,2.1,vader_base
brightener,1.0,vader_base
brighteners,1.0,vader_base
brightening,2.5,vader_base
brightens,1.5,vader_base
brighter,1.6,vader_base
brightest,3.0,vader_base
brightly,1.5,vader_base
brightness,1.6,vader_base
brightnesses,1.4,vader_base
brights,0.4,vader_base
brightwork,1.1,vader_base
brilliance,2.9,vader_base
brilliances,2.9,vader_base
brilliancies,2.3,vader_base
brilliancy,2.6,vader_base
brilliantine,0.8,vader_base
brilliantines,2.0,vader_base
brilliantly,3.0,vader_base
brilliants,1.9,vader_base
broke,-1.8,vader_base
broken,-2.1,vader_base
brutalise,-2.7,vader_base
brutalised,-2.9,vader_base
brutalises,-3.2,vader_base
brutalising,-2.8,vader_base
brutalities,-2.6,vader_base
brutality,-3.0,vader_base
brutalization,-2.1,vader_base
brutalizations,-2.3,vader_base
brutalized,-2.4,vader_base
brutalizes,-3.2,vader_base
brutalizing,-3.4,vader_base
brutally,-3.0,vader_base
bsod,-2.2,vader_base
btd,-2.1,vader_base
btdt,-0.1,vader_base
bullied,-3.1,vader_base
bullshit,-2.8,vader_base
bummer,-1.6,vader_base
burdened,-1.7,vader_base
burdener,-1.3,vader_base
burdeners,-1.7,vader_base
burdening,-1.4,vader_base
burdens,-1.5,vader_base
bwahaha,0.4,vader_base
bwahahah,2.5,vader_base
bz,0.4,vader_base
calmative,1.1,vader_base
calmatives,0.5,vader_base
calmed,1.6,vader_base
calmer,1.5,vader_base
calmest,1.6,vader_base
calming,1.7,vader_base
calmly,1.3,vader_base
calmnesses,1.6,vader_base
calmodulin,0.2,vader_base
calms,1.3,vader_base
can't stand,-2.0,vader_base
cancelled,-1.0,vader_base
cancelling,-0.8,vader_base
cancels,-0.9,vader_base
captivated,1.6,vader_base
cared,1.8,vader_base
carefree,1.7,vader_base
carefully,0.5,vader_base
carefulness,2.0,vader_base
carelessnesses,-1.6,vader_base
cares,2.0,vader_base
casually,0.7,vader_base
celebrate,2.7,vader_base
celebrates,2.7,vader_base
celebrating,2.7,vader_base
censored,-0.6,vader_base
censors,-1.2,vader_base
certainly,1.4,vader_base
certainties,0.9,vader_base
chagrined,-1.4,vader_base
challenger,0.5,vader_base
challengers,0.4,vader_base
challengingly,-0.6,vader_base
champ,2.1,vader_base
champac,-0.2,vader_base
champagne,1.2,vader_base
champagnes,0.5,vader_base
champaign,0.2,vader_base
champaigns,0.5,vader_base
champaks,-0.2,vader_base
champed,1.0,vader_base
champer,-0.1,vader_base
champers,0.5,vader_base
champerties,-0.1,vader_base
champertous,0.3,vader_base
champerty,-0.2,vader_base
champignon,0.4,vader_base
champignons,0.2,vader_base
champing,0.7,vader_base
championed,1.2,vader_base
championing,1.8,vader_base
champions,2.4,vader_base
championship,1.9,vader_base
championships,2.2,vader_base
champs,1.8,vader_base
champy,1.0,vader_base
chances,0.8,vader_base
charged,-0.8,vader_base
charges,-1.1,vader_base
charitableness,1.9,vader_base
charitablenesses,1.6,vader_base
charitably,1.4,vader_base
charities,2.2,vader_base
charmed,2.0,vader_base
charmer,1.9,vader_base
charmers,2.1,vader_base
charmeuse,0.3,vader_base
charmeuses,0.4,vader_base
charming,2.8,vader_base
charminger,1.5,vader_base
charmingest,2.4,vader_base
charmingly,2.2,vader_base
charmless,-1.8,vader_base
charms,1.9,vader_base
chastised,-2.2,vader_base
chastises,-1.7,vader_base
chastising,-1.7,vader_base
cheated,-2.3,vader_base
cheater,-2.5,vader_base
cheaters,-1.9,vader_base
cheats,-1.8,vader_base
cheered,2.3,vader_base
cheerer,1.7,vader_base
cheerers,1.8,vader_base
cheerful,2.5,vader_base
cheerfuller,1.9,vader_base
cheerfullest,3.2,vader_base
cheerfully,2.1,vader_base
cheerfulness,2.1,vader_base
cheerier,2.6,vader_base
cheeriest,2.2,vader_base
cheerily,2.5,vader_base
cheeriness,2.5,vader_base
cheering,2.3,vader_base
cheerio,1.2,vader_base
cheerlead,1.7,vader_base
cheerleader,0.9,vader_base
cheerleaders,1.2,vader_base
cheerleading,1.2,vader_base
cheerleads,1.2,vader_base
cheerled,1.5,vader_base
cheerless,-1.7,vader_base
cheerlessly,-0.8,vader_base
cheerlessness,-1.7,vader_base
cheerly,2.4,vader_base
cheers,2.1,vader_base
cheery,2.6,vader_base
cherishable,2.0,vader_base
cherished,2.3,vader_base
cherisher,2.2,vader_base
cherishers,1.9,vader_base
cherishes,2.2,vader_base
cherishing,2.0,vader_base
chic,1.1,vader_base
childish,-1.2,vader_base
choked,-2.1,vader_base
chokes,-2.0,vader_base
choking,-2.0,vader_base
chuckle,1.7,vader_base
chuckled,1.2,vader_base
chucklehead,-1.9,vader_base
chuckleheaded,-1.3,vader_base
chuckleheads,-1.1,vader_base
chuckler,0.8,vader_base
chucklers,1.2,vader_base
chuckles,1.1,vader_base
chucklesome,1.1,vader_base
chuckling,1.4,vader_base
chucklingly,1.2,vader_base
clarifies,0.9,vader_base
cleaner,0.7,vader_base
cleared,0.4,vader_base
clears,0.3,vader_base
cleverer,2.0,vader_base
cleverest,2.6,vader_base
cleverish,1.0,vader_base
cleverly,2.3,vader_base
cleverness,2.3,vader_base
clevernesses,1.4,vader_base
clouded,-0.2,vader_base
cock,-0.6,vader_base
cocksucker,-3.1,vader_base
cocksuckers,-2.6,vader_base
coerced,-1.5,vader_base
collapses,-1.2,vader_base
collapsing,-1.2,vader_base
collides,-1.1,vader_base
colliding,-0.5,vader_base
collisions,-1.1,vader_base
colluding,-1.2,vader_base
combats,-0.8,vader_base
comedian,1.6,vader_base
comedians,1.2,vader_base
comedic,1.7,vader_base
comedically,2.1,vader_base
comedienne,0.6,vader_base
comediennes,1.6,vader_base
comedies,1.7,vader_base
comedo,0.3,vader_base
comedones,-0.8,vader_base
comedown,-0.8,vader_base
comedowns,-0.9,vader_base
comedy,1.5,vader_base
comfortableness,1.3,vader_base
comfortably,1.8,vader_base
comforted,1.8,vader_base
comforter,1.9,vader_base
comforters,1.2,vader_base
comforting,1.7,vader_base
comfortingly,1.7,vader_base
comfortless,-1.8,vader_base
comforts,2.1,vader_base
commended,1.9,vader_base
commitments,0.5,vader_base
commits,0.1,vader_base
committed,1.1,vader_base
committing,0.3,vader_base
compassionated,1.6,vader_base
compassionately,1.7,vader_base
compassionateness,0.9,vader_base
compassionates,1.6,vader_base
compassionating,1.6,vader_base
compassionless,-2.6,vader_base
compelled,0.2,vader_base
compelling,0.9,vader_base
complainants,-1.1,vader_base
complained,-1.7,vader_base
complainer,-1.8,vader_base
complainers,-1.3,vader_base
complaining,-0.8,vader_base
complainingly,-1.7,vader_base
complains,-1.6,vader_base
complaints,-1.7,vader_base
complimentarily,1.7,vader_base
complimented,1.8,vader_base
complimenting,2.3,vader_base
compliments,1.7,vader_base
conciliated,1.1,vader_base
conciliates,1.1,vader_base
conciliating,1.3,vader_base
condemned,-1.9,vader_base
condemns,-2.3,vader_base
confidently,2.1,vader_base
conflictive,-1.8,vader_base
conflicts,-1.6,vader_base
confrontationist,-1.0,vader_base
confrontationists,-1.2,vader_base
confrontations,-1.5,vader_base
confronted,-0.8,vader_base
confronter,-0.3,vader_base
confronters,-1.3,vader_base
confronting,-0.6,vader_base
confronts,-0.9,vader_base
confused,-1.3,vader_base
confusedly,-0.6,vader_base
confusedness,-1.5,vader_base
confuses,-1.3,vader_base
confusing,-0.9,vader_base
confusional,-1.2,vader_base
confusions,-0.9,vader_base
congrats,2.4,vader_base
congratulation,2.9,vader_base
congratulations,2.9,vader_base
consents,1.0,vader_base
considerate,1.9,vader_base
consolable,1.1,vader_base
constrained,-0.4,vader_base
contagions,-1.5,vader_base
contemptibilities,-2.0,vader_base
contemptibility,-0.9,vader_base
contemptible,-1.6,vader_base
contemptibleness,-1.9,vader_base
contemptibly,-1.4,vader_base
contempts,-1.0,vader_base
contemptuous,-2.2,vader_base
contemptuously,-2.4,vader_base
contemptuousness,-1.1,vader_base
contentedly,1.9,vader_base
contentedness,1.4,vader_base
contentment,1.5,vader_base
contestable,0.6,vader_base
contradictable,-1.0,vader_base
contradicted,-1.3,vader_base
contradicting,-1.3,vader_base
contradictions,-1.3,vader_base
contradictious,-1.9,vader_base
contradictor,-1.0,vader_base
contradictories,-0.5,vader_base
contradictorily,-0.9,vader_base
contradictoriness,-1.4,vader_base
contradictors,-1.6,vader_base
contradicts,-1.4,vader_base
controversially,-1.1,vader_base
convincer,0.6,vader_base
convincers,0.3,vader_base
convinces,0.7,vader_base
convincingly,1.6,vader_base
convincingness,0.7,vader_base
cornered,-1.1,vader_base
corpse,-2.7,vader_base
courageously,2.3,vader_base
courageousness,2.1,vader_base
cover-up,-1.2,vader_base
coward,-2.0,vader_base
cowardly,-1.6,vader_base
coziness,1.5,vader_base
crap,-1.6,vader_base
crazes,0.2,vader_base
crazier,-0.1,vader_base
craziest,-0.2,vader_base
crazily,-1.5,vader_base
craziness,-1.6,vader_base
crazinesses,-1.0,vader_base
crazing,-0.5,vader_base
crazyweed,0.8,vader_base
create,1.1,vader_base
created,1.0,vader_base
creates,1.1,vader_base
creatin,0.1,vader_base
creatine,0.2,vader_base
creating,1.2,vader_base
creatinine,0.4,vader_base
creation,1.1,vader_base
creationism,0.7,vader_base
creationisms,1.1,vader_base
creationist,0.8,vader_base
creationists,0.5,vader_base
creations,1.6,vader_base
creativities,1.7,vader_base
creditabilities,1.4,vader_base
creditability,1.9,vader_base
creditableness,1.2,vader_base
creditably,1.7,vader_base
credited,1.5,vader_base
crediting,0.6,vader_base
creditor,-0.1,vader_base
credits,1.5,vader_base
crestfallen,-2.5,vader_base
cried,-1.6,vader_base
cries,-1.7,vader_base
criminals,-2.7,vader_base
criticise,-1.9,vader_base
criticised,-1.8,vader_base
criticises,-1.3,vader_base
criticising,-1.7,vader_base
criticisms,-0.9,vader_base
criticizable,-1.0,vader_base
criticized,-1.5,vader_base
criticizer,-1.5,vader_base
criticizers,-1.6,vader_base
criticizes,-1.4,vader_base
criticizing,-1.5,vader_base
critics,-1.2,vader_base
crude,-2.7,vader_base
crudely,-1.2,vader_base
crudeness,-2.0,vader_base
crudenesses,-2.0,vader_base
cruder,-2.0,vader_base
crudes,-1.1,vader_base
crudest,-2.4,vader_base
crueler,-2.3,vader_base
cruelest,-2.6,vader_base
crueller,-2.4,vader_base
cruellest,-2.9,vader_base
cruelly,-2.8,vader_base
cruelness,-2.9,vader_base
cruelties,-2.3,vader_base
cruelty,-2.9,vader_base
crushed,-1.8,vader_base
crushes,-1.9,vader_base
crushing,-1.5,vader_base
crying,-2.1,vader_base
cunt,-2.2,vader_base
cunts,-2.9,vader_base
cutely,1.3,vader_base
cuteness,2.3,vader_base
cutenesses,1.9,vader_base
cuter,2.3,vader_base
cutes,1.8,vader_base
cutesie,1.0,vader_base
cutesier,1.5,vader_base
cutesiest,2.2,vader_base
cutest,2.8,vader_base
cutesy,2.1,vader_base
cutey,2.1,vader_base
cuteys,1.5,vader_base
cutie,1.5,vader_base
cutiepie,2.0,vader_base
cuties,2.2,vader_base
cuts,-1.2,vader_base
cwot,-2.3,vader_base
cynic,-1.4,vader_base
cynically,-1.3,vader_base
cynicisms,-1.7,vader_base
cynics,-0.3,vader_base
d-':,-2.5,vader_base
d-:,1.6,vader_base
d8,-3.2,vader_base
d:,1.2,vader_base
d:<,-3.2,vader_base
d;,-2.9,vader_base
d=,1.5,vader_base
damaged,-1.9,vader_base
damager,-1.9,vader_base
damagers,-2.0,vader_base
damages,-1.9,vader_base
damaging,-2.3,vader_base
damagingly,-2.0,vader_base
damnable,-1.7,vader_base
damnableness,-1.8,vader_base
damnably,-1.7,vader_base
damnation,-2.6,vader_base
damnations,-1.4,vader_base
damnatory,-2.6,vader_base
damnedest,-0.5,vader_base
damnified,-2.8,vader_base
damnifies,-1.8,vader_base
damnify,-2.2,vader_base
damnifying,-2.4,vader_base
damningly,-2.0,vader_base
damnit,-2.4,vader_base
damns,-2.2,vader_base
dangered,-2.4,vader_base
dangering,-2.5,vader_base
dangerousness,-2.0,vader_base
dangers,-2.2,vader_base
daredevil,0.5,vader_base
daringly,2.1,vader_base
daringness,1.4,vader_base
darings,0.4,vader_base
darkest,-2.2,vader_base
darlingly,1.6,vader_base
darlingness,2.3,vader_base
darlings,2.2,vader_base
dauntless,2.3,vader_base
dazed,-0.7,vader_base
dazedly,-0.4,vader_base
dazedness,-0.5,vader_base
dazes,-0.3,vader_base
dead,-3.3,vader_base
deafening,-1.2,vader_base
dear,1.6,vader_base
dearer,1.9,vader_base
dearest,2.6,vader_base
dearie,2.2,vader_base
dearies,1.0,vader_base
dearly,1.8,vader_base
dearness,2.0,vader_base
dears,1.9,vader_base
dearths,-0.9,vader_base
deary,1.9,vader_base
death,-2.9,vader_base
debonair,0.8,vader_base
debt,-1.5,vader_base
decayed,-1.6,vader_base
decayer,-1.6,vader_base
decayers,-1.6,vader_base
decays,-1.7,vader_base
deceived,-1.9,vader_base
deceives,-1.6,vader_base
deceiving,-1.4,vader_base
defeated,-2.1,vader_base
defeater,-1.4,vader_base
defeaters,-0.9,vader_base
defeating,-1.6,vader_base
defeatism,-1.3,vader_base
defeatist,-1.7,vader_base
defeatists,-2.1,vader_base
defeats,-1.3,vader_base
defeature,-1.9,vader_base
defeatures,-1.5,vader_base
defected,-1.7,vader_base
defecting,-1.8,vader_base
defections,-1.5,vader_base
defectiveness,-1.8,vader_base
defectives,-1.8,vader_base
defector,-1.9,vader_base
defectors,-1.3,vader_base
defects,-1.7,vader_base
defence,0.4,vader_base
defenceman,0.4,vader_base
defencemen,0.6,vader_base
defences,-0.2,vader_base
defender,0.4,vader_base
defenders,0.3,vader_base
defense,0.5,vader_base
defenseless,-1.4,vader_base
defenselessly,-1.1,vader_base
defenselessness,-1.3,vader_base
defenseman,0.1,vader_base
defensemen,-0.4,vader_base
defenses,0.7,vader_base
defensibility,0.4,vader_base
defensible,0.8,vader_base
defensibly,0.1,vader_base
defensively,-0.6,vader_base
defensiveness,-0.4,vader_base
defensives,-0.3,vader_base
deferring,-0.7,vader_base
degradable,-1.0,vader_base
degradations,-1.5,vader_base
degradative,-2.0,vader_base
degraded,-1.8,vader_base
degrader,-2.0,vader_base
degraders,-2.0,vader_base
degrades,-2.1,vader_base
degrading,-2.8,vader_base
degradingly,-2.7,vader_base
dehumanize,-1.8,vader_base
dehumanized,-1.9,vader_base
dehumanizes,-1.5,vader_base
dehumanizing,-2.4,vader_base
deject,-2.2,vader_base
dejected,-2.2,vader_base
dejecting,-2.3,vader_base
dejects,-2.0,vader_base
delayed,-0.9,vader_base
delectable,2.9,vader_base
delectables,1.4,vader_base
delectably,2.8,vader_base
delicately,1.0,vader_base
delicates,0.6,vader_base
delicatessen,0.4,vader_base
delicatessens,0.4,vader_base
deliciously,1.9,vader_base
deliciousness,1.8,vader_base
delightedly,2.4,vader_base
delightedness,2.1,vader_base
delighter,2.0,vader_base
delighters,2.6,vader_base
delightfulness,2.1,vader_base
delighting,1.6,vader_base
delights,2.0,vader_base
delightsome,2.3,vader_base
demanded,-0.9,vader_base
demonstration,0.4,vader_base
denied,-1.9,vader_base
denier,-1.5,vader_base
deniers,-1.1,vader_base
denies,-1.8,vader_base
denounces,-1.9,vader_base
denying,-1.4,vader_base
depressant,-1.6,vader_base
depressants,-1.6,vader_base
depresses,-2.2,vader_base
depressible,-1.7,vader_base
depressing,-1.6,vader_base
depressingly,-2.3,vader_base
depressions,-2.2,vader_base
depressive,-1.6,vader_base
depressively,-2.1,vader_base
depressives,-1.5,vader_base
depressor,-1.8,vader_base
depressors,-1.7,vader_base
depressurization,-0.3,vader_base
depressurizations,-0.4,vader_base
depressurize,-0.5,vader_base
depressurized,-0.3,vader_base
depressurizes,-0.3,vader_base
depressurizing,-0.7,vader_base
deprival,-2.1,vader_base
deprivals,-1.2,vader_base
deprivations,-1.8,vader_base
deprived,-2.1,vader_base
depriver,-1.6,vader_base
deprivers,-1.4,vader_base
deprives,-1.7,vader_base
depriving,-2.0,vader_base
derailed,-1.4,vader_base
derails,-1.3,vader_base
derided,-0.8,vader_base
derides,-1.0,vader_base
deriding,-1.5,vader_base
derision,-1.2,vader_base
desired,1.1,vader_base
desirous,1.3,vader_base
despaired,-2.7,vader_base
despairer,-1.3,vader_base
despairers,-1.3,vader_base
despairing,-2.3,vader_base
despairingly,-2.2,vader_base
despairs,-2.7,vader_base
desperately,-1.6,vader_base
desperateness,-1.5,vader_base
desperations,-2.2,vader_base
despised,-1.7,vader_base
despisement,-2.4,vader_base
despisements,-2.5,vader_base
despiser,-1.8,vader_base
despisers,-1.6,vader_base
despises,-2.0,vader_base
despising,-2.7,vader_base
despondent,-2.1,vader_base
destroyed,-2.2,vader_base
destroyer,-2.0,vader_base
destroyers,-2.3,vader_base
destroying,-2.6,vader_base
destroys,-2.6,vader_base
destruct,-2.4,vader_base
destructed,-1.9,vader_base
destructibility,-1.8,vader_base
destructible,-1.5,vader_base
destructing,-2.5,vader_base
destructionist,-2.6,vader_base
destructionists,-2.1,vader_base
destructions,-2.3,vader_base
destructively,-2.4,vader_base
destructiveness,-2.4,vader_base
destructivity,-2.2,vader_base
destructs,-2.4,vader_base
detached,-0.5,vader_base
detained,-1.7,vader_base
determinable,0.9,vader_base
determinableness,0.2,vader_base
determinably,0.9,vader_base
determinacy,1.0,vader_base
determinantal,-0.3,vader_base
determinate,0.8,vader_base
determinately,1.2,vader_base
determinateness,1.1,vader_base
determinations,0.8,vader_base
determinative,1.1,vader_base
determinatives,0.9,vader_base
determinator,1.1,vader_base
determined,1.4,vader_base
devastated,-3.0,vader_base
devastates,-2.8,vader_base
devastating,-3.3,vader_base
devastatingly,-2.4,vader_base
devastations,-1.9,vader_base
devastative,-3.2,vader_base
devastator,-2.8,vader_base
devastators,-2.9,vader_base
deviled,-1.6,vader_base
devilfish,-0.8,vader_base
devilfishes,-0.6,vader_base
deviling,-2.2,vader_base
devilish,-2.1,vader_base
devilishly,-1.6,vader_base
devilishness,-2.3,vader_base
devilkin,-2.4,vader_base
devilled,-2.3,vader_base
devilling,-1.8,vader_base
devilment,-1.9,vader_base
devilments,-1.1,vader_base
devilries,-1.6,vader_base
devilry,-2.8,vader_base
devils,-2.7,vader_base
deviltries,-1.5,vader_base
deviltry,-2.8,vader_base
devilwood,-0.8,vader_base
devilwoods,-1.0,vader_base
devoted,1.7,vader_base
devotedly,1.6,vader_base
devotedness,2.0,vader_base
devotee,1.6,vader_base
devotees,0.5,vader_base
devotement,1.5,vader_base
devotements,1.1,vader_base
devotes,1.6,vader_base
devoting,2.1,vader_base
devotion,2.0,vader_base
devotional,1.2,vader_base
devotionally,2.2,vader_base
devotionals,1.2,vader_base
devotions,1.8,vader_base
dick,-2.3,vader_base
dickhead,-3.1,vader_base
died,-2.6,vader_base
difficulties,-1.2,vader_base
diffident,-1.0,vader_base
dignifies,2.0,vader_base
dignify,1.8,vader_base
dignifying,2.1,vader_base
dignitaries,0.6,vader_base
dignitary,1.9,vader_base
dignities,1.4,vader_base
dipshit,-2.1,vader_base
direful,-3.1,vader_base
dirtier,-1.4,vader_base
dirtiest,-2.4,vader_base
disabling,-2.1,vader_base
disadvantaged,-1.7,vader_base
disadvantageously,-2.1,vader_base
disadvantageousness,-1.6,vader_base
disadvantages,-1.7,vader_base
disagreeableness,-1.7,vader_base
disagreeablenesses,-1.9,vader_base
disagreeably,-1.5,vader_base
disagreed,-1.3,vader_base
disagreeing,-1.4,vader_base
disagreements,-1.8,vader_base
disagrees,-1.3,vader_base
disappeared,-0.9,vader_base
disappears,-1.4,vader_base
disappointedly,-1.7,vader_base
disappointments,-2.0,vader_base
disasters,-2.6,vader_base
disbelieve,-1.2,vader_base
discarded,-1.4,vader_base
discarding,-0.7,vader_base
discards,-1.0,vader_base
discomfortable,-1.6,vader_base
discomforted,-1.6,vader_base
discomforting,-1.6,vader_base
discomforts,-1.3,vader_base
disconsolate,-2.3,vader_base
disconsolation,-1.7,vader_base
discord,-1.7,vader_base
discounted,0.2,vader_base
discourageable,-1.2,vader_base
discouraged,-1.7,vader_base
discouragement,-2.0,vader_base
discouragements,-1.8,vader_base
discourager,-1.7,vader_base
discouragers,-1.9,vader_base
discourages,-1.9,vader_base
discouraging,-1.9,vader_base
discouragingly,-1.8,vader_base
disguised,-1.1,vader_base
disguises,-1.0,vader_base
disguising,-1.3,vader_base
disgusted,-2.4,vader_base
disgustedly,-3.0,vader_base
disgustful,-2.6,vader_base
disgustingly,-2.9,vader_base
disgusts,-2.1,vader_base
dishearten,-2.0,vader_base
disheartened,-2.2,vader_base
disheartening,-1.8,vader_base
dishearteningly,-2.0,vader_base
disheartenment,-2.3,vader_base
disheartenments,-2.2,vader_base
disheartens,-2.2,vader_base
disillusion,-1.0,vader_base
disillusioning,-1.3,vader_base
disillusionment,-1.7,vader_base
disillusionments,-1.5,vader_base
disillusions,-1.6,vader_base
disinclined,-1.1,vader_base
disliked,-1.7,vader_base
dislikes,-1.7,vader_base
disliking,-1.3,vader_base
dismaying,-2.2,vader_base
dismayingly,-1.9,vader_base
dismays,-1.8,vader_base
disorder,-1.7,vader_base
disoriented,-1.5,vader_base
disparaged,-1.4,vader_base
disparages,-1.6,vader_base
disparaging,-2.2,vader_base
displeased,-1.9,vader_base
disputes,-1.1,vader_base
disputing,-1.7,vader_base
disqualified,-1.8,vader_base
disquiet,-1.3,vader_base
disregarded,-1.6,vader_base
disregarding,-0.9,vader_base
disregards,-1.4,vader_base
disrespect,-1.8,vader_base
disrespected,-2.0,vader_base
disruptions,-1.4,vader_base
dissatisfactions,-1.9,vader_base
dissatisfactory,-2.0,vader_base
dissatisfies,-1.8,vader_base
dissatisfying,-2.4,vader_base
distorted,-1.7,vader_base
distorting,-1.1,vader_base
distorts,-1.4,vader_base
distractable,-1.3,vader_base
distractedly,-0.9,vader_base
distractibility,-1.3,vader_base
distractible,-1.5,vader_base
distracting,-1.2,vader_base
distractingly,-1.4,vader_base
distractions,-1.0,vader_base
distractive,-1.6,vader_base
distracts,-1.3,vader_base
distressed,-1.8,vader_base
distresses,-1.6,vader_base
distressful,-2.2,vader_base
distressfully,-1.7,vader_base
distressfulness,-2.4,vader_base
distressingly,-2.2,vader_base
distrusted,-2.4,vader_base
distrustful,-2.1,vader_base
distrustfully,-1.8,vader_base
distrustfulness,-1.6,vader_base
distrusting,-2.1,vader_base
distrusts,-1.3,vader_base
disturbances,-1.4,vader_base
disturbed,-1.6,vader_base
disturber,-1.4,vader_base
disturbers,-2.1,vader_base
disturbing,-2.3,vader_base
disturbingly,-2.3,vader_base
disturbs,-1.9,vader_base
dithering,-0.5,vader_base
divination,1.7,vader_base
divinations,1.1,vader_base
divinatory,1.6,vader_base
divine,2.6,vader_base
divined,0.8,vader_base
divinely,2.9,vader_base
diviner,0.3,vader_base
diviners,1.2,vader_base
divines,0.8,vader_base
divinest,2.7,vader_base
divining,0.9,vader_base
divinise,0.5,vader_base
divinities,1.8,vader_base
divinity,2.7,vader_base
divinize,2.3,vader_base
doa,-2.3,vader_base
dodging,-0.4,vader_base
dolorous,-2.2,vader_base
dominances,-0.1,vader_base
dominantly,0.2,vader_base
dominants,0.2,vader_base
dominates,0.2,vader_base
dominating,-1.2,vader_base
dominations,-0.3,vader_base
dominative,-0.7,vader_base
dominators,-0.4,vader_base
dominatrices,-0.2,vader_base
dominatrix,-0.5,vader_base
dominatrixes,0.6,vader_base
doom,-1.7,vader_base
doomful,-2.1,vader_base
dooming,-2.8,vader_base
dooms,-1.1,vader_base
doomsayer,-0.7,vader_base
doomsayers,-1.7,vader_base
doomsaying,-1.5,vader_base
doomsayings,-1.5,vader_base
doomsday,-2.8,vader_base
doomsdayer,-2.2,vader_base
doomsdays,-2.4,vader_base
doomster,-2.2,vader_base
doomsters,-1.6,vader_base
doomy,-1.1,vader_base
dork,-1.4,vader_base
dorkier,-1.1,vader_base
dorkiest,-1.2,vader_base
dorks,-0.5,vader_base
dorky,-1.1,vader_base
doubtable,-1.5,vader_base
doubted,-1.1,vader_base
doubter,-1.6,vader_base
doubters,-1.3,vader_base
doubtfully,-1.2,vader_base
doubtfulness,-1.2,vader_base
doubting,-1.4,vader_base
doubtingly,-1.4,vader_base
doubtless,0.9,vader_base
doubtlessly,1.2,vader_base
doubtlessness,0.8,vader_base
doubts,-1.2,vader_base
douche,-1.5,vader_base
douchebag,-3.0,vader_base
downcast,-1.8,vader_base
downhearted,-2.3,vader_base
dragged,-0.2,vader_base
drags,-0.7,vader_base
drained,-1.5,vader_base
dreadfully,-2.7,vader_base
dreadfulness,-3.2,vader_base
dreadfuls,-2.4,vader_base
dreading,-2.4,vader_base
dreadlock,-0.4,vader_base
dreadlocks,-0.2,vader_base
dreadnought,-0.6,vader_base
dreadnoughts,-0.4,vader_base
dreads,-1.4,vader_base
dreams,1.7,vader_base
droopy,-0.8,vader_base
drowned,-2.9,vader_base
drowns,-2.2,vader_base
drunk,-1.4,vader_base
dullard,-1.6,vader_base
dullards,-1.8,vader_base
dulled,-1.5,vader_base
duller,-1.7,vader_base
dullest,-1.7,vader_base
dulling,-1.1,vader_base
dullish,-1.1,vader_base
dullness,-1.4,vader_base
dullnesses,-1.9,vader_base
dulls,-1.0,vader_base
dullsville,-2.4,vader_base
dully,-1.1,vader_base
dumbass,-2.6,vader_base
dumbbell,-0.8,vader_base
dumbbells,-0.2,vader_base
dumbcane,-0.3,vader_base
dumbcanes,-0.6,vader_base
dumbed,-1.4,vader_base
dumber,-1.5,vader_base
dumbest,-2.3,vader_base
dumbfound,-0.1,vader_base
dumbfounded,-1.6,vader_base
dumbfounder,-1.0,vader_base
dumbfounders,-1.0,vader_base
dumbfounding,-0.8,vader_base
dumbfounds,-0.3,vader_base
dumbhead,-2.6,vader_base
dumbheads,-1.9,vader_base
dumbing,-0.5,vader_base
dumbly,-1.3,vader_base
dumbness,-1.9,vader_base
dumbs,-1.5,vader_base
dumbstruck,-1.0,vader_base
dumbwaiter,0.2,vader_base
dumbwaiters,-0.1,vader_base
dumpcart,-0.6,vader_base
dumped,-1.7,vader_base
dumper,-1.2,vader_base
dumpers,-0.8,vader_base
dumpier,-1.4,vader_base
dumpiest,-1.6,vader_base
dumpiness,-1.2,vader_base
dumping,-1.3,vader_base
dumpings,-1.1,vader_base
dumpish,-1.8,vader_base
dumpling,0.4,vader_base
dumplings,-0.3,vader_base
dumps,-1.7,vader_base
dumpster,-0.6,vader_base
dumpsters,-1.0,vader_base
dumpy,-1.7,vader_base
duped,-1.8,vader_base
dwell,0.5,vader_base
dwelled,0.4,vader_base
dweller,0.3,vader_base
dwellers,-0.3,vader_base
dwelling,0.1,vader_base
dwells,-0.1,vader_base
dx,-3.0,vader_base
dynamic,1.6,vader_base
dynamical,1.2,vader_base
dynamically,1.5,vader_base
dynamics,1.1,vader_base
dynamisms,1.2,vader_base
dynamist,1.4,vader_base
dynamistic,1.5,vader_base
dynamists,0.9,vader_base
dynamite,0.7,vader_base
dynamited,-0.9,vader_base
dynamiter,-1.2,vader_base
dynamiters,0.4,vader_base
dynamites,-0.3,vader_base
dynamitic,0.9,vader_base
dynamiting,0.2,vader_base
dynamometer,0.3,vader_base
dynamometers,0.3,vader_base
dynamometric,0.3,vader_base
dynamometry,0.6,vader_base
dynamos,0.3,vader_base
dynamotor,0.6,vader_base
eagerly,1.6,vader_base
eagers,1.6,vader_base
eased,1.2,vader_base
easeful,1.5,vader_base
easefully,1.4,vader_base
easel,0.3,vader_base
easements,0.4,vader_base
eases,1.3,vader_base
easier,1.8,vader_base
easiest,1.8,vader_base
easiness,1.6,vader_base
easing,1.0,vader_base
easygoing,1.3,vader_base
easygoingness,1.5,vader_base
ecstacy,3.3,vader_base
ecstasies,2.3,vader_base
ecstasy,2.9,vader_base
ecstatically,2.8,vader_base
ecstatics,2.9,vader_base
eery,-0.9,vader_base
effectively,1.9,vader_base
efficiencies,1.6,vader_base
effin,-2.3,vader_base
egotism,-1.4,vader_base
egotisms,-1.0,vader_base
egotist,-2.3,vader_base
egotistic,-1.4,vader_base
egotistical,-0.9,vader_base
egotistically,-1.8,vader_base
egotists,-1.7,vader_base
elated,3.2,vader_base
elation,1.5,vader_base
elegance,2.1,vader_base
elegances,1.8,vader_base
elegancies,1.6,vader_base
elegancy,2.1,vader_base
elegantly,1.9,vader_base
embarrassable,-1.6,vader_base
embarrassed,-1.5,vader_base
embarrassedly,-1.1,vader_base
embarrasses,-1.7,vader_base
embarrassing,-1.6,vader_base
embarrassingly,-1.7,vader_base
embarrassments,-1.7,vader_base
embittered,-0.4,vader_base
empathetic,1.7,vader_base
emptied,-0.7,vader_base
emptier,-0.7,vader_base
emptiers,-0.7,vader_base
empties,-0.7,vader_base
emptiest,-1.8,vader_base
emptily,-1.0,vader_base
emptiness,-1.9,vader_base
emptinesses,-1.5,vader_base
emptins,-0.3,vader_base
empty,-0.8,vader_base
emptying,-0.6,vader_base
enchanted,1.6,vader_base
encouragements,2.1,vader_base
encourager,1.5,vader_base
encouragers,1.5,vader_base
encourages,1.9,vader_base
encouragingly,2.0,vader_base
endorsed,1.0,vader_base
endorses,1.4,vader_base
enemies,-2.2,vader_base
energetically,1.8,vader_base
energetics,0.3,vader_base
energies,0.9,vader_base
energise,2.2,vader_base
energised,2.1,vader_base
energises,2.2,vader_base
energising,1.9,vader_base
energization,1.6,vader_base
energizations,1.5,vader_base
energized,2.3,vader_base
energizer,2.1,vader_base
energizers,1.7,vader_base
energizes,2.1,vader_base
energizing,2.0,vader_base
engaged,1.7,vader_base
engagement,2.0,vader_base
engagements,0.6,vader_base
engager,1.1,vader_base
engagers,1.0,vader_base
engages,1.0,vader_base
engagingly,1.5,vader_base
engrossed,0.6,vader_base
enjoyableness,1.9,vader_base
enjoyer,2.2,vader_base
enjoyers,2.2,vader_base
enjoyments,2.0,vader_base
enlightened,2.2,vader_base
enlightening,2.3,vader_base
enlightens,1.7,vader_base
ennui,-1.2,vader_base
enraged,-1.7,vader_base
enrages,-1.8,vader_base
enraging,-2.8,vader_base
enrapture,3.0,vader_base
enslave,-3.1,vader_base
enslaved,-1.7,vader_base
enslaves,-1.6,vader_base
ensuring,1.1,vader_base
enterprising,2.3,vader_base
entertained,1.7,vader_base
entertainer,1.6,vader_base
entertainers,1.0,vader_base
entertainingly,1.9,vader_base
entertainments,2.3,vader_base
entertains,2.4,vader_base
enthral,0.4,vader_base
enthused,2.0,vader_base
enthuses,1.7,vader_base
enthusiasms,2.0,vader_base
enthusiasts,1.4,vader_base
enthusing,1.9,vader_base
entitled,1.1,vader_base
entrusted,0.8,vader_base
envied,-1.1,vader_base
envier,-1.0,vader_base
enviers,-1.1,vader_base
envies,-0.8,vader_base
envying,-0.8,vader_base
envyingly,-1.3,vader_base
errors,-1.4,vader_base
escapes,0.5,vader_base
escaping,0.2,vader_base
evildoer,-3.1,vader_base
evildoers,-2.4,vader_base
evildoing,-3.1,vader_base
evildoings,-2.5,vader_base
eviler,-2.1,vader_base
evilest,-2.5,vader_base
eviller,-2.9,vader_base
evillest,-3.3,vader_base
evilly,-3.4,vader_base
evilness,-3.1,vader_base
evils,-2.7,vader_base
exaggerated,-0.4,vader_base
exaggerates,-0.6,vader_base
exaggerating,-0.7,vader_base
excelled,2.2,vader_base
excellences,2.5,vader_base
excellencies,2.4,vader_base
excellency,2.5,vader_base
excellently,3.1,vader_base
excelling,2.5,vader_base
excels,2.5,vader_base
excelsior,0.7,vader_base
excitabilities,1.5,vader_base
excitability,1.2,vader_base
excitable,1.5,vader_base
excitableness,1.0,vader_base
excitant,1.8,vader_base
excitants,1.2,vader_base
excitation,1.8,vader_base
excitations,1.8,vader_base
excitative,0.3,vader_base
excitatory,1.1,vader_base
excited,1.4,vader_base
excitedly,2.3,vader_base
excitements,1.9,vader_base
exciter,1.9,vader_base
exciters,1.4,vader_base
excites,2.1,vader_base
excitingly,1.9,vader_base
exciton,0.3,vader_base
excitonic,0.2,vader_base
excitons,0.8,vader_base
excitor,0.5,vader_base
excluded,-1.4,vader_base
excruciate,-2.7,vader_base
excruciated,-1.3,vader_base
excruciates,-1.0,vader_base
excruciatingly,-2.9,vader_base
excruciation,-3.4,vader_base
excruciations,-1.9,vader_base
excuse,0.3,vader_base
exhauster,-1.3,vader_base
exhausters,-1.3,vader_base
exhaustibility,-0.8,vader_base
exhaustible,-1.0,vader_base
exhaustions,-1.1,vader_base
exhaustively,-0.7,vader_base
exhaustiveness,-1.1,vader_base
exhaustless,0.2,vader_base
exhaustlessness,0.9,vader_base
exhausts,-1.1,vader_base
exhilarated,3.0,vader_base
exhilarates,2.8,vader_base
exonerated,1.8,vader_base
exonerates,1.6,vader_base
exonerating,1.0,vader_base
expelled,-1.0,vader_base
expelling,-1.6,vader_base
expels,-1.6,vader_base
exploited,-2.0,vader_base
exploiting,-1.9,vader_base
exploits,-1.4,vader_base
exploration,0.9,vader_base
explorations,0.3,vader_base
exposed,-0.3,vader_base
exposes,-0.5,vader_base
exposing,-1.1,vader_base
extends,0.5,vader_base
exultant,3.0,vader_base
exultantly,1.4,vader_base
ez,1.5,vader_base
fab,2.0,vader_base
fabulousness,2.8,vader_base
fag,-2.1,vader_base
faggot,-3.4,vader_base
faggots,-3.2,vader_base
failingly,-1.4,vader_base
failings,-2.2,vader_base
faille,0.1,vader_base
failures,-2.0,vader_base
fainthearted,-0.3,vader_base
faithed,1.3,vader_base
faithfully,1.8,vader_base
faithfulness,1.9,vader_base
faithless,-1.0,vader_base
faithlessly,-0.9,vader_base
faithlessness,-1.8,vader_base
faiths,1.8,vader_base
fakes,-1.8,vader_base
faking,-1.8,vader_base
falsified,-1.6,vader_base
fantastical,2.0,vader_base
fantasticalities,2.1,vader_base
fantasticality,1.7,vader_base
fantasticalness,1.3,vader_base
fantasticate,1.5,vader_base
fantastico,0.4,vader_base
fascinate,2.4,vader_base
fascinated,2.1,vader_base
fascinates,2.0,vader_base
fascist,-2.6,vader_base
fascists,-0.8,vader_base
fatalism,-0.6,vader_base
fatalisms,-1.7,vader_base
fatalist,-0.5,vader_base
fatalistic,-1.0,vader_base
fatalists,-1.2,vader_base
fatalities,-2.9,vader_base
fatigued,-1.4,vader_base
fatigues,-1.3,vader_base
fatiguing,-1.2,vader_base
fatiguingly,-1.5,vader_base
faulted,-1.4,vader_base
faultfinder,-0.8,vader_base
faultfinders,-1.5,vader_base
faultfinding,-2.1,vader_base
faultier,-2.1,vader_base
faultiest,-2.1,vader_base
faultily,-2.0,vader_base
faultiness,-1.5,vader_base
faulting,-1.4,vader_base
faultless,2.0,vader_base
faultlessly,2.0,vader_base
faultlessness,1.1,vader_base
faults,-2.1,vader_base
fav,2.0,vader_base
fave,1.9,vader_base
favorableness,2.2,vader_base
favorer,1.3,vader_base
favorers,1.4,vader_base
favoring,1.8,vader_base
favorited,1.7,vader_base
favorites,1.8,vader_base
favoritisms,0.7,vader_base
favors,1.0,vader_base
favour,1.9,vader_base
favoured,1.8,vader_base
favourer,1.6,vader_base
favourers,1.6,vader_base
favouring,1.3,vader_base
favours,1.8,vader_base
fcol,-1.8,vader_base
feared,-2.2,vader_base
fearfuller,-2.2,vader_base
fearfullest,-2.5,vader_base
fearfully,-2.2,vader_base
fearfulness,-1.8,vader_base
fearing,-2.7,vader_base
fearless,1.9,vader_base
fearlessly,1.1,vader_base
fears,-1.8,vader_base
fearsome,-1.7,vader_base
fed up,-1.8,vader_base
felonies,-2.5,vader_base
ferociously,-1.1,vader_base
ferociousness,-1.0,vader_base
ferocities,-1.0,vader_base
fervid,0.5,vader_base
festival,2.2,vader_base
festivalgoer,1.3,vader_base
festivalgoers,1.2,vader_base
festivals,1.5,vader_base
festive,2.0,vader_base
festively,2.2,vader_base
festiveness,2.4,vader_base
festivities,2.1,vader_base
festivity,2.2,vader_base
feudal,-0.8,vader_base
feudalism,-0.9,vader_base
feudalisms,-0.2,vader_base
feudalist,-0.9,vader_base
feudalistic,-1.1,vader_base
feudalities,-0.4,vader_base
feudality,-0.5,vader_base
feudalization,-0.3,vader_base
feudalize,-0.5,vader_base
feudalized,-0.8,vader_base
feudalizes,-0.1,vader_base
feudalizing,-0.7,vader_base
feudally,-0.6,vader_base
feudaries,-0.3,vader_base
feudary,-0.8,vader_base
feudatories,-0.5,vader_base
feudatory,-0.1,vader_base
feuded,-2.2,vader_base
feuding,-1.6,vader_base
feudist,-1.1,vader_base
feudists,-0.7,vader_base
feuds,-1.4,vader_base
ff,1.8,vader_base
ffs,-2.8,vader_base
fidgety,-1.4,vader_base
fiery,-1.4,vader_base
fiesta,2.1,vader_base
fiestas,1.5,vader_base
fighters,-0.2,vader_base
fightings,-1.9,vader_base
fights,-1.7,vader_base
fired,-2.6,vader_base
fitness,1.1,vader_base
fkm,-2.4,vader_base
flagship,0.4,vader_base
flattered,1.6,vader_base
flatterer,-0.3,vader_base
flatterers,0.3,vader_base
flatteries,1.2,vader_base
flatteringly,1.0,vader_base
flatters,0.6,vader_base
flattery,0.4,vader_base
flawlessly,0.8,vader_base
flees,-0.7,vader_base
flexibilities,1.0,vader_base
flexibly,1.3,vader_base
flirtation,1.7,vader_base
flirtations,-0.1,vader_base
flirtatious,0.5,vader_base
flirtatiously,-0.1,vader_base
flirtatiousness,0.6,vader_base
flirted,-0.2,vader_base
flirter,-0.4,vader_base
flirters,0.6,vader_base
flirtier,-0.1,vader_base
flirtiest,0.4,vader_base
flirting,0.8,vader_base
flirts,0.7,vader_base
flirty,0.6,vader_base
flops,-1.4,vader_base
flu,-1.6,vader_base
flunked,-2.1,vader_base
flunker,-1.9,vader_base
flunkers,-1.6,vader_base
flunkey,-1.8,vader_base
flunkeys,-0.6,vader_base
flunkies,-1.4,vader_base
flunking,-1.5,vader_base
flunks,-1.8,vader_base
flunky,-1.8,vader_base
flustered,-1.0,vader_base
foaf,1.8,vader_base
focused,1.6,vader_base
foehns,0.2,vader_base
foeman,-1.8,vader_base
foemen,-0.3,vader_base
foes,-2.0,vader_base
foetal,-0.1,vader_base
foetid,-2.3,vader_base
foetor,-3.0,vader_base
foetors,-2.1,vader_base
foetus,0.2,vader_base
foetuses,0.2,vader_base
fondly,1.9,vader_base
fooled,-1.6,vader_base
fooleries,-1.8,vader_base
foolery,-1.8,vader_base
foolfish,-0.8,vader_base
foolfishes,-0.4,vader_base
foolhardier,-1.5,vader_base
foolhardiest,-1.3,vader_base
foolhardily,-1.0,vader_base
foolhardiness,-1.6,vader_base
fooling,-1.7,vader_base
foolisher,-1.7,vader_base
foolishest,-1.4,vader_base
foolishly,-1.8,vader_base
foolishness,-1.8,vader_base
foolishnesses,-2.0,vader_base
foolproof,1.6,vader_base
fools,-2.2,vader_base
foolscaps,-0.8,vader_base
forbiddance,-1.4,vader_base
forbiddances,-1.0,vader_base
forbidden,-1.8,vader_base
forbidder,-1.6,vader_base
forbidders,-1.5,vader_base
forbidding,-1.9,vader_base
forbiddingly,-1.9,vader_base
forbids,-1.3,vader_base
forced,-2.0,vader_base
foreclosures,-2.4,vader_base
forgave,1.4,vader_base
forgetful,-1.1,vader_base
forgivable,1.7,vader_base
forgivably,1.6,vader_base
forgiven,1.6,vader_base
forgiver,1.7,vader_base
forgivers,1.2,vader_base
forgives,1.7,vader_base
forgivingly,1.4,vader_base
forgivingness,1.8,vader_base
forgotten,-0.9,vader_base
fought,-1.3,vader_base
foughten,-1.9,vader_base
frantically,-1.4,vader_base
franticness,-0.7,vader_base
frauds,-2.3,vader_base
fraudster,-2.5,vader_base
fraudsters,-2.4,vader_base
freak,-1.9,vader_base
freaked,-1.2,vader_base
freakier,-1.3,vader_base
freakiest,-1.6,vader_base
freakiness,-1.4,vader_base
freaking,-1.8,vader_base
freakish,-2.1,vader_base
freakishly,-0.8,vader_base
freakishness,-1.4,vader_base
freakout,-1.8,vader_base
freakouts,-1.5,vader_base
freaks,-0.4,vader_base
freaky,-1.5,vader_base
freebase,-0.1,vader_base
freebased,0.8,vader_base
freebases,0.8,vader_base
freebasing,-0.4,vader_base
freebee,1.3,vader_base
freebees,1.3,vader_base
freebie,1.8,vader_base
freebies,1.8,vader_base
freeboard,0.3,vader_base
freeboards,0.7,vader_base
freeboot,-0.7,vader_base
freebooter,-1.7,vader_base
freebooters,-0.2,vader_base
freebooting,-0.8,vader_base
freeborn,1.2,vader_base
freed,1.7,vader_base
freedman,1.1,vader_base
freedmen,0.7,vader_base
freedom,3.2,vader_base
freedoms,1.2,vader_base
freedwoman,1.6,vader_base
freedwomen,1.3,vader_base
freeform,0.9,vader_base
freehand,0.5,vader_base
freehanded,1.4,vader_base
freehearted,1.5,vader_base
freeholder,0.5,vader_base
freeholders,0.1,vader_base
freeholds,1.0,vader_base
freeing,2.1,vader_base
freelance,1.2,vader_base
freelanced,0.7,vader_base
freelancer,1.1,vader_base
freelancers,0.4,vader_base
freelances,0.7,vader_base
freelancing,0.4,vader_base
freeload,-1.9,vader_base
freeloaded,-1.6,vader_base
freeloader,-0.7,vader_base
freeloaders,-0.1,vader_base
freeloading,-1.3,vader_base
freeloads,-1.3,vader_base
freely,1.9,vader_base
freeman,1.7,vader_base
freemartin,-0.5,vader_base
freemasonries,0.7,vader_base
freemasonry,0.3,vader_base
freemen,1.5,vader_base
freeness,1.6,vader_base
freenesses,1.7,vader_base
freers,1.0,vader_base
frees,1.2,vader_base
freesia,0.4,vader_base
freesias,0.4,vader_base
freest,1.6,vader_base
freestanding,1.1,vader_base
freestyle,0.7,vader_base
freestyler,0.4,vader_base
freestylers,0.8,vader_base
freestyles,0.3,vader_base
freethinker,1.0,vader_base
freethinkers,1.0,vader_base
freethinking,1.1,vader_base
freeware,0.7,vader_base
freeway,0.2,vader_base
freewheel,0.5,vader_base
freewheeled,0.3,vader_base
freewheeler,0.2,vader_base
freewheelers,-0.3,vader_base
freewheeling,0.5,vader_base
freewheelingly,0.8,vader_base
freewheels,0.6,vader_base
freewill,1.0,vader_base
freewriting,0.8,vader_base
freezers,-0.1,vader_base
freezes,-0.1,vader_base
freezingly,-1.6,vader_base
friended,1.7,vader_base
friending,1.8,vader_base
friendlessness,-0.3,vader_base
friendlier,2.0,vader_base
friendlies,2.2,vader_base
friendliest,2.6,vader_base
friendlily,1.8,vader_base
friendliness,2.0,vader_base
friends,2.1,vader_base
friendships,1.6,vader_base
frighted,-1.4,vader_base
frightened,-1.9,vader_base
frighteningly,-2.1,vader_base
frightens,-1.7,vader_base
frightful,-2.3,vader_base
frightfully,-1.7,vader_base
frightfulness,-1.9,vader_base
frighting,-1.5,vader_base
frights,-1.1,vader_base
frowning,-1.4,vader_base
frustrated,-2.4,vader_base
frustrates,-1.9,vader_base
frustrating,-1.9,vader_base
frustrations,-2.0,vader_base
ftw,2.0,vader_base
fu,-3.7,vader_base
fubar,-3.0,vader_base
fuck,-2.5,vader_base
fucked,-3.4,vader_base
fucker,-3.3,vader_base
fuckers,-2.9,vader_base
fuckface,-3.2,vader_base
fuckhead,-3.1,vader_base
fucks,-2.1,vader_base
fucktard,-3.1,vader_base
fud,-1.1,vader_base
fuked,-2.5,vader_base
fuking,-3.2,vader_base
fulfilled,1.8,vader_base
fulfills,1.0,vader_base
fume,-1.2,vader_base
fumed,-1.8,vader_base
fumeless,0.3,vader_base
fumelike,-0.7,vader_base
fumer,0.7,vader_base
fumers,-0.8,vader_base
fumes,-0.1,vader_base
fumet,0.4,vader_base
fumets,-0.4,vader_base
fumette,-0.6,vader_base
fuming,-2.7,vader_base
funeral,-1.5,vader_base
funerals,-1.6,vader_base
funned,2.3,vader_base
funnel,0.1,vader_base
funneled,0.1,vader_base
funnelform,0.5,vader_base
funneling,-0.1,vader_base
funnelled,-0.1,vader_base
funnelling,0.1,vader_base
funnels,0.4,vader_base
funner,2.2,vader_base
funnest,2.9,vader_base
funnier,1.7,vader_base
funnies,1.3,vader_base
funniest,2.6,vader_base
funnily,1.9,vader_base
funniness,1.8,vader_base
funninesses,1.6,vader_base
funning,1.8,vader_base
funnyman,1.4,vader_base
funnymen,1.3,vader_base
furiously,-1.9,vader_base
fwb,2.5,vader_base
fyi,0.8,vader_base
fysa,0.4,vader_base
g1,1.4,vader_base
gag,-1.4,vader_base
gagged,-1.3,vader_base
gained,1.6,vader_base
gaining,1.8,vader_base
gains,1.4,vader_base
gallant,1.7,vader_base
gallantly,1.9,vader_base
gallantry,2.6,vader_base
geek,-0.8,vader_base
geekier,0.2,vader_base
geekiest,-0.1,vader_base
geeks,-0.4,vader_base
geeky,-0.6,vader_base
generosities,2.6,vader_base
generously,1.8,vader_base
generousness,2.4,vader_base
genial,1.8,vader_base
gentler,1.4,vader_base
gentlest,1.8,vader_base
gently,2.0,vader_base
gg,1.2,vader_base
gga,1.7,vader_base
ghost,-1.3,vader_base
giggle,1.8,vader_base
giggled,1.5,vader_base
giggler,0.6,vader_base
gigglers,1.4,vader_base
giggles,0.8,vader_base
gigglier,1.0,vader_base
giggliest,1.7,vader_base
giggling,1.5,vader_base
gigglingly,1.1,vader_base
giggly,1.0,vader_base
gigo,-0.6,vader_base
giver,1.4,vader_base
givers,1.7,vader_base
giving,1.4,vader_base
gj,2.0,vader_base
gl,1.3,vader_base
gla,2.5,vader_base
gladly,1.4,vader_base
glamorise,1.3,vader_base
glamorised,1.8,vader_base
glamorises,2.1,vader_base
glamorising,1.2,vader_base
glamorization,1.6,vader_base
glamorize,1.7,vader_base
glamorized,2.1,vader_base
glamorizer,2.4,vader_base
glamorizers,1.6,vader_base
glamorizes,2.4,vader_base
glamorizing,1.8,vader_base
glamorously,2.1,vader_base
glamors,1.4,vader_base
glamour,2.4,vader_base
glamourize,0.8,vader_base
glamourless,-1.6,vader_base
glamourous,2.0,vader_base
glamours,1.9,vader_base
glee,3.2,vader_base
gleeful,2.9,vader_base
gloomed,-1.9,vader_base
gloomful,-2.1,vader_base
gloomier,-1.5,vader_base
gloomiest,-1.8,vader_base
gloominess,-1.8,vader_base
gloominesses,-1.0,vader_base
glooming,-1.8,vader_base
glooms,-0.9,vader_base
gloried,2.4,vader_base
glories,2.1,vader_base
glorification,2.0,vader_base
glorifier,2.3,vader_base
glorifiers,1.6,vader_base
glorifies,2.2,vader_base
glorify,2.7,vader_base
glorifying,2.4,vader_base
gloriole,1.5,vader_base
glorioles,1.2,vader_base
glorious,3.2,vader_base
gloriously,2.9,vader_base
gloriousness,2.6,vader_base
gn,1.2,vader_base
gn8,0.6,vader_base
god,1.1,vader_base
goddam,-2.5,vader_base
goddammed,-2.4,vader_base
goddamn,-2.1,vader_base
goddamned,-1.8,vader_base
goddamns,-2.1,vader_base
goddams,-1.9,vader_base
goodness,2.0,vader_base
gorgeous,3.0,vader_base
gorgeously,2.3,vader_base
gorgeousness,2.9,vader_base
gorgeousnesses,2.1,vader_base
gossip,-0.7,vader_base
gossiped,-1.1,vader_base
gossiper,-1.1,vader_base
gossipers,-1.1,vader_base
gossiping,-1.6,vader_base
gossipmonger,-1.0,vader_base
gossipmongers,-1.4,vader_base
gossipped,-1.3,vader_base
gossipping,-1.8,vader_base
gossipries,-0.8,vader_base
gossipry,-1.2,vader_base
gossips,-1.3,vader_base
gossipy,-1.3,vader_base
gr8,2.7,vader_base
graced,0.9,vader_base
gracefuller,2.2,vader_base
gracefullest,2.8,vader_base
gracefully,2.4,vader_base
gracefulness,2.2,vader_base
graces,1.6,vader_base
gracile,1.7,vader_base
graciles,0.6,vader_base
gracilis,0.4,vader_base
gracility,1.2,vader_base
gracing,1.3,vader_base
gracioso,1.0,vader_base
graciously,2.3,vader_base
graciousness,2.4,vader_base
grand,2.0,vader_base
grandee,1.1,vader_base
grandees,1.2,vader_base
grander,1.7,vader_base
grandest,2.4,vader_base
grandeurs,2.1,vader_base
granted,1.0,vader_base
granting,1.3,vader_base
grants,0.9,vader_base
gratefuller,1.8,vader_base
gratefully,2.1,vader_base
gratefulness,2.2,vader_base
graticule,0.1,vader_base
graticules,0.2,vader_base
gratification,1.6,vader_base
gratifications,1.8,vader_base
gratified,1.6,vader_base
gratifies,1.5,vader_base
gratifying,2.3,vader_base
gratifyingly,2.0,vader_base
gratin,0.4,vader_base
grating,-0.4,vader_base
gratingly,-0.2,vader_base
gratings,-0.8,vader_base
gratins,0.2,vader_base
gratis,0.2,vader_base
gratz,2.0,vader_base
graved,-0.9,vader_base
gravel,-0.5,vader_base
graveled,-0.5,vader_base
graveless,-1.3,vader_base
graveling,-0.4,vader_base
gravelled,-0.9,vader_base
gravelling,-0.4,vader_base
gravelly,-0.9,vader_base
gravels,-0.5,vader_base
gravely,-1.5,vader_base
graven,-0.9,vader_base
graveness,-1.5,vader_base
graver,-1.1,vader_base
gravers,-1.2,vader_base
graves,-1.2,vader_base
graveside,-0.8,vader_base
gravesides,-1.6,vader_base
gravest,-1.3,vader_base
gravestone,-0.7,vader_base
gravestones,-0.5,vader_base
graveyard,-1.2,vader_base
graveyards,-1.2,vader_base
greedier,-2.0,vader_base
greediest,-2.8,vader_base
greedily,-1.9,vader_base
greediness,-1.7,vader_base
greeds,-1.0,vader_base
greenwash,-1.8,vader_base
greenwashing,-0.4,vader_base
greeted,1.1,vader_base
greeting,1.6,vader_base
greetings,1.8,vader_base
greets,0.6,vader_base
grey,0.2,vader_base
grievances,-1.5,vader_base
grievant,-0.8,vader_base
grievants,-1.1,vader_base
grieve,-1.6,vader_base
grieved,-2.0,vader_base
griever,-1.9,vader_base
grievers,-0.3,vader_base
grieves,-2.1,vader_base
grievously,-1.7,vader_base
grievousness,-2.7,vader_base
grimace,-1.0,vader_base
grimaced,-2.0,vader_base
grimaces,-1.8,vader_base
grimacing,-1.4,vader_base
grimalkin,-0.9,vader_base
grimalkins,-0.9,vader_base
grime,-1.5,vader_base
grimed,-1.2,vader_base
grimes,-1.0,vader_base
grimier,-1.6,vader_base
grimiest,-0.7,vader_base
grimily,-0.7,vader_base
griminess,-1.6,vader_base
griming,-0.7,vader_base
grimly,-1.3,vader_base
grimmer,-1.5,vader_base
grimmest,-0.8,vader_base
grimness,-0.8,vader_base
grimy,-1.8,vader_base
grin,2.1,vader_base
grinned,1.1,vader_base
grinner,1.1,vader_base
grinners,1.6,vader_base
grinning,1.5,vader_base
grins,0.9,vader_base
grossed,-0.4,vader_base
grosser,-0.3,vader_base
grosses,-0.8,vader_base
grossest,-2.1,vader_base
grossing,-0.3,vader_base
grossness,-1.8,vader_base
grossular,-0.3,vader_base
grossularite,-0.1,vader_base
grossularites,-0.7,vader_base
grossulars,-0.3,vader_base
grouch,-2.2,vader_base
grouched,-0.8,vader_base
grouches,-0.9,vader_base
grouchier,-2.0,vader_base
grouchiest,-2.3,vader_base
grouchily,-1.4,vader_base
grouchiness,-2.0,vader_base
grouching,-1.7,vader_base
grouchy,-1.9,vader_base
grrr,-0.4,vader_base
gt,1.1,vader_base
guarantee,1.0,vader_base
guiltier,-2.0,vader_base
guiltiest,-1.7,vader_base
guiltily,-1.1,vader_base
guiltiness,-1.8,vader_base
guiltless,0.8,vader_base
guiltlessly,0.7,vader_base
guiltlessness,0.6,vader_base
guilts,-1.4,vader_base
gullibility,-1.6,vader_base
gun,-1.4,vader_base
h&k,2.3,vader_base
h8,-2.7,vader_base
ha,1.4,vader_base
hacked,-1.7,vader_base
hagd,2.2,vader_base
hagn,2.2,vader_base
hago,1.2,vader_base
haha,2.0,vader_base
hahaha,2.6,vader_base
hahas,1.8,vader_base
hailed,0.9,vader_base
hak,1.9,vader_base
hallelujah,3.0,vader_base
handsomely,1.9,vader_base
handsomeness,2.4,vader_base
handsomer,2.0,vader_base
handsomest,2.6,vader_base
haplessness,-1.4,vader_base
happier,2.4,vader_base
happiest,3.2,vader_base
happing,1.1,vader_base
harassed,-2.5,vader_base
harasser,-2.4,vader_base
harassers,-2.8,vader_base
harasses,-2.5,vader_base
harassing,-2.5,vader_base
harassments,-2.6,vader_base
hardier,-0.6,vader_base
hardy,1.7,vader_base
harmed,-2.1,vader_base
harmfulness,-2.6,vader_base
harming,-2.6,vader_base
harmlessly,1.4,vader_base
harmlessness,0.8,vader_base
harmonic,1.8,vader_base
harmonica,0.6,vader_base
harmonically,2.1,vader_base
harmonicas,0.1,vader_base
harmonicist,0.5,vader_base
harmonicists,0.9,vader_base
harmonics,1.5,vader_base
harmonies,1.3,vader_base
harmoniously,1.9,vader_base
harmoniousness,1.8,vader_base
harmonised,1.3,vader_base
harmonising,1.4,vader_base
harmonium,0.9,vader_base
harmoniums,0.8,vader_base
harmonization,1.9,vader_base
harmonizations,0.9,vader_base
harmonizer,1.6,vader_base
harmonizers,1.6,vader_base
harmonizes,1.5,vader_base
harmonizing,1.4,vader_base
harms,-2.2,vader_base
harried,-1.4,vader_base
harsher,-2.2,vader_base
harshest,-2.9,vader_base
hated,-3.2,vader_base
hateful,-2.2,vader_base
hatefully,-2.3,vader_base
hatefulness,-3.6,vader_base
hater,-1.8,vader_base
haters,-2.2,vader_base
hates,-1.9,vader_base
hating,-2.3,vader_base
hatred,-3.2,vader_base
haunt,-1.7,vader_base
haunted,-2.1,vader_base
haunts,-1.0,vader_base
heartbreak,-2.7,vader_base
heartbreaker,-2.2,vader_base
heartbreakers,-2.1,vader_base
heartbreakingly,-1.8,vader_base
heartbreaks,-1.8,vader_base
heartbroken,-3.3,vader_base
heartlessly,-2.8,vader_base
heartlessness,-2.8,vader_base
heartwarming,2.1,vader_base
heaven,2.3,vader_base
heavenlier,3.0,vader_base
heavenliest,2.7,vader_base
heavenliness,2.7,vader_base
heavenlinesses,2.3,vader_base
heavens,1.7,vader_base
heavenward,1.4,vader_base
heavenwards,1.2,vader_base
heavyhearted,-2.1,vader_base
heh,-0.6,vader_base
helper,1.4,vader_base
helpers,1.1,vader_base
helpfully,2.3,vader_base
helpfulness,1.9,vader_base
helping,1.2,vader_base
helplessly,-1.4,vader_base
helplessness,-2.1,vader_base
helplessnesses,-1.7,vader_base
helps,1.6,vader_base
heroes,2.3,vader_base
heroical,2.9,vader_base
heroically,2.4,vader_base
heroicomic,1.0,vader_base
heroicomical,1.1,vader_base
heroics,2.4,vader_base
heroin,-2.2,vader_base
heroine,2.7,vader_base
heroines,1.8,vader_base
heroinism,-2.0,vader_base
heroism,2.8,vader_base
heroisms,2.2,vader_base
heroize,2.1,vader_base
heroized,2.0,vader_base
heroizes,2.2,vader_base
heroizing,1.9,vader_base
heron,0.1,vader_base
heronries,0.7,vader_base
heronry,0.1,vader_base
herons,0.5,vader_base
heros,1.3,vader_base
hesitance,-0.9,vader_base
hesitancies,-1.0,vader_base
hesitancy,-0.9,vader_base
hesitantly,-1.2,vader_base
hesitated,-1.3,vader_base
hesitater,-1.4,vader_base
hesitaters,-1.4,vader_base
hesitates,-1.4,vader_base
hesitating,-1.4,vader_base
hesitatingly,-1.5,vader_base
hesitations,-1.1,vader_base
hho1/2k,1.4,vader_base
hhoj,2.0,vader_base
hhok,0.9,vader_base
hi5,1.9,vader_base
hid,-0.4,vader_base
hides,-0.7,vader_base
hiding,-1.2,vader_base
hilarious,1.7,vader_base
holiday,1.7,vader_base
holidays,1.6,vader_base
homesick,-0.7,vader_base
homesickness,-1.8,vader_base
homesicknesses,-1.8,vader_base
honester,1.9,vader_base
honestest,3.0,vader_base
honesties,1.8,vader_base
honestly,2.0,vader_base
honorability,2.2,vader_base
honorableness,2.2,vader_base
honorably,2.4,vader_base
honoraria,0.6,vader_base
honoraries,1.5,vader_base
honorarily,1.9,vader_base
honorarium,0.7,vader_base
honorariums,1.0,vader_base
honorary,1.4,vader_base
honored,2.8,vader_base
honoree,2.1,vader_base
honorees,2.3,vader_base
honorer,1.7,vader_base
honorers,1.3,vader_base
honorific,1.4,vader_base
honorifically,2.2,vader_base
honorifics,1.7,vader_base
honoring,2.3,vader_base
honors,2.3,vader_base
honour,2.7,vader_base
honourable,2.1,vader_base
honoured,2.2,vader_base
honourer,1.8,vader_base
honourers,1.6,vader_base
honouring,2.1,vader_base
honours,2.2,vader_base
hooligan,-1.5,vader_base
hooliganism,-2.1,vader_base
hooligans,-1.1,vader_base
hooray,2.3,vader_base
hoped,1.6,vader_base
hopefully,1.7,vader_base
hopefulness,1.6,vader_base
hopelessly,-2.2,vader_base
hopelessness,-3.1,vader_base
hopes,1.8,vader_base
hoping,1.8,vader_base
horrendously,-1.9,vader_base
horrent,-0.9,vader_base
horribleness,-2.4,vader_base
horribles,-2.1,vader_base
horribly,-2.4,vader_base
horrid,-2.5,vader_base
horridly,-1.4,vader_base
horridness,-2.3,vader_base
horridnesses,-3.0,vader_base
horrifically,-2.9,vader_base
horrifies,-2.9,vader_base
horrify,-2.5,vader_base
horrifyingly,-3.3,vader_base
horrors,-2.7,vader_base
hostilely,-2.2,vader_base
hostiles,-1.3,vader_base
hostilities,-2.1,vader_base
huckster,-0.9,vader_base
hug,2.1,vader_base
huggable,1.6,vader_base
hugged,1.7,vader_base
hugger,1.6,vader_base
huggers,1.8,vader_base
hugging,1.8,vader_base
hugs,2.2,vader_base
hugz,2.0,vader_base
humerous,1.4,vader_base
humiliate,-2.5,vader_base
humiliated,-1.4,vader_base
humiliates,-1.0,vader_base
humiliatingly,-2.6,vader_base
humiliations,-2.4,vader_base
humoral,0.6,vader_base
humored,1.2,vader_base
humoresque,1.2,vader_base
humoresques,0.9,vader_base
humoring,2.1,vader_base
humorist,1.2,vader_base
humoristic,1.5,vader_base
humorists,1.3,vader_base
humorless,-1.3,vader_base
humorlessness,-1.4,vader_base
humorous,1.6,vader_base
humorously,2.3,vader_base
humorousness,2.4,vader_base
humors,1.6,vader_base
humour,2.1,vader_base
humoured,1.1,vader_base
humouring,1.7,vader_base
humourous,2.0,vader_base
hurrah,2.6,vader_base
hurrahed,1.9,vader_base
hurrahing,2.4,vader_base
hurrahs,2.1,vader_base
hurray,2.7,vader_base
hurrayed,1.8,vader_base
hurraying,1.2,vader_base
hurrays,2.4,vader_base
hurter,-2.3,vader_base
hurters,-1.9,vader_base
hurtful,-2.4,vader_base
hurtfully,-2.6,vader_base
hurtfulness,-1.9,vader_base
hurting,-1.7,vader_base
hurtled,-0.6,vader_base
hurtles,-1.0,vader_base
hurtless,0.3,vader_base
hurtling,-1.4,vader_base
hurts,-2.1,vader_base
hysterics,-1.8,vader_base
idealess,-1.9,vader_base
idealise,1.4,vader_base
idealised,2.1,vader_base
idealises,2.0,vader_base
idealising,0.6,vader_base
idealism,1.7,vader_base
idealisms,0.8,vader_base
idealist,1.6,vader_base
idealistically,1.7,vader_base
idealists,0.7,vader_base
idealities,1.5,vader_base
ideality,1.9,vader_base
idealization,1.8,vader_base
idealizations,1.4,vader_base
idealize,1.2,vader_base
idealized,1.8,vader_base
idealizer,1.3,vader_base
idealizers,1.9,vader_base
idealizes,2.0,vader_base
idealizing,1.4,vader_base
idealless,-1.7,vader_base
ideally,1.8,vader_base
idealogues,0.5,vader_base
idealogy,0.8,vader_base
ideals,0.8,vader_base
idiot,-2.3,vader_base
idiotic,-2.6,vader_base
idk,-0.4,vader_base
ignorable,-1.0,vader_base
ignorami,-1.9,vader_base
ignoramus,-1.9,vader_base
ignoramuses,-2.3,vader_base
ignorance,-1.5,vader_base
ignorances,-1.2,vader_base
ignorant,-1.1,vader_base
ignorantly,-1.6,vader_base
ignorantness,-1.1,vader_base
ignored,-1.3,vader_base
ignorer,-1.3,vader_base
ignorers,-0.7,vader_base
ignores,-1.1,vader_base
ignoring,-1.7,vader_base
ijs,0.7,vader_base
illiteracy,-1.9,vader_base
illnesses,-2.2,vader_base
ilu,3.4,vader_base
iluaaf,2.7,vader_base
ily,3.4,vader_base
ily2,2.6,vader_base
imbecile,-2.2,vader_base
immobilized,-1.2,vader_base
immoralism,-1.6,vader_base
immoralist,-2.1,vader_base
immoralists,-1.7,vader_base
immoralities,-1.1,vader_base
immorality,-0.6,vader_base
immorally,-2.1,vader_base
immortal,1.0,vader_base
impatience,-1.8,vader_base
impatiens,-0.2,vader_base
impatiently,-1.7,vader_base
impolite,-1.6,vader_base
impolitely,-1.8,vader_base
impoliteness,-1.8,vader_base
impolitenesses,-2.3,vader_base
importancies,0.4,vader_base
importancy,1.4,vader_base
importantly,1.3,vader_base
imposed,-0.3,vader_base
imposes,-0.4,vader_base
imposing,-0.4,vader_base
impresses,2.1,vader_base
impressibility,1.2,vader_base
impressible,0.8,vader_base
impressing,2.5,vader_base
impression,0.9,vader_base
impressionable,0.2,vader_base
impressionism,0.8,vader_base
impressionisms,0.5,vader_base
impressionist,1.0,vader_base
impressionistic,1.5,vader_base
impressionistically,1.6,vader_base
impressionists,0.5,vader_base
impressions,0.9,vader_base
impressiveness,1.7,vader_base
impressment,-0.4,vader_base
impressments,0.5,vader_base
impressure,0.6,vader_base
imprisoned,-2.0,vader_base
improver,1.8,vader_base
improvers,1.3,vader_base
inadequacies,-1.7,vader_base
inadequateness,-1.7,vader_base
inadequatenesses,-1.6,vader_base
incapacitated,-1.9,vader_base
incensed,-2.0,vader_base
incentives,1.3,vader_base
inconsiderate,-1.9,vader_base
indecision,-0.8,vader_base
indecisions,-1.1,vader_base
indecisive,-1.0,vader_base
indecisively,-0.7,vader_base
indecisiveness,-1.3,vader_base
indecisivenesses,-0.9,vader_base
indestructible,0.6,vader_base
indignation,-2.4,vader_base
indoctrinate,-1.4,vader_base
indoctrinated,-0.4,vader_base
indoctrinates,-0.6,vader_base
indoctrinating,-0.7,vader_base
ineffectiveness,-1.3,vader_base
ineffectuality,-1.6,vader_base
ineffectually,-1.1,vader_base
ineffectualness,-1.3,vader_base
infatuated,0.2,vader_base
infatuation,0.6,vader_base
inferiorities,-1.9,vader_base
inferiority,-1.1,vader_base
inferiorly,-2.0,vader_base
inferiors,-0.5,vader_base
inflamed,-1.4,vader_base
infuriated,-3.0,vader_base
infuriates,-2.6,vader_base
infuriating,-2.4,vader_base
inhibin,-0.2,vader_base
inhibited,-0.4,vader_base
inhibiting,-0.4,vader_base
inhibition,-1.5,vader_base
inhibitions,-0.8,vader_base
inhibitive,-1.4,vader_base
inhibitors,-1.0,vader_base
inhibitory,-1.0,vader_base
inhibits,-0.9,vader_base
innocence,1.6,vader_base
innocency,1.9,vader_base
innocenter,0.9,vader_base
innocently,1.4,vader_base
innocents,1.1,vader_base
innovates,2.0,vader_base
inquisition,-1.2,vader_base
inquisitive,0.7,vader_base
insanity,-2.7,vader_base
insecurely,-1.4,vader_base
insecureness,-1.8,vader_base
insecurities,-1.8,vader_base
insensitivity,-1.8,vader_base
insincere,-1.8,vader_base
insincerely,-1.9,vader_base
insincerity,-1.4,vader_base
insipid,-2.0,vader_base
inspirationally,2.3,vader_base
inspirations,2.1,vader_base
inspirator,1.9,vader_base
inspirators,1.2,vader_base
inspiratory,1.5,vader_base
inspired,2.2,vader_base
inspirer,2.2,vader_base
inspirers,2.0,vader_base
inspires,1.9,vader_base
inspiringly,2.6,vader_base
inspirit,1.9,vader_base
inspirited,1.3,vader_base
inspiriting,1.8,vader_base
inspiritingly,2.1,vader_base
inspirits,0.8,vader_base
insulted,-2.3,vader_base
insulter,-2.0,vader_base
insulters,-2.0,vader_base
insulting,-2.2,vader_base
insultingly,-2.3,vader_base
insults,-1.8,vader_base
intellect,2.0,vader_base
intellection,0.6,vader_base
intellections,0.8,vader_base
intellective,1.7,vader_base
intellectively,0.8,vader_base
intellects,1.8,vader_base
intellectual,2.3,vader_base
intellectualism,2.2,vader_base
intellectualist,2.0,vader_base
intellectualistic,1.3,vader_base
intellectualists,0.8,vader_base
intellectualities,1.7,vader_base
intellectuality,1.7,vader_base
intellectualization,1.5,vader_base
intellectualize,1.5,vader_base
intellectualized,1.2,vader_base
intellectualizes,1.8,vader_base
intellectualizing,0.8,vader_base
intellectually,1.4,vader_base
intellectualness,1.5,vader_base
intellectuals,1.6,vader_base
intelligence,2.1,vader_base
intelligencer,1.5,vader_base
intelligencers,1.6,vader_base
intelligences,1.6,vader_base
intelligential,1.9,vader_base
intelligently,2.0,vader_base
intelligentsia,1.5,vader_base
intelligibility,1.5,vader_base
intelligible,1.4,vader_base
intelligibleness,1.5,vader_base
intelligibly,1.2,vader_base
interested,1.7,vader_base
interestedly,1.5,vader_base
interestingly,1.7,vader_base
interestingness,1.8,vader_base
interests,1.0,vader_base
interrogated,-1.6,vader_base
interrupted,-1.2,vader_base
interrupter,-1.1,vader_base
interrupters,-1.3,vader_base
interruptible,-1.3,vader_base
interrupting,-1.2,vader_base
interruptions,-1.7,vader_base
interruptive,-1.4,vader_base
interruptor,-1.3,vader_base
interrupts,-1.3,vader_base
intimidated,-1.9,vader_base
intimidates,-1.3,vader_base
intimidatingly,-1.1,vader_base
intimidations,-1.4,vader_base
intimidator,-1.6,vader_base
intimidators,-1.6,vader_base
intimidatory,-1.1,vader_base
intricate,0.6,vader_base
intrigues,0.9,vader_base
invigorated,0.8,vader_base
invigorates,2.1,vader_base
invigoratingly,2.0,vader_base
invigoration,1.5,vader_base
invigorations,1.2,vader_base
invigorator,1.1,vader_base
invigorators,1.2,vader_base
inviting,1.3,vader_base
iou,0.7,vader_base
irate,-2.9,vader_base
ironic,-0.5,vader_base
irrationalism,-1.5,vader_base
irrationalist,-2.1,vader_base
irrationalists,-1.5,vader_base
irrationalities,-1.5,vader_base
irrationality,-1.7,vader_base
irrationally,-1.6,vader_base
irrationals,-1.1,vader_base
irresolute,-1.4,vader_base
irritabilities,-1.7,vader_base
irritability,-1.4,vader_base
irritable,-2.1,vader_base
irritableness,-1.7,vader_base
irritably,-1.8,vader_base
irritants,-2.1,vader_base
irritates,-1.7,vader_base
irritatingly,-2.0,vader_base
irritations,-1.5,vader_base
irritative,-2.0,vader_base
isolatable,0.2,vader_base
isolates,-1.3,vader_base
isolationism,0.4,vader_base
isolationist,0.7,vader_base
isolations,-0.5,vader_base
isolator,-0.4,vader_base
isolators,-0.4,vader_base
itchy,-1.1,vader_base
iyq,2.3,vader_base
j/j,2.0,vader_base
j/k,1.6,vader_base
j/p,1.4,vader_base
j/t,-0.2,vader_base
j/w,1.0,vader_base
j4f,1.4,vader_base
j4g,1.7,vader_base
jackass,-1.8,vader_base
jackasses,-2.8,vader_base
jailed,-2.2,vader_base
jaunty,1.2,vader_base
jealous,-2.0,vader_base
jealousies,-2.0,vader_base
jealously,-2.0,vader_base
jealousness,-1.7,vader_base
jealousy,-1.3,vader_base
jealz,-1.2,vader_base
jerk,-1.4,vader_base
jerked,-0.8,vader_base
jerks,-1.1,vader_base
jewels,2.0,vader_base
jho,0.8,vader_base
jhomf,1.0,vader_base
jj,1.0,vader_base
jk,0.9,vader_base
jocular,1.2,vader_base
join,1.2,vader_base
joke,1.2,vader_base
joked,1.3,vader_base
joker,0.5,vader_base
jokes,1.0,vader_base
jokester,1.5,vader_base
jokesters,0.9,vader_base
jokey,1.1,vader_base
joking,0.9,vader_base
jollied,2.4,vader_base
jollier,2.4,vader_base
jollies,2.0,vader_base
jolliest,2.9,vader_base
jollification,2.2,vader_base
jollifications,2.0,vader_base
jollify,2.1,vader_base
jollily,2.7,vader_base
jolliness,2.5,vader_base
jollities,1.7,vader_base
jollity,1.8,vader_base
jolly,2.3,vader_base
jollying,2.3,vader_base
jovial,1.9,vader_base
joyance,2.3,vader_base
joyed,2.9,vader_base
joyfuller,2.4,vader_base
joyfully,2.5,vader_base
joyfulness,2.7,vader_base
joying,2.5,vader_base
joyless,-2.5,vader_base
joylessly,-1.7,vader_base
joylessness,-2.7,vader_base
joyous,3.1,vader_base
joyously,2.9,vader_base
joyousness,2.8,vader_base
joypop,-0.2,vader_base
joypoppers,-0.1,vader_base
joyridden,0.6,vader_base
joyride,1.1,vader_base
joyrider,0.7,vader_base
joyriders,1.3,vader_base
joyrides,0.8,vader_base
joyriding,0.9,vader_base
joyrode,1.0,vader_base
joys,2.2,vader_base
joystick,0.7,vader_base
joysticks,0.2,vader_base
jp,0.8,vader_base
jt,0.9,vader_base
justifiably,1.0,vader_base
justified,1.7,vader_base
jw,1.6,vader_base
k4y,2.3,vader_base
keened,0.3,vader_base
keener,0.5,vader_base
keeners,0.6,vader_base
keenest,1.9,vader_base
keening,-0.7,vader_base
keenly,1.0,vader_base
keenness,1.4,vader_base
keens,0.1,vader_base
kewl,1.3,vader_base
kfy,2.3,vader_base
kia,-3.2,vader_base
kidding,0.4,vader_base
killdeer,-1.1,vader_base
killdeers,-0.1,vader_base
killdees,-0.6,vader_base
killed,-3.5,vader_base
killers,-3.3,vader_base
killick,0.1,vader_base
killie,-0.1,vader_base
killifish,-0.1,vader_base
killifishes,-0.1,vader_base
killingly,-2.6,vader_base
killings,-3.5,vader_base
killjoy,-2.1,vader_base
killjoys,-1.7,vader_base
killock,-0.3,vader_base
killocks,-0.4,vader_base
kills,-2.5,vader_base
kinder,2.2,vader_base
kindly,2.2,vader_base
kindnesses,2.3,vader_base
kissable,2.0,vader_base
kissably,1.9,vader_base
kissed,1.6,vader_base
kisser,1.7,vader_base
kissers,1.5,vader_base
kisses,2.3,vader_base
kissing,2.7,vader_base
kissy,1.8,vader_base
kk,1.5,vader_base
kmuf,2.2,vader_base
kudos,2.3,vader_base
l,2.0,vader_base
l&r,2.2,vader_base
lackadaisical,-1.6,vader_base
lagged,-1.2,vader_base
lagging,-1.1,vader_base
lags,-1.5,vader_base
laidback,0.5,vader_base
lamebrain,-1.6,vader_base
lamebrained,-2.5,vader_base
lamebrains,-1.2,vader_base
lamedh,0.1,vader_base
lamella,-0.1,vader_base
lamellae,-0.1,vader_base
lamellas,0.1,vader_base
lamellibranch,0.2,vader_base
lamellibranchs,-0.1,vader_base
lamely,-2.0,vader_base
lameness,-0.8,vader_base
lamentableness,-1.3,vader_base
lamentably,-1.5,vader_base
lamentation,-1.4,vader_base
lamentations,-1.9,vader_base
lamented,-1.4,vader_base
lamenter,-1.2,vader_base
lamenters,-0.5,vader_base
lamenting,-2.0,vader_base
laments,-1.5,vader_base
lamer,-1.4,vader_base
lames,-1.2,vader_base
lamest,-1.5,vader_base
laoj,1.3,vader_base
laughableness,1.2,vader_base
laughably,1.2,vader_base
laughed,2.0,vader_base
laugher,1.7,vader_base
laughers,1.7,vader_base
laughing,2.2,vader_base
laughingly,2.3,vader_base
laughings,1.9,vader_base
laughingstocks,-1.3,vader_base
laughs,2.2,vader_base
laughter,2.2,vader_base
laughters,2.2,vader_base
launched,0.5,vader_base
lawl,1.4,vader_base
lawsuits,-0.6,vader_base
lazier,-2.3,vader_base
laziest,-2.7,vader_base
leaked,-1.3,vader_base
leet,1.3,vader_base
liabilities,-0.8,vader_base
liability,-0.8,vader_base
liar,-2.3,vader_base
liards,-0.4,vader_base
liars,-2.4,vader_base
libertarian,0.9,vader_base
libertarianism,0.4,vader_base
libertarianisms,0.1,vader_base
libertarians,0.1,vader_base
liberties,2.3,vader_base
libertinage,0.2,vader_base
libertine,-0.9,vader_base
libertines,0.4,vader_base
libertinisms,1.2,vader_base
lied,-1.6,vader_base
lies,-1.8,vader_base
lifesaver,2.8,vader_base
lighthearted,1.8,vader_base
likeable,2.0,vader_base
liked,1.8,vader_base
likes,1.8,vader_base
liking,1.7,vader_base
limited,-0.9,vader_base
livelier,1.7,vader_base
liveliest,2.1,vader_base
livelihood,0.8,vader_base
livelihoods,0.9,vader_base
livelily,1.8,vader_base
liveliness,1.6,vader_base
livelong,1.7,vader_base
livid,-2.5,vader_base
lmao,2.9,vader_base
lmbao,1.8,vader_base
lmfao,2.5,vader_base
lmso,2.7,vader_base
loathed,-2.1,vader_base
loathes,-1.9,vader_base
loathing,-2.7,vader_base
lobby,0.1,vader_base
lol,1.8,vader_base
lolz,2.7,vader_base
lone,-1.1,vader_base
lonelier,-1.4,vader_base
loneliest,-2.4,vader_base
loneliness,-1.8,vader_base
lonelinesses,-1.5,vader_base
loneness,-1.1,vader_base
loner,-1.3,vader_base
loners,-0.9,vader_base
lonesome,-1.5,vader_base
lonesomely,-1.3,vader_base
lonesomeness,-1.8,vader_base
lonesomes,-1.4,vader_base
longing,-0.1,vader_base
longingly,0.7,vader_base
longings,0.4,vader_base
loomed,-1.1,vader_base
looming,-0.5,vader_base
looms,-0.6,vader_base
looses,-0.6,vader_base
losers,-2.4,vader_base
loses,-1.3,vader_base
losing,-1.6,vader_base
losses,-1.7,vader_base
lossy,-1.2,vader_base
lost,-1.3,vader_base
louse,-1.6,vader_base
loused,-1.0,vader_base
louses,-1.3,vader_base
lousewort,0.1,vader_base
louseworts,-0.6,vader_base
lousier,-2.2,vader_base
lousiest,-2.6,vader_base
lousily,-1.2,vader_base
lousiness,-1.7,vader_base
lousing,-1.1,vader_base
lovable,3.0,vader_base
loved,2.9,vader_base
lovelies,2.2,vader_base
lover,2.8,vader_base
loverly,2.8,vader_base
lovers,2.4,vader_base
loves,2.7,vader_base
lovingly,3.2,vader_base
lovingness,2.7,vader_base
lowball,-0.8,vader_base
lowballed,-1.5,vader_base
lowballing,-0.7,vader_base
lowballs,-1.2,vader_base
lowborn,-0.7,vader_base
lowboys,-0.6,vader_base
lowbred,-2.6,vader_base
lowbrow,-1.9,vader_base
lowbrows,-0.6,vader_base
lowdown,-0.8,vader_base
lowdowns,-0.2,vader_base
lowe,0.5,vader_base
lowed,-0.8,vader_base
lowercase,0.3,vader_base
lowercased,-0.2,vader_base
lowerclassman,-0.4,vader_base
lowered,-0.5,vader_base
lowermost,-1.4,vader_base
lowers,-0.5,vader_base
lowery,-1.8,vader_base
lowing,-0.5,vader_base
lowish,-0.9,vader_base
lowland,-0.1,vader_base
lowlander,-0.4,vader_base
lowlanders,-0.3,vader_base
lowlands,-0.1,vader_base
lowlier,-1.7,vader_base
lowliest,-1.8,vader_base
lowlife,-1.5,vader_base
lowlifes,-2.2,vader_base
lowlight,-2.0,vader_base
lowlights,-0.3,vader_base
lowlihead,-0.3,vader_base
lowliness,-1.1,vader_base
lowlinesses,-1.2,vader_base
lowlives,-2.1,vader_base
lown,0.9,vader_base
lowness,-1.3,vader_base
lowrider,-0.2,vader_base
lowriders,0.1,vader_base
lows,-0.8,vader_base
lowse,-0.7,vader_base
loyalism,1.0,vader_base
loyalisms,0.9,vader_base
loyalist,1.5,vader_base
loyalists,1.1,vader_base
loyally,2.1,vader_base
loyalties,1.9,vader_base
lts,1.6,vader_base
lucked,1.9,vader_base
luckie,1.6,vader_base
luckier,1.9,vader_base
luckiest,2.9,vader_base
luckily,2.3,vader_base
luckiness,1.0,vader_base
lucking,1.2,vader_base
luckless,-1.3,vader_base
lucks,1.6,vader_base
ludicrously,-0.2,vader_base
ludicrousness,-1.9,vader_base
lugubrious,-2.1,vader_base
lulz,2.0,vader_base
lunatic,-2.2,vader_base
lunatics,-1.6,vader_base
lurking,-0.5,vader_base
lurks,-0.9,vader_base
ly,2.6,vader_base
ly4e,2.7,vader_base
lya,3.3,vader_base
lyb,3.0,vader_base
lying,-2.4,vader_base
lyl,3.1,vader_base
lylab,2.7,vader_base
lylas,2.6,vader_base
lylb,1.6,vader_base
m8,1.4,vader_base
maddening,-2.2,vader_base
madder,-1.2,vader_base
maddest,-2.8,vader_base
madly,-1.7,vader_base
madness,-1.9,vader_base
magnific,2.3,vader_base
magnifical,2.4,vader_base
magnifically,2.4,vader_base
magnification,1.0,vader_base
magnifications,1.2,vader_base
magnificence,2.4,vader_base
magnificences,2.3,vader_base
magnificently,3.4,vader_base
magnifico,1.8,vader_base
magnificoes,1.4,vader_base
maniac,-2.1,vader_base
maniacal,-0.3,vader_base
maniacally,-1.7,vader_base
maniacs,-1.2,vader_base
manipulated,-1.6,vader_base
manipulating,-1.5,vader_base
marvels,2.0,vader_base
masochism,-1.6,vader_base
masochisms,-1.1,vader_base
masochist,-1.7,vader_base
masochistic,-2.2,vader_base
masochistically,-1.6,vader_base
masochists,-1.2,vader_base
masterpieces,2.5,vader_base
matters,0.1,vader_base
meaningful,1.3,vader_base
medal,2.1,vader_base
meditative,1.4,vader_base
meh,-0.3,vader_base
melancholia,-0.5,vader_base
melancholiac,-2.0,vader_base
melancholias,-1.6,vader_base
melancholic,-0.3,vader_base
melancholics,-1.0,vader_base
melancholies,-1.1,vader_base
menace,-2.2,vader_base
menaced,-1.7,vader_base
merited,1.4,vader_base
meriting,1.1,vader_base
meritocracy,0.6,vader_base
meritocrat,0.4,vader_base
meritocrats,1.1,vader_base
meritoriously,1.3,vader_base
meritoriousness,1.7,vader_base
merits,1.7,vader_base
merrier,1.7,vader_base
merriest,2.7,vader_base
merrily,2.4,vader_base
merriment,2.4,vader_base
merriments,2.0,vader_base
merriness,2.2,vader_base
merrymaker,2.2,vader_base
merrymakers,1.7,vader_base
merrymaking,2.2,vader_base
merrymakings,2.4,vader_base
merrythought,1.1,vader_base
merrythoughts,1.6,vader_base
messed,-1.4,vader_base
methodical,0.6,vader_base
mia,-1.2,vader_base
mirth,2.6,vader_base
mirthful,2.7,vader_base
mirthfully,2.0,vader_base
misbehaved,-1.6,vader_base
misbehaves,-1.6,vader_base
misbehaving,-1.7,vader_base
mischiefs,-0.8,vader_base
miser,-1.8,vader_base
miserableness,-2.8,vader_base
miserably,-2.1,vader_base
miserere,-0.8,vader_base
misericorde,0.1,vader_base
misericordes,-0.5,vader_base
miseries,-2.7,vader_base
miserliness,-2.6,vader_base
misers,-1.5,vader_base
misinformed,-1.6,vader_base
misinterpreted,-1.3,vader_base
misleading,-1.7,vader_base
misreporting,-1.5,vader_base
missed,-1.2,vader_base
misses,-0.9,vader_base
missing,-1.2,vader_base
mistakable,-0.8,vader_base
mistaken,-1.5,vader_base
mistaker,-1.6,vader_base
mistakers,-1.6,vader_base
mistakes,-1.5,vader_base
mistaking,-1.1,vader_base
misunderstanding,-1.8,vader_base
misunderstands,-1.3,vader_base
misunderstood,-1.4,vader_base
mlm,-1.4,vader_base
mmk,0.6,vader_base
mml,2.0,vader_base
moaned,-0.4,vader_base
moaning,-0.4,vader_base
moans,-0.6,vader_base
mocked,-1.3,vader_base
mocker,-0.8,vader_base
mockeries,-1.6,vader_base
mockers,-1.3,vader_base
mockery,-1.3,vader_base
mocking,-1.7,vader_base
mocks,-2.0,vader_base
mofo,-2.4,vader_base
molest,-2.1,vader_base
molestation,-1.9,vader_base
molestations,-2.9,vader_base
molested,-1.9,vader_base
molester,-2.3,vader_base
molesters,-2.2,vader_base
molesting,-2.8,vader_base
molests,-3.1,vader_base
mongering,-0.8,vader_base
monopolized,-0.9,vader_base
monopolizes,-1.1,vader_base
monopolizing,-0.5,vader_base
mooch,-1.7,vader_base
mooched,-1.4,vader_base
moocher,-1.5,vader_base
moochers,-1.9,vader_base
mooches,-1.4,vader_base
mooching,-1.7,vader_base
moodier,-1.1,vader_base
moodiest,-2.1,vader_base
moodily,-1.3,vader_base
moodiness,-1.4,vader_base
moodinesses,-1.4,vader_base
mope,-1.9,vader_base
moping,-1.0,vader_base
moron,-2.2,vader_base
moronic,-2.7,vader_base
moronically,-1.4,vader_base
moronity,-1.1,vader_base
morons,-1.3,vader_base
motherfucker,-3.6,vader_base
motherfucking,-2.8,vader_base
motivating,2.2,vader_base
mourn,-1.8,vader_base
mourned,-1.3,vader_base
mourner,-1.6,vader_base
mourners,-1.8,vader_base
mournful,-1.6,vader_base
mournfuller,-1.9,vader_base
mournfully,-1.7,vader_base
mournfulness,-1.8,vader_base
mourning,-1.9,vader_base
mourningly,-2.3,vader_base
mourns,-2.4,vader_base
muah,2.3,vader_base
mubar,-1.0,vader_base
mumpish,-1.4,vader_base
murdered,-3.4,vader_base
murderee,-3.2,vader_base
murderees,-3.1,vader_base
murderer,-3.6,vader_base
murderers,-3.3,vader_base
murderess,-2.2,vader_base
murderesses,-2.6,vader_base
murdering,-3.3,vader_base
murderous,-3.2,vader_base
murderously,-3.1,vader_base
murderousness,-2.9,vader_base
murders,-3.0,vader_base
musm,0.9,vader_base
mwah,2.5,vader_base
n00b,-1.6,vader_base
n1,1.9,vader_base
nagana,-1.7,vader_base
nagged,-1.7,vader_base
nagger,-1.8,vader_base
naggers,-1.5,vader_base
naggier,-1.4,vader_base
naggiest,-2.4,vader_base
naggingly,-0.9,vader_base
naggy,-1.7,vader_base
nags,-1.1,vader_base
nah,-0.4,vader_base
nastic,0.2,vader_base
nastier,-2.3,vader_base
nasties,-2.1,vader_base
nastiest,-2.4,vader_base
nastily,-1.9,vader_base
nastiness,-1.1,vader_base
nastinesses,-2.6,vader_base
nasturtium,0.4,vader_base
nasturtiums,0.1,vader_base
natural,1.5,vader_base
nbd,1.3,vader_base
nbif,-0.5,vader_base
neaten,1.2,vader_base
neatened,2.0,vader_base
neatening,1.3,vader_base
neatens,1.1,vader_base
neater,1.0,vader_base
neatest,1.7,vader_base
neath,0.2,vader_base
neatherd,-0.4,vader_base
neatly,1.4,vader_base
neatness,1.3,vader_base
neats,1.1,vader_base
negativity,-2.3,vader_base
neglected,-2.4,vader_base
neglecter,-1.7,vader_base
neglecters,-1.5,vader_base
neglectfully,-2.1,vader_base
neglectfulness,-2.0,vader_base
neglecting,-1.7,vader_base
neglects,-2.2,vader_base
nerd,-1.2,vader_base
nerdier,-0.2,vader_base
nerdiest,0.6,vader_base
nerdish,-0.1,vader_base
nerdy,-0.2,vader_base
nerves,-0.4,vader_base
nervously,-0.6,vader_base
neurotically,-1.8,vader_base
neuroticism,-0.9,vader_base
neurotics,-0.7,vader_base
nfc,-2.7,vader_base
nfw,-2.4,vader_base
nh,2.2,vader_base
nicely,1.9,vader_base
niceness,1.6,vader_base
nicenesses,2.1,vader_base
nicer,1.9,vader_base
nicest,2.2,vader_base
niceties,1.5,vader_base
nicety,1.2,vader_base
niggas,-1.4,vader_base
nigger,-3.3,vader_base
nimby,-0.8,vader_base
nimjd,-0.7,vader_base
nimq,-0.2,vader_base
nimy,-1.4,vader_base
nitl,-1.5,vader_base
nme,-2.1,vader_base
no,-1.2,vader_base
nonsense,-1.7,vader_base
noob,-0.2,vader_base
nosey,-0.8,vader_base
noyb,-0.7,vader_base
np,1.4,vader_base
ntmu,1.4,vader_base
numbat,0.2,vader_base
numbed,-0.9,vader_base
number,0.3,vader_base
numberable,0.6,vader_base
numbest,-1.0,vader_base
numbfish,-0.4,vader_base
numbfishes,-0.7,vader_base
numbing,-1.1,vader_base
numbingly,-1.3,vader_base
numbles,0.4,vader_base
numbly,-1.4,vader_base
numbness,-1.1,vader_base
numbs,-0.7,vader_base
numbskull,-2.3,vader_base
numbskulls,-2.2,vader_base
nurtural,1.5,vader_base
nurturance,1.6,vader_base
nurturances,1.3,vader_base
nurturant,1.7,vader_base
nurtured,1.9,vader_base
nurturer,1.9,vader_base
nurturers,0.8,vader_base
nurtures,1.9,vader_base
nurturing,2.0,vader_base
nuts,-1.3,vader_base
o-8,-0.5,vader_base
o-:,-0.3,vader_base
o-|,-1.1,vader_base
o.O,-0.6,vader_base
o.o,-0.8,vader_base
o/\o,2.1,vader_base
o:,-0.2,vader_base
o:),1.5,vader_base
o:-),2.0,vader_base
o:-3,2.2,vader_base
o:3,2.3,vader_base
o:<,-0.3,vader_base
o;^),1.6,vader_base
o_0,-0.1,vader_base
o_O,-0.5,vader_base
o_o,-0.5,vader_base
obliterated,-2.1,vader_base
obnoxious,-2.0,vader_base
obnoxiously,-2.3,vader_base
obnoxiousness,-2.1,vader_base
obsesses,-1.0,vader_base
obsessing,-1.4,vader_base
obsessional,-1.5,vader_base
obsessionally,-1.3,vader_base
obsessions,-0.9,vader_base
obsessively,-0.4,vader_base
obsessiveness,-1.2,vader_base
obsessives,-0.7,vader_base
obstinate,-1.2,vader_base
odd,-1.3,vader_base
offences,-1.4,vader_base
offended,-1.0,vader_base
offenders,-1.5,vader_base
offending,-2.3,vader_base
offends,-2.0,vader_base
offenseless,0.7,vader_base
offenses,-1.5,vader_base
offensively,-2.8,vader_base
offensiveness,-2.3,vader_base
offensives,-0.8,vader_base
offline,-0.5,vader_base
ok,1.2,vader_base
okays,2.1,vader_base
ominous,-1.4,vader_base
once-in-a-lifetime,1.8,vader_base
opportune,1.7,vader_base
opportunely,1.5,vader_base
opportuneness,1.2,vader_base
opportunism,0.4,vader_base
opportunisms,0.2,vader_base
opportunist,0.2,vader_base
opportunists,0.3,vader_base
oppressed,-2.1,vader_base
optimality,1.9,vader_base
optimally,1.3,vader_base
optimisation,1.6,vader_base
optimisations,1.8,vader_base
optimise,1.9,vader_base
optimised,1.7,vader_base
optimises,1.6,vader_base
optimising,1.7,vader_base
optimisms,2.0,vader_base
optimist,2.4,vader_base
optimistically,2.1,vader_base
optimists,1.6,vader_base
optimization,1.6,vader_base
optimizations,0.9,vader_base
optimized,2.0,vader_base
optimizer,1.5,vader_base
optimizers,2.1,vader_base
optimizes,1.8,vader_base
optimizing,2.0,vader_base
optionless,-1.7,vader_base
outmaneuvered,0.5,vader_base
outrageously,-1.2,vader_base
outrageousness,-1.2,vader_base
outrageousnesses,-1.3,vader_base
outrages,-2.3,vader_base
outraging,-2.0,vader_base
outreach,1.1,vader_base
overjoyed,2.7,vader_base
overlooked,-0.1,vader_base
overreacted,-1.7,vader_base
overreaction,-0.7,vader_base
overreacts,-2.2,vader_base
overselling,-0.8,vader_base
oversells,0.3,vader_base
oversimplification,0.2,vader_base
oversimplifies,0.1,vader_base
oversimplify,-0.6,vader_base
overstatements,-0.7,vader_base
overwhelmingly,-0.5,vader_base
overwhelms,-0.8,vader_base
oxymoron,-0.5,vader_base
pained,-1.8,vader_base
painfuller,-1.7,vader_base
painfully,-2.4,vader_base
painfulness,-2.7,vader_base
paining,-1.7,vader_base
painlessly,1.1,vader_base
painlessness,0.4,vader_base
pains,-1.8,vader_base
palatableness,0.8,vader_base
palatably,1.1,vader_base
panicking,-1.9,vader_base
panicle,0.5,vader_base
panicled,0.1,vader_base
panicles,-0.2,vader_base
panics,-1.9,vader_base
paniculate,0.1,vader_base
panicums,-0.1,vader_base
paradise,3.2,vader_base
paradox,-0.4,vader_base
paranoia,-1.0,vader_base
paranoiac,-1.3,vader_base
paranoiacs,-0.7,vader_base
paranoias,-1.5,vader_base
paranoid,-1.0,vader_base
paranoids,-1.6,vader_base
pardon,1.3,vader_base
pardoned,0.9,vader_base
pardoning,1.7,vader_base
pardons,1.2,vader_base
parley,-0.4,vader_base
partied,1.4,vader_base
partier,1.4,vader_base
partiers,0.7,vader_base
parties,1.7,vader_base
party,1.7,vader_base
partyer,1.2,vader_base
partyers,1.1,vader_base
partying,1.6,vader_base
passional,1.6,vader_base
passionately,2.4,vader_base
passionateness,2.3,vader_base
passionflower,0.3,vader_base
passionflowers,0.4,vader_base
passionless,-1.9,vader_base
passions,2.2,vader_base
passively,-0.7,vader_base
pathetical,-1.2,vader_base
pathetically,-1.8,vader_base
peaceable,1.7,vader_base
peaceableness,1.8,vader_base
peaceably,2.0,vader_base
peacefuller,1.9,vader_base
peacefullest,3.1,vader_base
peacefully,2.4,vader_base
peacefulness,2.1,vader_base
peacekeeper,1.6,vader_base
peacekeepers,1.6,vader_base
peacekeeping,2.0,vader_base
peacekeepings,1.6,vader_base
peacemaker,2.0,vader_base
peacemakers,2.4,vader_base
peacemaking,1.7,vader_base
peacenik,0.8,vader_base
peaceniks,0.7,vader_base
peaces,2.1,vader_base
peacetime,2.2,vader_base
peacetimes,2.1,vader_base
peculiarities,0.1,vader_base
peculiarity,0.6,vader_base
peculiarly,-0.4,vader_base
pensive,0.3,vader_base
perfecta,1.4,vader_base
perfectas,0.6,vader_base
perfected,2.7,vader_base
perfecter,1.8,vader_base
perfecters,1.4,vader_base
perfectest,3.1,vader_base
perfectibilities,2.1,vader_base
perfectibility,1.8,vader_base
perfectible,1.5,vader_base
perfecting,2.3,vader_base
perfectionism,1.3,vader_base
perfectionist,1.5,vader_base
perfectionistic,0.7,vader_base
perfectionists,0.1,vader_base
perfections,2.5,vader_base
perfective,1.2,vader_base
perfectively,2.1,vader_base
perfectiveness,0.9,vader_base
perfectives,0.9,vader_base
perfectivity,2.2,vader_base
perfectness,3.0,vader_base
perfecto,1.3,vader_base
perfects,1.6,vader_base
perpetrator,-2.2,vader_base
perpetrators,-1.0,vader_base
perplexed,-1.3,vader_base
persecuted,-1.3,vader_base
persecutes,-1.2,vader_base
persecuting,-1.5,vader_base
perturbed,-1.4,vader_base
perversely,-2.2,vader_base
perverseness,-2.1,vader_base
perversenesses,-0.5,vader_base
perversion,-1.3,vader_base
perversions,-1.2,vader_base
perversities,-1.1,vader_base
perversity,-2.6,vader_base
perversive,-2.1,vader_base
pervert,-2.3,vader_base
perverted,-2.5,vader_base
pervertedly,-1.2,vader_base
pervertedness,-1.2,vader_base
perverter,-1.7,vader_base
perverters,-0.6,vader_base
perverting,-1.0,vader_base
perverts,-2.8,vader_base
pessimisms,-2.0,vader_base
pessimist,-1.5,vader_base
pessimistically,-2.0,vader_base
pessimists,-1.0,vader_base
petrifaction,-1.9,vader_base
petrifactions,-0.3,vader_base
petrification,-0.1,vader_base
petrifications,-0.4,vader_base
petrified,-2.5,vader_base
petrifies,-2.3,vader_base
petrify,-1.7,vader_base
petrifying,-2.6,vader_base
pettier,-0.3,vader_base
pettiest,-1.3,vader_base
phobia,-1.6,vader_base
phobias,-2.0,vader_base
phobic,-1.2,vader_base
phobics,-1.3,vader_base
pileup,-1.1,vader_base
piqued,0.1,vader_base
piss,-1.7,vader_base
pissant,-1.5,vader_base
pissants,-2.5,vader_base
pissed,-3.2,vader_base
pisser,-2.0,vader_base
pissers,-1.4,vader_base
pisses,-1.4,vader_base
pissing,-1.7,vader_base
pissoir,-0.8,vader_base
pita,-2.4,vader_base
piteous,-1.2,vader_base
pitiable,-1.1,vader_base
pitiableness,-1.1,vader_base
pitiably,-1.1,vader_base
pitied,-1.3,vader_base
pitier,-1.2,vader_base
pitiers,-1.3,vader_base
pities,-1.2,vader_base
pitifuller,-1.8,vader_base
pitifullest,-1.1,vader_base
pitifully,-1.2,vader_base
pitifulness,-1.2,vader_base
pitiless,-1.8,vader_base
pitilessly,-2.1,vader_base
pitilessness,-0.5,vader_base
pitying,-1.4,vader_base
pityingly,-1.0,vader_base
pityriasis,-0.8,vader_base
played,1.4,vader_base
playful,1.9,vader_base
playfully,1.6,vader_base
playfulness,1.2,vader_base
playing,0.8,vader_base
plays,1.0,vader_base
pleasanter,1.5,vader_base
pleasantest,2.6,vader_base
pleasantness,2.3,vader_base
pleasantnesses,2.3,vader_base
pleasantries,1.3,vader_base
pleasantry,2.0,vader_base
pleaser,1.7,vader_base
pleasers,1.0,vader_base
pleases,1.7,vader_base
pleasurability,1.9,vader_base
pleasurable,2.4,vader_base
pleasurableness,2.4,vader_base
pleasurably,2.6,vader_base
pleasured,2.3,vader_base
pleasureless,-1.6,vader_base
pleasures,1.9,vader_base
pleasuring,2.8,vader_base
pls,0.3,vader_base
plz,0.3,vader_base
pmbi,0.8,vader_base
pmfji,0.3,vader_base
pmji,0.7,vader_base
po,-2.6,vader_base
poised,1.0,vader_base
poisoned,-2.2,vader_base
poisoner,-2.7,vader_base
poisoners,-3.1,vader_base
poisonings,-2.4,vader_base
poisonous,-2.7,vader_base
poisonously,-2.9,vader_base
poisons,-2.7,vader_base
poisonwood,-1.0,vader_base
pollute,-2.3,vader_base
polluter,-1.8,vader_base
polluters,-2.0,vader_base
pollutes,-2.2,vader_base
poorer,-1.5,vader_base
poorest,-2.5,vader_base
popularise,1.6,vader_base
popularised,1.1,vader_base
popularises,0.5,vader_base
popularising,1.2,vader_base
popularities,1.6,vader_base
popularization,1.3,vader_base
popularizations,0.9,vader_base
popularized,1.9,vader_base
popularizer,1.8,vader_base
popularizers,1.0,vader_base
popularizes,1.4,vader_base
popularizing,1.5,vader_base
popularly,1.8,vader_base
positiveness,2.3,vader_base
positivenesses,2.2,vader_base
positiver,2.3,vader_base
positivest,2.9,vader_base
positivism,1.6,vader_base
positivisms,1.8,vader_base
positivist,2.0,vader_base
positivistic,1.9,vader_base
positivists,1.7,vader_base
positivities,2.6,vader_base
positivity,2.3,vader_base
possessive,-0.9,vader_base
postponed,-0.8,vader_base
postpones,-1.1,vader_base
postponing,-0.5,vader_base
praised,2.2,vader_base
praiser,2.0,vader_base
praisers,2.0,vader_base
praises,2.4,vader_base
praiseworthily,1.9,vader_base
praiseworthiness,2.4,vader_base
praiseworthy,2.6,vader_base
praising,2.5,vader_base
praying,1.5,vader_base
prays,1.4,vader_base
prblm,-1.6,vader_base
prblms,-2.3,vader_base
preciously,2.2,vader_base
preciousness,1.9,vader_base
prejudiced,-1.9,vader_base
prejudices,-1.8,vader_base
prejudicially,-1.5,vader_base
prejudicialness,-2.4,vader_base
prejudicing,-1.8,vader_base
prepared,0.9,vader_base
pressureless,1.0,vader_base
pressures,-1.3,vader_base
pressuring,-1.4,vader_base
pressurise,-0.6,vader_base
pressurised,-0.4,vader_base
pressurises,-0.8,vader_base
pressurising,-0.6,vader_base
pressurizations,-0.3,vader_base
pressurized,0.1,vader_base
pressurizer,0.1,vader_base
pressurizers,-0.7,vader_base
pressurizes,-0.2,vader_base
pressurizing,-0.2,vader_base
pretending,0.4,vader_base
pretends,-0.4,vader_base
prettied,1.6,vader_base
prettier,2.1,vader_base
pretties,1.7,vader_base
prettiest,2.7,vader_base
prevented,0.1,vader_base
preventing,-0.1,vader_base
prevents,0.3,vader_base
pricked,-0.6,vader_base
pricker,-0.3,vader_base
prickers,-0.2,vader_base
pricket,-0.5,vader_base
prickets,0.3,vader_base
pricking,-0.9,vader_base
prickle,-1.0,vader_base
prickled,-0.2,vader_base
prickles,-0.8,vader_base
pricklier,-1.6,vader_base
prickliest,-1.4,vader_base
prickliness,-0.6,vader_base
prickling,-0.8,vader_base
pricks,-0.9,vader_base
pricky,-0.6,vader_base
prisoners,-2.3,vader_base
privileges,1.6,vader_base
privileging,0.7,vader_base
prized,2.4,vader_base
prizefight,-0.1,vader_base
prizefighter,1.0,vader_base
prizefighters,-0.1,vader_base
prizefighting,0.4,vader_base
prizefights,0.3,vader_base
prizer,1.0,vader_base
prizers,0.8,vader_base
prizes,2.0,vader_base
prizewinner,2.3,vader_base
prizewinners,2.4,vader_base
prizewinning,3.0,vader_base
problematically,-2.0,vader_base
problematics,-1.3,vader_base
problems,-1.7,vader_base
profitabilities,1.1,vader_base
profitableness,2.4,vader_base
profited,1.3,vader_base
profiteered,-0.5,vader_base
profiteers,0.5,vader_base
profiter,0.7,vader_base
profiterole,0.4,vader_base
profiteroles,0.5,vader_base
profiting,1.6,vader_base
profits,1.9,vader_base
profitwise,0.9,vader_base
promiscuities,-0.8,vader_base
promiscuity,-1.8,vader_base
promiscuous,-0.3,vader_base
promiscuously,-1.5,vader_base
promiscuousness,-0.9,vader_base
promise,1.3,vader_base
promisee,0.8,vader_base
promisees,1.1,vader_base
promiser,1.3,vader_base
promisers,1.6,vader_base
promises,1.6,vader_base
promisingly,1.2,vader_base
promisor,1.0,vader_base
promisors,0.4,vader_base
promissory,0.9,vader_base
promoted,1.8,vader_base
promotes,1.4,vader_base
promoting,1.5,vader_base
prosecuted,-1.6,vader_base
prosecutes,-1.8,vader_base
prospects,1.2,vader_base
protect,1.6,vader_base
protected,1.9,vader_base
protects,1.3,vader_base
protested,-0.5,vader_base
protesters,-0.9,vader_base
protesting,-1.8,vader_base
protests,-0.9,vader_base
prouder,2.2,vader_base
proudest,2.6,vader_base
proudful,1.9,vader_base
proudhearted,1.4,vader_base
proudly,2.6,vader_base
provoked,-1.1,vader_base
provokes,-1.3,vader_base
provoking,-0.8,vader_base
pseudoscience,-1.2,vader_base
ptl,2.6,vader_base
pu,-1.1,vader_base
puke,-2.4,vader_base
puked,-1.8,vader_base
pukes,-1.9,vader_base
puking,-1.8,vader_base
pukka,2.8,vader_base
punishabilities,-1.7,vader_base
punishability,-1.6,vader_base
punished,-2.0,vader_base
punisher,-1.9,vader_base
punishers,-2.6,vader_base
punishes,-2.1,vader_base
punishing,-2.6,vader_base
punishments,-1.8,vader_base
puzzled,-0.7,vader_base
qq,-2.2,vader_base
qt,1.8,vader_base
quaking,-1.5,vader_base
questioned,-0.4,vader_base
r&r,2.4,vader_base
racism,-3.1,vader_base
racist,-3.0,vader_base
racists,-2.5,vader_base
radian,0.4,vader_base
radiance,1.4,vader_base
radiances,1.1,vader_base
radiancies,0.8,vader_base
radiancy,1.4,vader_base
radians,0.2,vader_base
radiant,2.1,vader_base
radiantly,1.3,vader_base
radiants,1.2,vader_base
raged,-2.0,vader_base
ragee,-0.4,vader_base
rageful,-2.8,vader_base
rages,-2.1,vader_base
raging,-2.4,vader_base
rainy,-0.3,vader_base
rancid,-2.5,vader_base
rancidity,-2.6,vader_base
rancidly,-2.5,vader_base
rancidness,-2.6,vader_base
rancidnesses,-1.6,vader_base
rant,-1.4,vader_base
ranter,-1.2,vader_base
ranters,-1.2,vader_base
rants,-1.3,vader_base
rape,-3.7,vader_base
raped,-3.6,vader_base
raper,-3.4,vader_base
rapers,-3.6,vader_base
rapes,-3.5,vader_base
rapeseeds,-0.5,vader_base
raping,-3.8,vader_base
rapist,-3.9,vader_base
rapists,-3.3,vader_base
rapture,0.6,vader_base
raptured,0.9,vader_base
raptures,0.7,vader_base
rapturous,1.7,vader_base
ratified,0.6,vader_base
reached,0.4,vader_base
reaches,0.2,vader_base
reaching,0.8,vader_base
reassurances,1.4,vader_base
reassured,1.7,vader_base
reassures,1.5,vader_base
reassuringly,1.8,vader_base
rebeldom,-1.5,vader_base
rebelled,-1.0,vader_base
rebelling,-1.1,vader_base
rebellions,-1.1,vader_base
rebelliously,-1.8,vader_base
rebelliousness,-1.2,vader_base
rebels,-0.8,vader_base
recommended,0.8,vader_base
recommends,0.9,vader_base
redeemed,1.3,vader_base
reek,-2.4,vader_base
reeked,-2.0,vader_base
reeker,-1.7,vader_base
reekers,-1.5,vader_base
reeking,-2.0,vader_base
refused,-1.2,vader_base
refusing,-1.7,vader_base
regretful,-1.9,vader_base
regretfully,-1.9,vader_base
regretfulness,-1.6,vader_base
regrets,-1.5,vader_base
regrettably,-2.0,vader_base
regretted,-1.6,vader_base
regretter,-1.6,vader_base
regretters,-2.0,vader_base
regretting,-1.7,vader_base
reinvigorates,1.8,vader_base
reinvigorating,1.7,vader_base
reinvigoration,2.2,vader_base
rejected,-2.3,vader_base
rejectee,-2.3,vader_base
rejectees,-1.8,vader_base
rejecter,-1.6,vader_base
rejecters,-1.8,vader_base
rejecting,-2.0,vader_base
rejectingly,-1.7,vader_base
rejections,-2.1,vader_base
rejective,-1.8,vader_base
rejector,-1.8,vader_base
rejects,-2.2,vader_base
rejoiced,2.0,vader_base
rejoices,2.1,vader_base
rejoicing,2.8,vader_base
relaxant,1.0,vader_base
relaxants,0.7,vader_base
relaxations,1.0,vader_base
relaxedly,1.5,vader_base
relaxedness,2.0,vader_base
relaxer,1.6,vader_base
relaxers,1.4,vader_base
relaxes,1.5,vader_base
relaxin,1.7,vader_base
relaxing,2.2,vader_base
relaxins,1.2,vader_base
reliefs,1.3,vader_base
relievable,1.1,vader_base
relieved,1.6,vader_base
relievedly,1.4,vader_base
reliever,1.5,vader_base
relievers,1.0,vader_base
relieves,1.5,vader_base
relieving,1.5,vader_base
relievo,1.3,vader_base
relishing,1.6,vader_base
reluctancy,-1.6,vader_base
reluctantly,-0.4,vader_base
remorse,-1.1,vader_base
remorseful,-0.9,vader_base
remorsefully,-0.7,vader_base
remorsefulness,-0.7,vader_base
remorseless,-2.3,vader_base
remorselessly,-2.0,vader_base
remorselessness,-2.8,vader_base
represses,-1.3,vader_base
repressible,-1.5,vader_base
repressing,-1.8,vader_base
repressions,-1.7,vader_base
repressively,-1.7,vader_base
repressiveness,-1.0,vader_base
repressor,-1.4,vader_base
repressors,-2.2,vader_base
repressurize,-0.3,vader_base
repressurized,0.1,vader_base
repressurizes,0.1,vader_base
repressurizing,-0.1,vader_base
repulse,-2.8,vader_base
repulsed,-2.2,vader_base
rescued,1.8,vader_base
rescues,1.3,vader_base
resented,-1.6,vader_base
resentence,-1.0,vader_base
resentenced,-0.8,vader_base
resentences,-0.6,vader_base
resentencing,0.2,vader_base
resentfully,-1.4,vader_base
resentfulness,-2.0,vader_base
resenting,-1.2,vader_base
resentments,-1.9,vader_base
resents,-1.2,vader_base
resignations,-1.2,vader_base
resigned,-1.0,vader_base
resignedly,-0.7,vader_base
resignedness,-0.8,vader_base
resigner,-1.2,vader_base
resigners,-1.0,vader_base
resigning,-0.9,vader_base
resigns,-1.3,vader_base
resolute,1.1,vader_base
resolvable,1.0,vader_base
resolved,0.7,vader_base
resolvent,0.7,vader_base
resolvents,0.4,vader_base
resolver,0.7,vader_base
resolvers,1.4,vader_base
resolves,0.7,vader_base
resolving,1.6,vader_base
respectabilities,1.8,vader_base
respectableness,1.2,vader_base
respectably,1.7,vader_base
respecter,2.1,vader_base
respecters,1.6,vader_base
respectfully,1.7,vader_base
respectfulness,1.9,vader_base
respectfulnesses,1.3,vader_base
respecting,2.2,vader_base
respective,1.8,vader_base
respectively,1.4,vader_base
respectiveness,1.1,vader_base
respects,1.3,vader_base
restful,1.5,vader_base
restlessly,-1.4,vader_base
restlessness,-1.2,vader_base
restore,1.2,vader_base
restored,1.4,vader_base
restores,1.2,vader_base
restoring,1.2,vader_base
restricted,-1.6,vader_base
restricting,-1.6,vader_base
restricts,-1.3,vader_base
retained,0.1,vader_base
retarded,-2.7,vader_base
revenged,-0.9,vader_base
revengeful,-2.4,vader_base
revengefully,-1.4,vader_base
revengefulness,-2.2,vader_base
revenger,-2.1,vader_base
revengers,-2.0,vader_base
revenges,-1.9,vader_base
revered,2.3,vader_base
revives,1.6,vader_base
rewardable,2.0,vader_base
rewarder,1.6,vader_base
rewarders,1.9,vader_base
rewardingly,2.4,vader_base
richened,1.9,vader_base
richening,1.0,vader_base
richens,0.8,vader_base
richer,2.4,vader_base
riches,2.4,vader_base
richest,2.4,vader_base
richly,1.9,vader_base
richness,2.2,vader_base
richnesses,2.1,vader_base
richweed,0.1,vader_base
richweeds,-0.1,vader_base
ridiculed,-1.5,vader_base
ridiculer,-1.6,vader_base
ridiculers,-1.6,vader_base
ridicules,-1.8,vader_base
ridiculing,-1.8,vader_base
ridiculously,-1.4,vader_base
ridiculousness,-1.1,vader_base
ridiculousnesses,-1.6,vader_base
rig,-0.5,vader_base
rigged,-1.5,vader_base
rigidification,-1.1,vader_base
rigidifications,-0.8,vader_base
rigidified,-0.7,vader_base
rigidifies,-0.6,vader_base
rigidify,-0.3,vader_base
rigidities,-0.7,vader_base
rigidity,-0.7,vader_base
rigidly,-0.7,vader_base
rigidness,-0.3,vader_base
rigorously,-0.4,vader_base
riots,-2.3,vader_base
risked,-0.9,vader_base
risker,-0.8,vader_base
riskier,-1.4,vader_base
riskiest,-1.5,vader_base
riskily,-0.7,vader_base
riskinesses,-1.6,vader_base
risking,-1.3,vader_base
riskless,1.3,vader_base
robber,-2.6,vader_base
robed,-0.7,vader_base
robing,-1.5,vader_base
robs,-2.0,vader_base
rofl,2.7,vader_base
roflcopter,2.1,vader_base
roflmao,2.5,vader_base
romanced,2.2,vader_base
romancer,1.3,vader_base
romancers,1.7,vader_base
romances,1.3,vader_base
romancing,2.0,vader_base
romantically,1.8,vader_base
romanticise,1.7,vader_base
romanticised,1.7,vader_base
romanticises,1.3,vader_base
romanticising,2.7,vader_base
romanticism,2.2,vader_base
romanticisms,2.1,vader_base
romanticist,1.9,vader_base
romanticists,1.3,vader_base
romanticization,1.5,vader_base
romanticizations,2.0,vader_base
romanticize,1.8,vader_base
romanticized,0.9,vader_base
romanticizes,1.8,vader_base
romanticizing,1.2,vader_base
romantics,1.9,vader_base
rotfl,2.6,vader_base
rotflmao,2.8,vader_base
rotflmfao,2.5,vader_base
rotflol,3.0,vader_base
rotgl,2.9,vader_base
rotglmao,1.8,vader_base
rudely,-2.2,vader_base
rudeness,-1.5,vader_base
ruder,-2.1,vader_base
ruderal,-0.8,vader_base
ruderals,-0.4,vader_base
rudesby,-2.0,vader_base
rudest,-2.5,vader_base
ruinable,-1.6,vader_base
ruinate,-2.8,vader_base
ruinated,-1.5,vader_base
ruinates,-1.5,vader_base
ruinating,-1.5,vader_base
ruination,-2.7,vader_base
ruinations,-1.6,vader_base
ruined,-2.1,vader_base
ruiner,-2.0,vader_base
ruing,-1.6,vader_base
ruining,-1.0,vader_base
ruinous,-2.7,vader_base
ruinously,-2.6,vader_base
ruinousness,-1.0,vader_base
ruins,-1.9,vader_base
s:,-1.1,vader_base
sadden,-2.6,vader_base
saddened,-2.4,vader_base
saddening,-2.2,vader_base
saddens,-1.9,vader_base
sadder,-2.4,vader_base
saddest,-3.0,vader_base
sadly,-1.8,vader_base
safecracker,-0.7,vader_base
safecrackers,-0.9,vader_base
safecracking,-0.9,vader_base
safecrackings,-0.7,vader_base
safeguarded,1.5,vader_base
safeguarding,1.1,vader_base
safeguards,1.4,vader_base
safekeeping,1.4,vader_base
safelight,1.1,vader_base
safelights,0.8,vader_base
safely,2.2,vader_base
safeness,1.5,vader_base
safer,1.8,vader_base
safes,0.4,vader_base
safest,1.7,vader_base
safeties,1.5,vader_base
safetyman,0.3,vader_base
salient,1.1,vader_base
sapfu,-1.1,vader_base
sappy,-1.0,vader_base
sarcasm,-0.9,vader_base
sarcasms,-0.9,vader_base
sarcastic,-1.0,vader_base
sarcastically,-1.1,vader_base
satisfactions,2.1,vader_base
satisfactoriness,1.5,vader_base
satisfiable,1.9,vader_base
satisfied,1.8,vader_base
satisfies,1.8,vader_base
satisfying,2.0,vader_base
satisfyingly,1.9,vader_base
savaged,-2.0,vader_base
savagely,-2.2,vader_base
savageness,-2.6,vader_base
savagenesses,-0.9,vader_base
savageries,-1.9,vader_base
savagery,-2.5,vader_base
savages,-2.4,vader_base
saved,1.8,vader_base
scams,-2.8,vader_base
scandals,-2.2,vader_base
scapegoats,-1.4,vader_base
scarecrow,-0.8,vader_base
scarecrows,-0.7,vader_base
scaremonger,-2.1,vader_base
scaremongers,-2.0,vader_base
scarer,-1.7,vader_base
scarers,-1.3,vader_base
scares,-1.4,vader_base
scarey,-1.7,vader_base
scaring,-1.9,vader_base
sceptic,-1.0,vader_base
sceptical,-1.2,vader_base
scepticism,-0.8,vader_base
sceptics,-0.7,vader_base
scornful,-1.8,vader_base
screamed,-1.3,vader_base
screamers,-1.5,vader_base
screaming,-1.6,vader_base
screams,-1.2,vader_base
screwball,-0.2,vader_base
screwballs,-0.3,vader_base
screwbean,0.3,vader_base
screwdriver,0.3,vader_base
screwdrivers,0.1,vader_base
screwed,-2.2,vader_base
screwed up,-1.5,vader_base
screwer,-1.2,vader_base
screwers,-0.5,vader_base
screwier,-0.6,vader_base
screwiest,-2.0,vader_base
screwiness,-0.5,vader_base
screwing,-0.9,vader_base
screwlike,0.1,vader_base
screws,-1.0,vader_base
screwup,-1.7,vader_base
screwups,-1.0,vader_base
screwworm,-0.4,vader_base
screwworms,-0.1,vader_base
screwy,-1.4,vader_base
scrumptious,2.1,vader_base
scrumptiously,1.5,vader_base
scumbag,-3.2,vader_base
secured,1.7,vader_base
securely,1.4,vader_base
securement,1.1,vader_base
secureness,1.4,vader_base
securer,1.5,vader_base
securers,0.6,vader_base
secures,1.3,vader_base
securest,2.6,vader_base
securing,1.3,vader_base
securities,1.2,vader_base
securitizations,0.1,vader_base
securitized,1.4,vader_base
securitizes,1.6,vader_base
securitizing,0.7,vader_base
security,1.4,vader_base
sedition,-1.8,vader_base
seditious,-1.7,vader_base
seduced,-1.5,vader_base
self-confident,2.5,vader_base
selfishly,-1.4,vader_base
selfishness,-1.7,vader_base
selfishnesses,-2.0,vader_base
sentenced,-0.1,vader_base
sentences,0.2,vader_base
sentencing,-0.6,vader_base
sentimentalise,1.2,vader_base
sentimentalised,0.8,vader_base
sentimentalising,0.4,vader_base
sentimentalism,1.0,vader_base
sentimentalisms,0.4,vader_base
sentimentalist,0.8,vader_base
sentimentalists,0.7,vader_base
sentimentalities,0.9,vader_base
sentimentality,1.2,vader_base
sentimentalization,1.2,vader_base
sentimentalizations,0.4,vader_base
sentimentalize,0.8,vader_base
sentimentalized,1.1,vader_base
sentimentalizes,1.1,vader_base
sentimentalizing,0.8,vader_base
sentimentally,1.9,vader_base
serene,2.0,vader_base
sete,2.8,vader_base
severed,-1.5,vader_base
severeness,-1.0,vader_base
severer,-1.6,vader_base
severest,-1.5,vader_base
sexy,2.4,vader_base
sfete,2.7,vader_base
sgtm,2.4,vader_base
shakeable,-0.3,vader_base
shakedown,-1.2,vader_base
shakedowns,-1.4,vader_base
shaken,-0.3,vader_base
shakeouts,-0.8,vader_base
shakers,0.3,vader_base
shakeups,-0.5,vader_base
shakier,-0.9,vader_base
shakiest,-1.2,vader_base
shakily,-0.7,vader_base
shakiness,-0.7,vader_base
shaking,-0.7,vader_base
shamed,-2.6,vader_base
shamefaced,-2.3,vader_base
shamefacedly,-1.9,vader_base
shamefacedness,-2.0,vader_base
shamefast,-1.0,vader_base
shamefully,-1.9,vader_base
shamefulness,-2.4,vader_base
shamefulnesses,-2.3,vader_base
shamelessly,-1.4,vader_base
shamelessness,-1.4,vader_base
shamelessnesses,-2.0,vader_base
shames,-1.7,vader_base
shared,1.4,vader_base
shares,1.2,vader_base
sharing,1.8,vader_base
shattered,-2.1,vader_base
shit,-2.6,vader_base
shitake,-0.3,vader_base
shitakes,-1.1,vader_base
shithead,-3.1,vader_base
shitheads,-2.6,vader_base
shits,-2.1,vader_base
shittah,0.1,vader_base
shitted,-1.7,vader_base
shittier,-2.1,vader_base
shittiest,-3.4,vader_base
shittim,-0.6,vader_base
shittimwood,-0.3,vader_base
shitting,-1.8,vader_base
shitty,-2.6,vader_base
shockable,-1.0,vader_base
shocked,-1.3,vader_base
shocker,-0.6,vader_base
shockers,-1.1,vader_base
shockingly,-0.7,vader_base
shockproof,1.3,vader_base
shocks,-1.6,vader_base
shook,-0.4,vader_base
short-sighted,-1.2,vader_base
short-sightedness,-1.1,vader_base
shortages,-0.6,vader_base
shrew,-0.9,vader_base
shyer,-0.8,vader_base
shying,-0.9,vader_base
shylock,-2.1,vader_base
shylocked,-0.7,vader_base
shylocking,-1.5,vader_base
shylocks,-1.4,vader_base
shyly,-0.7,vader_base
shyness,-1.3,vader_base
shynesses,-1.2,vader_base
shyster,-1.6,vader_base
shysters,-0.9,vader_base
sickened,-2.5,vader_base
sickener,-2.2,vader_base
sickeners,-2.2,vader_base
sickeningly,-2.1,vader_base
sickens,-2.0,vader_base
silencing,-0.5,vader_base
sillibub,-0.1,vader_base
sillier,1.0,vader_base
sillies,0.8,vader_base
silliest,0.8,vader_base
sillily,-0.1,vader_base
sillimanite,0.1,vader_base
sillimanites,0.2,vader_base
silliness,-0.9,vader_base
sillinesses,-1.2,vader_base
sincerely,2.1,vader_base
sincereness,1.8,vader_base
sincerer,2.0,vader_base
sincerest,2.0,vader_base
sincerities,1.5,vader_base
sinful,-2.6,vader_base
singleminded,1.2,vader_base
sins,-2.0,vader_base
skeptically,-1.2,vader_base
skepticisms,-1.2,vader_base
skeptics,-0.4,vader_base
slashed,-0.9,vader_base
slashes,-0.8,vader_base
slashing,-1.1,vader_base
slavery,-3.8,vader_base
slaw,2.1,vader_base
sleeplessness,-1.6,vader_base
slicker,0.4,vader_base
slickest,0.3,vader_base
slut,-2.8,vader_base
sluts,-2.7,vader_base
sluttier,-2.7,vader_base
sluttiest,-3.1,vader_base
sluttish,-2.2,vader_base
sluttishly,-2.1,vader_base
sluttishness,-2.5,vader_base
sluttishnesses,-2.0,vader_base
slutty,-2.3,vader_base
smartass,-2.1,vader_base
smartasses,-1.7,vader_base
smarted,0.7,vader_base
smartened,1.5,vader_base
smartening,1.7,vader_base
smartens,1.5,vader_base
smarter,2.0,vader_base
smartest,3.0,vader_base
smartie,1.3,vader_base
smarties,1.7,vader_base
smarting,-0.7,vader_base
smartly,1.5,vader_base
smartness,2.0,vader_base
smartnesses,1.5,vader_base
smarts,1.6,vader_base
smartweed,0.2,vader_base
smartweeds,0.1,vader_base
smarty,1.1,vader_base
smh,-1.3,vader_base
smilax,0.6,vader_base
smilaxes,0.3,vader_base
smiled,2.5,vader_base
smileless,-1.4,vader_base
smiler,1.7,vader_base
smiles,2.1,vader_base
smiley,1.7,vader_base
smileys,1.5,vader_base
smiling,2.0,vader_base
smilingly,2.3,vader_base
smog,-1.2,vader_base
smother,-1.8,vader_base
smothered,-0.9,vader_base
smothering,-1.4,vader_base
smothers,-1.9,vader_base
smothery,-1.1,vader_base
smug,0.8,vader_base
smugger,-1.0,vader_base
smuggest,-1.5,vader_base
smuggle,-1.6,vader_base
smuggled,-1.5,vader_base
smuggler,-2.1,vader_base
smugglers,-1.4,vader_base
smuggles,-1.7,vader_base
smugly,0.2,vader_base
smugness,-1.4,vader_base
smugnesses,-1.7,vader_base
snafu,-2.5,vader_base
snob,-2.0,vader_base
snobbery,-2.0,vader_base
snobbier,-0.7,vader_base
snobbiest,-0.5,vader_base
snobbily,-1.6,vader_base
snobbish,-0.9,vader_base
snobbishly,-1.2,vader_base
snobbishness,-1.1,vader_base
snobbishnesses,-1.7,vader_base
snobbism,-1.0,vader_base
snobbisms,-0.3,vader_base
snobby,-1.7,vader_base
snobs,-1.4,vader_base
snubbed,-2.0,vader_base
snubbing,-0.9,vader_base
snubs,-2.1,vader_base
sob,-1.0,vader_base
sobbed,-1.9,vader_base
sobbing,-1.6,vader_base
sobs,-2.5,vader_base
sociabilities,1.2,vader_base
sociability,1.1,vader_base
sociable,1.9,vader_base
sociableness,1.5,vader_base
sociably,1.6,vader_base
sok,1.3,vader_base
solemnified,-0.5,vader_base
solemnifies,-0.5,vader_base
solemnify,0.3,vader_base
solemnifying,0.1,vader_base
solemnities,0.3,vader_base
solemnity,-1.1,vader_base
solemnization,0.7,vader_base
solemnize,0.3,vader_base
solemnized,-0.7,vader_base
solemnizes,0.6,vader_base
solemnizing,-0.6,vader_base
solemnly,0.8,vader_base
solutions,0.7,vader_base
solved,1.1,vader_base
solves,1.1,vader_base
solving,1.4,vader_base
somber,-1.8,vader_base
son-of-a-bitch,-2.7,vader_base
soothed,0.5,vader_base
sophisticated,2.6,vader_base
sorrowed,-2.4,vader_base
sorrower,-2.3,vader_base
sorrowful,-2.2,vader_base
sorrowfully,-2.3,vader_base
sorrowfulness,-2.5,vader_base
sorrowing,-1.7,vader_base
sorrows,-1.6,vader_base
sorry,-0.3,vader_base
soulmate,2.9,vader_base
spammer,-2.2,vader_base
spammers,-1.6,vader_base
spamming,-2.1,vader_base
sparkle,1.8,vader_base
sparkles,1.3,vader_base
spirit,0.7,vader_base
spiritless,-1.3,vader_base
spited,-2.4,vader_base
spiteful,-1.9,vader_base
spitefully,-2.3,vader_base
spitefulness,-1.5,vader_base
spitefulnesses,-2.3,vader_base
spites,-1.4,vader_base
splendent,2.7,vader_base
splendidly,2.1,vader_base
splendidness,2.3,vader_base
splendiferous,2.6,vader_base
splendiferously,1.9,vader_base
splendiferousness,1.7,vader_base
splendor,3.0,vader_base
splendorous,2.2,vader_base
splendors,2.0,vader_base
splendour,2.2,vader_base
splendours,2.2,vader_base
splendrous,2.2,vader_base
squelched,-1.0,vader_base
stabbed,-1.9,vader_base
stabs,-1.9,vader_base
stalled,-0.8,vader_base
stalling,-0.8,vader_base
stammer,-0.9,vader_base
stammered,-0.9,vader_base
stammerer,-1.1,vader_base
stammerers,-0.8,vader_base
stammering,-1.0,vader_base
stammers,-0.8,vader_base
stank,-1.9,vader_base
startle,-1.3,vader_base
startled,-0.7,vader_base
startlement,-0.5,vader_base
startlements,0.2,vader_base
startler,-0.8,vader_base
startlers,-0.5,vader_base
startles,-0.5,vader_base
startlingly,-0.3,vader_base
starved,-2.6,vader_base
starves,-2.3,vader_base
starving,-1.8,vader_base
stealable,-1.7,vader_base
stealer,-1.7,vader_base
stealers,-2.2,vader_base
stealing,-2.7,vader_base
stealings,-1.9,vader_base
steals,-2.3,vader_base
stealthier,-0.3,vader_base
stealthiest,0.4,vader_base
stealthily,0.1,vader_base
stealthiness,0.2,vader_base
stealths,-0.3,vader_base
stench,-2.3,vader_base
stenches,-1.5,vader_base
stenchful,-2.4,vader_base
stenchy,-2.3,vader_base
stereotype,-1.3,vader_base
stereotyped,-1.2,vader_base
stifled,-1.4,vader_base
stimulated,0.9,vader_base
stimulates,1.0,vader_base
stinkard,-2.3,vader_base
stinkards,-1.0,vader_base
stinkbug,-0.2,vader_base
stinkbugs,-1.0,vader_base
stinker,-1.5,vader_base
stinkers,-1.2,vader_base
stinkhorn,-0.2,vader_base
stinkhorns,-0.8,vader_base
stinkier,-1.5,vader_base
stinkiest,-2.1,vader_base
stinking,-2.4,vader_base
stinkingly,-1.3,vader_base
stinko,-1.5,vader_base
stinkpot,-2.5,vader_base
stinkpots,-0.7,vader_base
stinks,-1.0,vader_base
stinkweed,-0.4,vader_base
stinkwood,-0.1,vader_base
stinky,-1.5,vader_base
stolen,-2.2,vader_base
stopped,-0.9,vader_base
stopping,-0.6,vader_base
stops,-0.6,vader_base
strained,-1.7,vader_base
strainer,-0.8,vader_base
strainers,-0.3,vader_base
straining,-1.3,vader_base
strains,-1.2,vader_base
strangely,-1.2,vader_base
strangled,-2.5,vader_base
strengthener,1.8,vader_base
strengtheners,1.4,vader_base
stressed,-1.4,vader_base
stresses,-2.0,vader_base
stressfully,-2.6,vader_base
stressing,-1.5,vader_base
stressless,1.6,vader_base
stresslessness,1.6,vader_base
stressor,-1.8,vader_base
stressors,-2.1,vader_base
strikers,-0.6,vader_base
strikes,-1.5,vader_base
strongbox,0.7,vader_base
strongboxes,0.3,vader_base
strongholds,1.0,vader_base
strongish,1.7,vader_base
strongman,0.7,vader_base
strongmen,0.5,vader_base
strongyl,0.6,vader_base
strongyles,0.2,vader_base
strongyloidosis,-0.8,vader_base
strongyls,0.1,vader_base
struck,-1.0,vader_base
struggled,-1.4,vader_base
struggler,-1.1,vader_base
strugglers,-1.4,vader_base
struggles,-1.5,vader_base
struggling,-1.8,vader_base
stubborner,-1.5,vader_base
stubbornest,-0.6,vader_base
stubbornly,-1.4,vader_base
stubbornness,-1.1,vader_base
stubbornnesses,-1.5,vader_base
stunk,-1.6,vader_base
stuns,0.1,vader_base
stupider,-2.5,vader_base
stupidest,-2.4,vader_base
stupidities,-2.0,vader_base
stupidly,-2.0,vader_base
stupidness,-1.7,vader_base
stupidnesses,-2.6,vader_base
stupids,-2.3,vader_base
stuttered,-0.9,vader_base
stutterer,-1.0,vader_base
stutterers,-1.1,vader_base
stutters,-1.0,vader_base
suave,2.0,vader_base
submissive,-1.3,vader_base
submissively,-1.0,vader_base
submissiveness,-0.7,vader_base
subversive,-0.9,vader_base
succeeder,1.2,vader_base
succeeders,1.3,vader_base
successfulness,2.7,vader_base
succession,0.8,vader_base
successional,0.9,vader_base
successionally,1.1,vader_base
successions,0.1,vader_base
successive,1.1,vader_base
successively,0.9,vader_base
successiveness,1.0,vader_base
successor,0.9,vader_base
successors,1.1,vader_base
suck,-1.9,vader_base
sucked,-2.0,vader_base
sucker,-2.4,vader_base
suckered,-2.0,vader_base
suckering,-2.1,vader_base
suckers,-2.3,vader_base
sucks,-1.5,vader_base
sucky,-1.9,vader_base
suffered,-2.2,vader_base
sufferers,-2.4,vader_base
suffers,-2.1,vader_base
suicidal,-3.5,vader_base
suicide,-3.5,vader_base
suing,-1.1,vader_base
sulking,-1.5,vader_base
sulky,-0.8,vader_base
sullen,-1.7,vader_base
sunnier,2.3,vader_base
sunniest,2.4,vader_base
sunshiny,1.9,vader_base
superiorities,0.8,vader_base
superiorly,2.2,vader_base
superiors,1.0,vader_base
supported,1.3,vader_base
supporter,1.1,vader_base
supporters,1.9,vader_base
supporting,1.9,vader_base
supportiveness,1.5,vader_base
supports,1.5,vader_base
supremacies,0.8,vader_base
supremacist,0.5,vader_base
supremacists,-1.0,vader_base
supremacy,0.2,vader_base
suprematists,0.4,vader_base
supremely,2.7,vader_base
supremeness,2.3,vader_base
supremer,2.3,vader_base
supremest,2.2,vader_base
supremos,1.3,vader_base
surefire,1.0,vader_base
surefooted,1.9,vader_base
surefootedly,1.6,vader_base
surefootedness,1.5,vader_base
surely,1.9,vader_base
sureness,2.0,vader_base
surer,1.2,vader_base
surest,1.3,vader_base
sureties,1.3,vader_base
suretyship,-0.1,vader_base
suretyships,0.4,vader_base
surprisal,1.5,vader_base
surprisals,0.7,vader_base
surprised,0.9,vader_base
surpriser,0.6,vader_base
surprisers,0.3,vader_base
surprises,0.9,vader_base
surprisingly,1.2,vader_base
survived,2.3,vader_base
surviving,1.2,vader_base
suspected,-0.9,vader_base
suspecting,-0.7,vader_base
suspects,-1.4,vader_base
suspended,-2.1,vader_base
suspicions,-1.5,vader_base
suspiciousness,-1.2,vader_base
sux,-1.5,vader_base
swak,2.3,vader_base
swearing,-1.0,vader_base
swears,0.2,vader_base
sweet,2.0,vader_base
sweet<3,3.0,vader_base
sweetheart,3.3,vader_base
sweethearts,2.8,vader_base
sweetie,2.2,vader_base
sweeties,2.1,vader_base
sweetly,2.1,vader_base
sweetness,2.2,vader_base
sweets,2.2,vader_base
swiftly,1.2,vader_base
swindles,-1.5,vader_base
swindling,-2.0,vader_base
talentless,-1.6,vader_base
talents,2.0,vader_base
tantrum,-1.8,vader_base
tantrums,-1.5,vader_base
tard,-2.5,vader_base
tears,-0.9,vader_base
teas,0.3,vader_base
tease,-1.3,vader_base
teased,-1.2,vader_base
teasel,-0.1,vader_base
teaseled,-0.8,vader_base
teaseler,-0.8,vader_base
teaselers,-1.2,vader_base
teaseling,-0.4,vader_base
teaselled,-0.4,vader_base
teaselling,-0.2,vader_base
teasels,-0.1,vader_base
teaser,-1.0,vader_base
teasers,-0.7,vader_base
teases,-1.2,vader_base
teashops,0.2,vader_base
teasingly,-0.4,vader_base
teaspoon,0.2,vader_base
teaspoonful,0.2,vader_base
teaspoonfuls,0.4,vader_base
teaspoons,0.5,vader_base
teaspoonsful,0.3,vader_base
tempers,-1.3,vader_base
tendered,0.5,vader_base
tenderer,0.6,vader_base
tenderers,1.2,vader_base
tenderest,1.4,vader_base
tenderfeet,-0.4,vader_base
tenderfoot,-0.1,vader_base
tenderfoots,-0.5,vader_base
tenderhearted,1.5,vader_base
tenderheartedly,2.7,vader_base
tenderheartedness,0.7,vader_base
tenderheartednesses,2.8,vader_base
tendering,0.6,vader_base
tenderization,0.2,vader_base
tenderize,0.1,vader_base
tenderized,0.1,vader_base
tenderizer,0.4,vader_base
tenderizes,0.3,vader_base
tenderizing,0.3,vader_base
tenderloin,-0.2,vader_base
tenderloins,0.4,vader_base
tenderly,1.8,vader_base
tenderness,1.8,vader_base
tendernesses,0.9,vader_base
tenderometer,0.2,vader_base
tenderometers,0.2,vader_base
tenders,0.6,vader_base
tensed,-1.0,vader_base
tensely,-1.2,vader_base
tenseness,-1.5,vader_base
tenser,-1.5,vader_base
tenses,-0.9,vader_base
tensest,-1.2,vader_base
tensing,-1.0,vader_base
tensional,-0.8,vader_base
tensioned,-0.4,vader_base
tensioner,-1.6,vader_base
tensioners,-0.9,vader_base
tensioning,-1.4,vader_base
tensionless,0.6,vader_base
tensions,-1.7,vader_base
terribleness,-1.9,vader_base
terriblenesses,-2.6,vader_base
terribly,-2.6,vader_base
terrifically,1.7,vader_base
terrifies,-2.6,vader_base
terrify,-2.3,vader_base
terror,-2.4,vader_base
terrorise,-3.1,vader_base
terrorised,-3.3,vader_base
terrorises,-3.3,vader_base
terrorising,-3.0,vader_base
terrorism,-3.6,vader_base
terrorisms,-3.2,vader_base
terrorist,-3.7,vader_base
terroristic,-3.3,vader_base
terrorists,-3.1,vader_base
terrorization,-2.7,vader_base
terrorized,-3.1,vader_base
terrorizes,-3.1,vader_base
terrorizing,-3.0,vader_base
terrorless,0.9,vader_base
terrors,-2.6,vader_base
tgif,2.3,vader_base
thanked,1.9,vader_base
thankful,2.7,vader_base
thankfuller,1.9,vader_base
thankfullest,2.0,vader_base
thankfully,1.8,vader_base
thankfulness,2.1,vader_base
thanks,1.9,vader_base
thieve,-2.2,vader_base
thieved,-1.4,vader_base
thieveries,-2.1,vader_base
thievery,-2.0,vader_base
thieves,-2.3,vader_base
thks,1.4,vader_base
thoughtfully,1.7,vader_base
thoughtfulness,1.9,vader_base
thoughtless,-2.0,vader_base
threatened,-2.0,vader_base
threatener,-1.4,vader_base
threateners,-1.8,vader_base
threateningly,-2.2,vader_base
threatens,-1.6,vader_base
threating,-2.0,vader_base
thrilled,1.9,vader_base
thrillers,0.1,vader_base
thrillingly,2.0,vader_base
thrills,1.5,vader_base
thwarted,-0.1,vader_base
thwarting,-0.7,vader_base
thwarts,-0.4,vader_base
thx,1.5,vader_base
tia,2.3,vader_base
ticked,-1.8,vader_base
timider,-1.0,vader_base
timidest,-0.9,vader_base
timidities,-0.7,vader_base
timidity,-1.3,vader_base
timidly,-0.7,vader_base
timidness,-1.0,vader_base
timorous,-0.8,vader_base
tits,-0.9,vader_base
tmi,-0.3,vader_base
tnx,1.1,vader_base
tolerances,0.3,vader_base
tolerantly,0.4,vader_base
toothless,-1.4,vader_base
tops,2.3,vader_base
torn,-1.0,vader_base
tortured,-2.6,vader_base
torturer,-2.3,vader_base
torturers,-3.5,vader_base
tortures,-2.5,vader_base
torturing,-3.0,vader_base
torturous,-2.7,vader_base
torturously,-2.2,vader_base
totalitarian,-2.1,vader_base
totalitarianism,-2.7,vader_base
toughed,0.7,vader_base
toughened,0.1,vader_base
toughening,0.9,vader_base
toughens,-0.2,vader_base
tougher,0.7,vader_base
toughest,-0.3,vader_base
toughie,-0.7,vader_base
toughies,-0.6,vader_base
toughing,-0.5,vader_base
toughish,-1.0,vader_base
toughly,-1.1,vader_base
toughness,-0.2,vader_base
toughnesses,0.3,vader_base
toughs,-0.8,vader_base
toughy,-0.5,vader_base
tout,-0.5,vader_base
touted,-0.2,vader_base
touting,-0.7,vader_base
touts,-0.1,vader_base
tragedian,-0.5,vader_base
tragedians,-1.0,vader_base
tragedienne,-0.4,vader_base
tragediennes,-1.4,vader_base
tragedies,-1.9,vader_base
tragical,-2.4,vader_base
tragicomedy,0.2,vader_base
tragicomic,-0.2,vader_base
tragics,-2.2,vader_base
tranquiler,1.9,vader_base
tranquilest,1.6,vader_base
tranquilities,1.5,vader_base
tranquility,1.8,vader_base
tranquilize,0.3,vader_base
tranquilized,-0.2,vader_base
tranquilizer,-0.1,vader_base
tranquilizers,-0.4,vader_base
tranquilizes,-0.1,vader_base
tranquilizing,-0.5,vader_base
tranquillest,0.8,vader_base
tranquillities,0.5,vader_base
tranquillity,1.8,vader_base
tranquillized,-0.2,vader_base
tranquillizer,-0.1,vader_base
tranquillizers,-0.2,vader_base
tranquillizes,0.1,vader_base
tranquillizing,0.8,vader_base
tranquilly,1.2,vader_base
tranquilness,1.5,vader_base
trap,-1.3,vader_base
trapped,-2.4,vader_base
traumas,-2.2,vader_base
traumata,-1.7,vader_base
traumatically,-2.8,vader_base
traumatise,-2.8,vader_base
traumatised,-2.4,vader_base
traumatises,-2.2,vader_base
traumatising,-1.9,vader_base
traumatism,-2.4,vader_base
traumatization,-3.0,vader_base
traumatizations,-2.2,vader_base
traumatizes,-1.4,vader_base
traumatizing,-2.3,vader_base
travesty,-2.7,vader_base
treason,-1.9,vader_base
treasonous,-2.7,vader_base
treasurable,2.5,vader_base
treasurer,0.5,vader_base
treasurers,0.4,vader_base
treasurership,0.4,vader_base
treasurerships,1.2,vader_base
treasures,1.8,vader_base
treasuries,0.9,vader_base
treasuring,2.1,vader_base
treasury,0.8,vader_base
trembled,-1.1,vader_base
trembler,-0.6,vader_base
tremblers,-1.0,vader_base
trembles,-0.1,vader_base
trembling,-1.5,vader_base
trembly,-1.2,vader_base
tremulous,-1.0,vader_base
trick,-0.2,vader_base
tricked,-0.6,vader_base
tricker,-0.9,vader_base
trickeries,-1.2,vader_base
trickers,-1.4,vader_base
trickery,-1.1,vader_base
trickie,-0.4,vader_base
trickier,-0.7,vader_base
trickiest,-1.2,vader_base
trickily,-0.8,vader_base
trickiness,-1.2,vader_base
trickinesses,-0.4,vader_base
tricking,0.1,vader_base
trickish,-1.0,vader_base
trickishly,-0.7,vader_base
trickishness,-0.4,vader_base
trickled,0.1,vader_base
trickledown,-0.7,vader_base
trickles,0.2,vader_base
trickling,-0.2,vader_base
trickly,-0.3,vader_base
tricks,-0.5,vader_base
tricksier,-0.5,vader_base
tricksiness,-1.0,vader_base
trickster,-0.9,vader_base
tricksters,-1.3,vader_base
tricksy,-0.8,vader_base
trite,-0.8,vader_base
triumphal,2.0,vader_base
triumphalisms,1.9,vader_base
triumphalist,0.5,vader_base
triumphalists,0.9,vader_base
triumphantly,2.3,vader_base
triumphed,2.2,vader_base
triumphing,2.3,vader_base
triumphs,2.0,vader_base
trivialise,-0.8,vader_base
trivialised,-0.8,vader_base
trivialises,-1.1,vader_base
trivialising,-1.4,vader_base
trivialities,-1.0,vader_base
triviality,-0.5,vader_base
trivialization,-0.9,vader_base
trivializations,-0.7,vader_base
trivialize,-1.1,vader_base
trivialized,-0.6,vader_base
trivializes,-1.0,vader_base
trivializing,-0.6,vader_base
trivially,0.4,vader_base
trivium,-0.3,vader_base
troubled,-2.0,vader_base
troublemaker,-2.0,vader_base
troublemakers,-2.2,vader_base
troublemaking,-1.8,vader_base
troubler,-1.4,vader_base
troublers,-1.9,vader_base
troubles,-2.0,vader_base
troubleshoot,0.8,vader_base
troubleshooter,1.0,vader_base
troubleshooters,0.8,vader_base
troubleshooting,0.7,vader_base
troubleshoots,0.5,vader_base
troublesomely,-1.8,vader_base
troublesomeness,-1.9,vader_base
troublous,-2.1,vader_base
troublously,-2.1,vader_base
true,1.8,vader_base
trueness,2.1,vader_base
truer,1.5,vader_base
truest,1.9,vader_base
truly,1.9,vader_base
trustability,2.1,vader_base
trustable,2.3,vader_base
trustbuster,-0.5,vader_base
trustee,1.0,vader_base
trustees,0.3,vader_base
trusteeship,0.5,vader_base
trusteeships,0.6,vader_base
truster,1.9,vader_base
trustful,2.1,vader_base
trustfully,1.5,vader_base
trustfulness,2.1,vader_base
trustier,1.3,vader_base
trusties,1.0,vader_base
trustiest,2.2,vader_base
trustily,1.6,vader_base
trustiness,1.6,vader_base
trusting,1.7,vader_base
trustingly,1.6,vader_base
trustingness,1.6,vader_base
trustless,-2.3,vader_base
trustor,0.4,vader_base
trustors,1.2,vader_base
trusts,2.1,vader_base
trustworthily,2.3,vader_base
trustworthiness,1.8,vader_base
trusty,2.2,vader_base
truthfully,1.9,vader_base
truthfulness,1.7,vader_base
truths,1.8,vader_base
tumor,-1.6,vader_base
twat,-3.4,vader_base
tx,1.5,vader_base
txs,1.1,vader_base
ty,1.6,vader_base
tyvm,2.5,vader_base
ugh,-1.8,vader_base
uglier,-2.2,vader_base
uglies,-2.0,vader_base
ugliest,-2.8,vader_base
uglification,-2.2,vader_base
uglified,-1.5,vader_base
uglifies,-1.8,vader_base
uglify,-2.1,vader_base
uglifying,-2.2,vader_base
uglily,-2.1,vader_base
ugliness,-2.7,vader_base
uglinesses,-2.5,vader_base
unappreciated,-1.7,vader_base
unbelieving,-0.8,vader_base
uncertainness,-1.3,vader_base
uncertainties,-1.4,vader_base
uncomfortably,-1.7,vader_base
uncompelling,-0.9,vader_base
uncontrollability,-1.7,vader_base
uncredited,-1.0,vader_base
underestimated,-1.1,vader_base
underestimates,-1.1,vader_base
undermined,-1.5,vader_base
undermines,-1.4,vader_base
undermining,-1.5,vader_base
undeserving,-1.9,vader_base
uneasier,-1.4,vader_base
uneasiest,-2.1,vader_base
uneasily,-1.4,vader_base
uneasiness,-1.6,vader_base
uneasinesses,-1.8,vader_base
unequaled,0.5,vader_base
unfortunates,-1.9,vader_base
ungrateful,-2.0,vader_base
ungratefully,-1.8,vader_base
ungratefulness,-1.6,vader_base
unhappier,-2.4,vader_base
unhappiest,-2.5,vader_base
unhappily,-1.9,vader_base
unhappinesses,-2.2,vader_base
unintelligent,-2.0,vader_base
uninvolved,-2.2,vader_base
uninvolving,-2.0,vader_base
united,1.8,vader_base
unkind,-1.6,vader_base
unlovable,-2.7,vader_base
unlovelier,-1.9,vader_base
unloveliest,-1.9,vader_base
unloveliness,-2.0,vader_base
unlovely,-2.1,vader_base
unloving,-2.3,vader_base
unmotivated,-1.4,vader_base
unprofessional,-2.3,vader_base
unresearched,-1.1,vader_base
unsupported,-1.7,vader_base
unsurely,-1.3,vader_base
untarnished,1.6,vader_base
upsets,-1.5,vader_base
upsetter,-1.9,vader_base
upsetters,-2.0,vader_base
upsetting,-2.1,vader_base
uptight,-1.6,vader_base
uptightness,-1.2,vader_base
urw,1.9,vader_base
usefully,1.8,vader_base
uselessly,-1.5,vader_base
uselessness,-1.6,vader_base
v.v,-2.9,vader_base
validated,0.9,vader_base
validates,1.4,vader_base
validating,1.4,vader_base
valuableness,1.7,vader_base
valuables,2.1,vader_base
valuably,2.3,vader_base
valued,1.9,vader_base
values,1.7,vader_base
valuing,1.4,vader_base
vanity,-0.9,vader_base
vbg,2.1,vader_base
vbs,3.1,vader_base
verdicts,0.3,vader_base
vexation,-1.9,vader_base
viciously,-1.3,vader_base
viciousness,-2.4,vader_base
viciousnesses,-0.6,vader_base
victimhood,-2.0,vader_base
victimhoods,-0.9,vader_base
victimise,-1.1,vader_base
victimised,-1.5,vader_base
victimises,-1.2,vader_base
victimising,-2.5,vader_base
victimization,-2.3,vader_base
victimizations,-1.5,vader_base
victimized,-1.8,vader_base
victimizer,-1.8,vader_base
victimizers,-1.6,vader_base
victimizes,-1.5,vader_base
victimizing,-2.6,vader_base
victimless,0.6,vader_base
victimologies,-0.6,vader_base
victimologist,-0.5,vader_base
victimologists,-0.4,vader_base
victimology,0.3,vader_base
victims,-1.3,vader_base
vigorish,-0.4,vader_base
vigorishes,0.4,vader_base
vigoroso,1.5,vader_base
vigorously,0.5,vader_base
vigorousness,0.4,vader_base
vigors,1.0,vader_base
vigour,0.9,vader_base
vigours,0.4,vader_base
vile,-3.1,vader_base
villainess,-2.9,vader_base
villainesses,-2.0,vader_base
villainies,-2.3,vader_base
villainous,-2.0,vader_base
villainously,-2.9,vader_base
villainousness,-2.7,vader_base
villains,-3.4,vader_base
villainy,-2.6,vader_base
vindicated,1.8,vader_base
vindicates,1.6,vader_base
vindicating,-1.1,vader_base
violated,-2.4,vader_base
violater,-2.6,vader_base
violaters,-2.4,vader_base
violates,-2.3,vader_base
violating,-2.5,vader_base
violations,-2.4,vader_base
violators,-1.9,vader_base
vip,2.3,vader_base
virtue,1.8,vader_base
virtueless,-1.4,vader_base
virtues,1.5,vader_base
virtuosa,1.7,vader_base
virtuosas,1.8,vader_base
virtuose,1.0,vader_base
virtuosi,0.9,vader_base
virtuosic,2.2,vader_base
virtuosity,2.1,vader_base
virtuoso,2.0,vader_base
virtuosos,1.8,vader_base
virtuously,1.8,vader_base
virtuousness,2.0,vader_base
vision,1.0,vader_base
visioning,1.1,vader_base
visions,0.9,vader_base
vitalise,1.1,vader_base
vitalised,0.6,vader_base
vitalises,1.1,vader_base
vitalising,2.1,vader_base
vitalism,0.2,vader_base
vitalist,0.3,vader_base
vitalists,0.3,vader_base
vitalities,1.2,vader_base
vitalization,1.6,vader_base
vitalizations,0.8,vader_base
vitalize,1.6,vader_base
vitalized,1.5,vader_base
vitalizes,1.4,vader_base
vitalizing,1.3,vader_base
vitally,1.1,vader_base
vitals,1.1,vader_base
vitamin,1.2,vader_base
vitriolic,-2.1,vader_base
vivacious,1.8,vader_base
vulnerabilities,-0.6,vader_base
vulnerableness,-1.1,vader_base
vulture,-2.0,vader_base
vultures,-1.3,vader_base
vwd,2.6,vader_base
vwp,2.1,vader_base
w00t,2.2,vader_base
walkouts,-0.7,vader_base
wanker,-2.5,vader_base
warfares,-1.8,vader_base
warmblooded,0.2,vader_base
warmed,1.1,vader_base
warmer,1.2,vader_base
warmers,1.0,vader_base
warmest,1.7,vader_base
warmhearted,1.8,vader_base
warmheartedness,2.7,vader_base
warming,0.6,vader_base
warmish,1.4,vader_base
warmly,1.7,vader_base
warmness,1.5,vader_base
warmonger,-2.9,vader_base
warmongering,-2.5,vader_base
warmongers,-2.8,vader_base
warmouth,0.4,vader_base
warmouths,-0.8,vader_base
warms,1.1,vader_base
warmth,2.0,vader_base
warmup,0.4,vader_base
warmups,0.8,vader_base
warned,-1.1,vader_base
warning,-1.4,vader_base
warnings,-1.2,vader_base
warns,-0.4,vader_base
warred,-2.4,vader_base
warring,-1.9,vader_base
wars,-2.6,vader_base
warsaw,-0.1,vader_base
warsaws,-0.2,vader_base
warship,-0.7,vader_base
warships,-0.5,vader_base
warstle,0.1,vader_base
wasted,-2.2,vader_base
wasting,-1.7,vader_base
wavering,-0.6,vader_base
wd,2.7,vader_base
weakener,-1.6,vader_base
weakeners,-1.3,vader_base
weaker,-1.9,vader_base
weakest,-2.3,vader_base
weakfish,-0.2,vader_base
weakfishes,-0.6,vader_base
weakhearted,-1.6,vader_base
weakish,-1.2,vader_base
weaklier,-1.5,vader_base
weakliest,-2.1,vader_base
weakling,-1.3,vader_base
weaklings,-1.4,vader_base
weakside,-1.1,vader_base
wealthier,2.2,vader_base
wealthiest,2.2,vader_base
wealthily,2.0,vader_base
wealthiness,2.4,vader_base
weaponed,-1.4,vader_base
weaponless,0.1,vader_base
weaponry,-0.9,vader_base
weapons,-1.9,vader_base
weep,-2.7,vader_base
weeper,-1.9,vader_base
weepers,-1.1,vader_base
weepie,-0.4,vader_base
weepier,-1.8,vader_base
weepies,-1.6,vader_base
weepiest,-2.4,vader_base
weeping,-1.9,vader_base
weepings,-1.9,vader_base
weeps,-1.4,vader_base
weepy,-1.3,vader_base
weirder,-0.5,vader_base
weirdest,-0.9,vader_base
weirdie,-1.3,vader_base
weirdies,-1.0,vader_base
weirdly,-1.2,vader_base
weirdness,-0.9,vader_base
weirdnesses,-0.7,vader_base
weirdo,-1.8,vader_base
weirdoes,-1.3,vader_base
weirdos,-1.1,vader_base
weirds,-0.6,vader_base
weirdy,-0.9,vader_base
welcome,2.0,vader_base
welcomed,1.4,vader_base
welcomely,1.9,vader_base
welcomeness,2.0,vader_base
welcomer,1.4,vader_base
welcomers,1.9,vader_base
welcomes,1.7,vader_base
well,1.1,vader_base
welladay,0.3,vader_base
wellaway,-0.8,vader_base
wellborn,1.8,vader_base
welldoer,2.5,vader_base
welldoers,1.6,vader_base
welled,0.4,vader_base
wellhead,0.1,vader_base
wellheads,0.5,vader_base
wellhole,-0.1,vader_base
wellies,0.4,vader_base
welling,1.6,vader_base
wellness,1.9,vader_base
wells,1.0,vader_base
wellsite,0.5,vader_base
wellspring,1.5,vader_base
wellsprings,1.4,vader_base
welly,0.2,vader_base
wept,-2.0,vader_base
whine,-1.5,vader_base
whined,-0.9,vader_base
whiner,-1.2,vader_base
whiners,-0.6,vader_base
whines,-1.8,vader_base
whiney,-1.3,vader_base
whining,-0.9,vader_base
whitewash,0.1,vader_base
whore,-3.3,vader_base
whored,-2.8,vader_base
whoredom,-2.1,vader_base
whoredoms,-2.4,vader_base
whorehouse,-1.1,vader_base
whorehouses,-1.9,vader_base
whoremaster,-1.9,vader_base
whoremasters,-1.5,vader_base
whoremonger,-2.6,vader_base
whoremongers,-2.0,vader_base
whores,-3.0,vader_base
whoreson,-2.2,vader_base
whoresons,-2.5,vader_base
wickeder,-2.2,vader_base
wickedest,-2.9,vader_base
wickedly,-2.1,vader_base
wickedness,-2.1,vader_base
wickednesses,-2.2,vader_base
widowed,-2.1,vader_base
wilco,0.9,vader_base
wimp,-1.4,vader_base
wimpier,-1.0,vader_base
wimpiest,-0.9,vader_base
wimpiness,-1.2,vader_base
wimpish,-1.6,vader_base
wimpishness,-0.2,vader_base
wimple,-0.2,vader_base
wimples,-0.3,vader_base
wimps,-1.0,vader_base
wimpy,-0.9,vader_base
winnable,1.8,vader_base
winned,1.8,vader_base
winners,2.1,vader_base
winning,2.4,vader_base
winningly,2.3,vader_base
winnings,2.5,vader_base
winnow,-0.3,vader_base
winnower,-0.1,vader_base
winnowers,-0.2,vader_base
winnowing,-0.1,vader_base
winnows,-0.2,vader_base
wins,2.7,vader_base
wiseacre,-1.2,vader_base
wiseacres,-0.1,vader_base
wiseass,-1.8,vader_base
wiseasses,-1.5,vader_base
wisecrack,-0.1,vader_base
wisecracked,-0.5,vader_base
wisecracker,-0.1,vader_base
wisecrackers,0.1,vader_base
wisecracking,-0.6,vader_base
wisecracks,-0.3,vader_base
wised,1.5,vader_base
wiseguys,0.3,vader_base
wiselier,0.9,vader_base
wiseliest,1.6,vader_base
wisely,1.8,vader_base
wiseness,1.9,vader_base
wisenheimer,-1.0,vader_base
wisenheimers,-1.4,vader_base
wisents,0.4,vader_base
wiser,1.2,vader_base
wises,1.3,vader_base
wisest,2.1,vader_base
wisewomen,1.3,vader_base
wish,1.7,vader_base
wishes,0.6,vader_base
wishing,0.9,vader_base
withdrawal,0.1,vader_base
woebegone,-2.6,vader_base
woebegoneness,-1.1,vader_base
woefully,-1.7,vader_base
woefulness,-2.1,vader_base
woes,-1.9,vader_base
woesome,-1.2,vader_base
won,2.7,vader_base
wonderfully,2.9,vader_base
wonderfulness,2.9,vader_base
woohoo,2.3,vader_base
woot,1.8,vader_base
worn,-1.2,vader_base
worried,-1.2,vader_base
worriedly,-2.0,vader_base
worrier,-1.8,vader_base
worriers,-1.7,vader_base
worries,-1.8,vader_base
worriment,-1.5,vader_base
worriments,-1.9,vader_base
worrisomely,-2.0,vader_base
worrisomeness,-1.9,vader_base
worrit,-2.1,vader_base
worrits,-1.2,vader_base
worrying,-1.4,vader_base
worrywart,-1.8,vader_base
worrywarts,-1.5,vader_base
worsened,-1.9,vader_base
worser,-2.0,vader_base
worship,1.2,vader_base
worshiped,2.4,vader_base
worshiper,1.0,vader_base
worshipers,0.9,vader_base
worshipful,0.7,vader_base
worshipfully,1.1,vader_base
worshipfulness,1.6,vader_base
worshiping,1.0,vader_base
worshipless,-0.6,vader_base
worshipped,2.7,vader_base
worshipper,0.6,vader_base
worshippers,0.8,vader_base
worshipping,1.6,vader_base
worships,1.4,vader_base
wow,2.8,vader_base
wowed,2.6,vader_base
wowing,2.5,vader_base
wows,2.0,vader_base
wowser,-1.1,vader_base
wowsers,1.0,vader_base
wp,1.0,vader_base
wrathful,-2.7,vader_base
wronged,-1.9,vader_base
wtf,-2.8,vader_base
wtg,2.1,vader_base
wth,-2.4,vader_base
x-d,2.6,vader_base
x-p,1.7,vader_base
xd,2.8,vader_base
xlnt,3.0,vader_base
xoxo,3.0,vader_base
xoxozzz,2.3,vader_base
xp,1.6,vader_base
xqzt,1.6,vader_base
xtc,0.8,vader_base
yay,2.4,vader_base
yeah,1.2,vader_base
yearning,0.5,vader_base
yeees,1.7,vader_base
yep,1.2,vader_base
yes,1.7,vader_base
yolo,1.1,vader_base
yoyo,0.4,vader_base
yucky,-1.8,vader_base
yummy,2.4,vader_base
yvw,1.6,vader_base
yw,1.8,vader_base
ywia,2.5,vader_base
zealot,-1.9,vader_base
zealots,-0.8,vader_base
zealous,0.5,vader_base
zzz,-1.2,vader_base
{:,1.8,vader_base
|-0,-1.2,vader_base
|-:,-0.8,vader_base
|-:>,-1.6,vader_base
|-o,-1.2,vader_base
|:,-0.5,vader_base
|;-),2.2,vader_base
|=,-0.4,vader_base
|^:,-1.1,vader_base
|o:,-0.9,vader_base
||-:,-2.3,vader_base
}:,-2.1,vader_base
}:(,-2.0,vader_base
}:),0.4,vader_base
}:-(,-2.1,vader_base
}:-),0.3,vader_base
