date,fund,ticker,weight
2021-01-04,Equity Equal Weight,ABBV,0.02
2021-01-04,Equity Equal Weight,ABT,0.02
2021-01-04,Equity Equal Weight,ADBE,0.02
2021-01-04,Equity Equal Weight,AEP,0.02
2021-01-04,Equity Equal Weight,AMD,0.02
2021-01-04,Equity Equal Weight,AMGN,0.02
2021-01-04,Equity Equal Weight,AMT,0.02
2021-01-04,Equity Equal Weight,BA,0.02
2021-01-04,Equity Equal Weight,CAT,0.02
2021-01-04,Equity Equal Weight,CCI,0.02
2021-01-04,Equity Equal Weight,CMCSA,0.02
2021-01-04,Equity Equal Weight,COP,0.02
2021-01-04,Equity Equal Weight,CVX,0.02
2021-01-04,Equity Equal Weight,D,0.02
2021-01-04,Equity Equal Weight,DD,0.02
2021-01-04,Equity Equal Weight,DIS,0.02
2021-01-04,Equity Equal Weight,DOW,0.02
2021-01-04,Equity Equal Weight,DUK,0.02
2021-01-04,Equity Equal Weight,EA,0.02
2021-01-04,Equity Equal Weight,GE,0.02
2021-01-04,Equity Equal Weight,GILD,0.02
2021-01-04,Equity Equal Weight,GS,0.02
2021-01-04,Equity Equal Weight,INTC,0.02
2021-01-04,Equity Equal Weight,KO,0.02
2021-01-04,Equity Equal Weight,MMM,0.02
2021-01-04,Equity Equal Weight,MRK,0.02
2021-01-04,Equity Equal Weight,MS,0.02
2021-01-04,Equity Equal Weight,NEE,0.02
2021-01-04,Equity Equal Weight,NEM,0.02
2021-01-04,Equity Equal Weight,NKE,0.02
2021-01-04,Equity Equal Weight,NUE,0.02
2021-01-04,Equity Equal Weight,NVDA,0.02
2021-01-04,Equity Equal Weight,O,0.02
2021-01-04,Equity Equal Weight,OXY,0.02
2021-01-04,Equity Equal Weight,PLD,0.02
2021-01-04,Equity Equal Weight,PSA,0.02
2021-01-04,Equity Equal Weight,QCOM,0.02
2021-01-04,Equity Equal Weight,SBUX,0.02
2021-01-04,Equity Equal Weight,SHW,0.02
2021-01-04,Equity Equal Weight,SLB,0.02
2021-01-04,Equity Equal Weight,SO,0.02
2021-01-04,Equity Equal Weight,T,0.02
2021-01-04,Equity Equal Weight,TMUS,0.02
2021-01-04,Equity Equal Weight,TTWO,0.02
2021-01-04,Equity Equal Weight,UPS,0.02
2021-01-04,Equity Equal Weight,USB,0.02
2021-01-04,Equity Equal Weight,V,0.02
2021-01-04,Equity Equal Weight,WFC,0.02
2021-01-04,Equity Equal Weight,WMT,0.02
2021-01-04,Equity Equal Weight,XOM,0.02
2021-02-01,Equity Equal Weight,ABBV,0.02
2021-02-01,Equity Equal Weight,ABT,0.02
2021-02-01,Equity Equal Weight,ADBE,0.02
2021-02-01,Equity Equal Weight,AEP,0.02
2021-02-01,Equity Equal Weight,AMD,0.02
2021-02-01,Equity Equal Weight,AMGN,0.02
2021-02-01,Equity Equal Weight,AMT,0.02
2021-02-01,Equity Equal Weight,BA,0.02
2021-02-01,Equity Equal Weight,CAT,0.02
2021-02-01,Equity Equal Weight,CCI,0.02
2021-02-01,Equity Equal Weight,CMCSA,0.02
2021-02-01,Equity Equal Weight,COP,0.02
2021-02-01,Equity Equal Weight,CVX,0.02
2021-02-01,Equity Equal Weight,D,0.02
2021-02-01,Equity Equal Weight,DD,0.02
2021-02-01,Equity Equal Weight,DIS,0.02
2021-02-01,Equity Equal Weight,DOW,0.02
2021-02-01,Equity Equal Weight,DUK,0.02
2021-02-01,Equity Equal Weight,EA,0.02
2021-02-01,Equity Equal Weight,GE,0.02
2021-02-01,Equity Equal Weight,GILD,0.02
2021-02-01,Equity Equal Weight,GS,0.02
2021-02-01,Equity Equal Weight,INTC,0.02
2021-02-01,Equity Equal Weight,KO,0.02
2021-02-01,Equity Equal Weight,MMM,0.02
2021-02-01,Equity Equal Weight,MRK,0.02
2021-02-01,Equity Equal Weight,MS,0.02
2021-02-01,Equity Equal Weight,NEE,0.02
2021-02-01,Equity Equal Weight,NEM,0.02
2021-02-01,Equity Equal Weight,NKE,0.02
2021-02-01,Equity Equal Weight,NUE,0.02
2021-02-01,Equity Equal Weight,NVDA,0.02
2021-02-01,Equity Equal Weight,O,0.02
2021-02-01,Equity Equal Weight,OXY,0.02
2021-02-01,Equity Equal Weight,PLD,0.02
2021-02-01,Equity Equal Weight,PSA,0.02
2021-02-01,Equity Equal Weight,QCOM,0.02
2021-02-01,Equity Equal Weight,SBUX,0.02
2021-02-01,Equity Equal Weight,SHW,0.02
2021-02-01,Equity Equal Weight,SLB,0.02
2021-02-01,Equity Equal Weight,SO,0.02
2021-02-01,Equity Equal Weight,T,0.02
2021-02-01,Equity Equal Weight,TMUS,0.02
2021-02-01,Equity Equal Weight,TTWO,0.02
2021-02-01,Equity Equal Weight,UPS,0.02
2021-02-01,Equity Equal Weight,USB,0.02
2021-02-01,Equity Equal Weight,V,0.02
2021-02-01,Equity Equal Weight,WFC,0.02
2021-02-01,Equity Equal Weight,WMT,0.02
2021-02-01,Equity Equal Weight,XOM,0.02
2021-03-01,Equity Equal Weight,ABBV,0.02
2021-03-01,Equity Equal Weight,ABT,0.02
2021-03-01,Equity Equal Weight,ADBE,0.02
2021-03-01,Equity Equal Weight,AEP,0.02
2021-03-01,Equity Equal Weight,AMD,0.02
2021-03-01,Equity Equal Weight,AMGN,0.02
2021-03-01,Equity Equal Weight,AMT,0.02
2021-03-01,Equity Equal Weight,BA,0.02
2021-03-01,Equity Equal Weight,CAT,0.02
2021-03-01,Equity Equal Weight,CCI,0.02
2021-03-01,Equity Equal Weight,CMCSA,0.02
2021-03-01,Equity Equal Weight,COP,0.02
2021-03-01,Equity Equal Weight,CVX,0.02
2021-03-01,Equity Equal Weight,D,0.02
2021-03-01,Equity Equal Weight,DD,0.02
2021-03-01,Equity Equal Weight,DIS,0.02
2021-03-01,Equity Equal Weight,DOW,0.02
2021-03-01,Equity Equal Weight,DUK,0.02
2021-03-01,Equity Equal Weight,EA,0.02
2021-03-01,Equity Equal Weight,GE,0.02
2021-03-01,Equity Equal Weight,GILD,0.02
2021-03-01,Equity Equal Weight,GS,0.02
2021-03-01,Equity Equal Weight,INTC,0.02
2021-03-01,Equity Equal Weight,KO,0.02
2021-03-01,Equity Equal Weight,MMM,0.02
2021-03-01,Equity Equal Weight,MRK,0.02
2021-03-01,Equity Equal Weight,MS,0.02
2021-03-01,Equity Equal Weight,NEE,0.02
2021-03-01,Equity Equal Weight,NEM,0.02
2021-03-01,Equity Equal Weight,NKE,0.02
2021-03-01,Equity Equal Weight,NUE,0.02
2021-03-01,Equity Equal Weight,NVDA,0.02
2021-03-01,Equity Equal Weight,O,0.02
2021-03-01,Equity Equal Weight,OXY,0.02
2021-03-01,Equity Equal Weight,PLD,0.02
2021-03-01,Equity Equal Weight,PSA,0.02
2021-03-01,Equity Equal Weight,QCOM,0.02
2021-03-01,Equity Equal Weight,SBUX,0.02
2021-03-01,Equity Equal Weight,SHW,0.02
2021-03-01,Equity Equal Weight,SLB,0.02
2021-03-01,Equity Equal Weight,SO,0.02
2021-03-01,Equity Equal Weight,T,0.02
2021-03-01,Equity Equal Weight,TMUS,0.02
2021-03-01,Equity Equal Weight,TTWO,0.02
2021-03-01,Equity Equal Weight,UPS,0.02
2021-03-01,Equity Equal Weight,USB,0.02
2021-03-01,Equity Equal Weight,V,0.02
2021-03-01,Equity Equal Weight,WFC,0.02
2021-03-01,Equity Equal Weight,WMT,0.02
2021-03-01,Equity Equal Weight,XOM,0.02
2021-04-01,Equity Equal Weight,ABBV,0.02
2021-04-01,Equity Equal Weight,ABT,0.02
2021-04-01,Equity Equal Weight,ADBE,0.02
2021-04-01,Equity Equal Weight,AEP,0.02
2021-04-01,Equity Equal Weight,AMD,0.02
2021-04-01,Equity Equal Weight,AMGN,0.02
2021-04-01,Equity Equal Weight,AMT,0.02
2021-04-01,Equity Equal Weight,BA,0.02
2021-04-01,Equity Equal Weight,CAT,0.02
2021-04-01,Equity Equal Weight,CCI,0.02
2021-04-01,Equity Equal Weight,CMCSA,0.02
2021-04-01,Equity Equal Weight,COP,0.02
2021-04-01,Equity Equal Weight,CVX,0.02
2021-04-01,Equity Equal Weight,D,0.02
2021-04-01,Equity Equal Weight,DD,0.02
2021-04-01,Equity Equal Weight,DIS,0.02
2021-04-01,Equity Equal Weight,DOW,0.02
2021-04-01,Equity Equal Weight,DUK,0.02
2021-04-01,Equity Equal Weight,EA,0.02
2021-04-01,Equity Equal Weight,GE,0.02
2021-04-01,Equity Equal Weight,GILD,0.02
2021-04-01,Equity Equal Weight,GS,0.02
2021-04-01,Equity Equal Weight,INTC,0.02
2021-04-01,Equity Equal Weight,KO,0.02
2021-04-01,Equity Equal Weight,MMM,0.02
2021-04-01,Equity Equal Weight,MRK,0.02
2021-04-01,Equity Equal Weight,MS,0.02
2021-04-01,Equity Equal Weight,NEE,0.02
2021-04-01,Equity Equal Weight,NEM,0.02
2021-04-01,Equity Equal Weight,NKE,0.02
2021-04-01,Equity Equal Weight,NUE,0.02
2021-04-01,Equity Equal Weight,NVDA,0.02
2021-04-01,Equity Equal Weight,O,0.02
2021-04-01,Equity Equal Weight,OXY,0.02
2021-04-01,Equity Equal Weight,PLD,0.02
2021-04-01,Equity Equal Weight,PSA,0.02
2021-04-01,Equity Equal Weight,QCOM,0.02
2021-04-01,Equity Equal Weight,SBUX,0.02
2021-04-01,Equity Equal Weight,SHW,0.02
2021-04-01,Equity Equal Weight,SLB,0.02
2021-04-01,Equity Equal Weight,SO,0.02
2021-04-01,Equity Equal Weight,T,0.02
2021-04-01,Equity Equal Weight,TMUS,0.02
2021-04-01,Equity Equal Weight,TTWO,0.02
2021-04-01,Equity Equal Weight,UPS,0.02
2021-04-01,Equity Equal Weight,USB,0.02
2021-04-01,Equity Equal Weight,V,0.02
2021-04-01,Equity Equal Weight,WFC,0.02
2021-04-01,Equity Equal Weight,WMT,0.02
2021-04-01,Equity Equal Weight,XOM,0.02
2021-05-03,Equity Equal Weight,ABBV,0.02
2021-05-03,Equity Equal Weight,ABT,0.02
2021-05-03,Equity Equal Weight,ADBE,0.02
2021-05-03,Equity Equal Weight,AEP,0.02
2021-05-03,Equity Equal Weight,AMD,0.02
2021-05-03,Equity Equal Weight,AMGN,0.02
2021-05-03,Equity Equal Weight,AMT,0.02
2021-05-03,Equity Equal Weight,BA,0.02
2021-05-03,Equity Equal Weight,CAT,0.02
2021-05-03,Equity Equal Weight,CCI,0.02
2021-05-03,Equity Equal Weight,CMCSA,0.02
2021-05-03,Equity Equal Weight,COP,0.02
2021-05-03,Equity Equal Weight,CVX,0.02
2021-05-03,Equity Equal Weight,D,0.02
2021-05-03,Equity Equal Weight,DD,0.02
2021-05-03,Equity Equal Weight,DIS,0.02
2021-05-03,Equity Equal Weight,DOW,0.02
2021-05-03,Equity Equal Weight,DUK,0.02
2021-05-03,Equity Equal Weight,EA,0.02
2021-05-03,Equity Equal Weight,GE,0.02
2021-05-03,Equity Equal Weight,GILD,0.02
2021-05-03,Equity Equal Weight,GS,0.02
2021-05-03,Equity Equal Weight,INTC,0.02
2021-05-03,Equity Equal Weight,KO,0.02
2021-05-03,Equity Equal Weight,MMM,0.02
2021-05-03,Equity Equal Weight,MRK,0.02
2021-05-03,Equity Equal Weight,MS,0.02
2021-05-03,Equity Equal Weight,NEE,0.02
2021-05-03,Equity Equal Weight,NEM,0.02
2021-05-03,Equity Equal Weight,NKE,0.02
2021-05-03,Equity Equal Weight,NUE,0.02
2021-05-03,Equity Equal Weight,NVDA,0.02
2021-05-03,Equity Equal Weight,O,0.02
2021-05-03,Equity Equal Weight,OXY,0.02
2021-05-03,Equity Equal Weight,PLD,0.02
2021-05-03,Equity Equal Weight,PSA,0.02
2021-05-03,Equity Equal Weight,QCOM,0.02
2021-05-03,Equity Equal Weight,SBUX,0.02
2021-05-03,Equity Equal Weight,SHW,0.02
2021-05-03,Equity Equal Weight,SLB,0.02
2021-05-03,Equity Equal Weight,SO,0.02
2021-05-03,Equity Equal Weight,T,0.02
2021-05-03,Equity Equal Weight,TMUS,0.02
2021-05-03,Equity Equal Weight,TTWO,0.02
2021-05-03,Equity Equal Weight,UPS,0.02
2021-05-03,Equity Equal Weight,USB,0.02
2021-05-03,Equity Equal Weight,V,0.02
2021-05-03,Equity Equal Weight,WFC,0.02
2021-05-03,Equity Equal Weight,WMT,0.02
2021-05-03,Equity Equal Weight,XOM,0.02
2021-06-01,Equity Equal Weight,ABBV,0.02
2021-06-01,Equity Equal Weight,ABT,0.02
2021-06-01,Equity Equal Weight,ADBE,0.02
2021-06-01,Equity Equal Weight,AEP,0.02
2021-06-01,Equity Equal Weight,AMD,0.02
2021-06-01,Equity Equal Weight,AMGN,0.02
2021-06-01,Equity Equal Weight,AMT,0.02
2021-06-01,Equity Equal Weight,BA,0.02
2021-06-01,Equity Equal Weight,CAT,0.02
2021-06-01,Equity Equal Weight,CCI,0.02
2021-06-01,Equity Equal Weight,CMCSA,0.02
2021-06-01,Equity Equal Weight,COP,0.02
2021-06-01,Equity Equal Weight,CVX,0.02
2021-06-01,Equity Equal Weight,D,0.02
2021-06-01,Equity Equal Weight,DD,0.02
2021-06-01,Equity Equal Weight,DIS,0.02
2021-06-01,Equity Equal Weight,DOW,0.02
2021-06-01,Equity Equal Weight,DUK,0.02
2021-06-01,Equity Equal Weight,EA,0.02
2021-06-01,Equity Equal Weight,GE,0.02
2021-06-01,Equity Equal Weight,GILD,0.02
2021-06-01,Equity Equal Weight,GS,0.02
2021-06-01,Equity Equal Weight,INTC,0.02
2021-06-01,Equity Equal Weight,KO,0.02
2021-06-01,Equity Equal Weight,MMM,0.02
2021-06-01,Equity Equal Weight,MRK,0.02
2021-06-01,Equity Equal Weight,MS,0.02
2021-06-01,Equity Equal Weight,NEE,0.02
2021-06-01,Equity Equal Weight,NEM,0.02
2021-06-01,Equity Equal Weight,NKE,0.02
2021-06-01,Equity Equal Weight,NUE,0.02
2021-06-01,Equity Equal Weight,NVDA,0.02
2021-06-01,Equity Equal Weight,O,0.02
2021-06-01,Equity Equal Weight,OXY,0.02
2021-06-01,Equity Equal Weight,PLD,0.02
2021-06-01,Equity Equal Weight,PSA,0.02
2021-06-01,Equity Equal Weight,QCOM,0.02
2021-06-01,Equity Equal Weight,SBUX,0.02
2021-06-01,Equity Equal Weight,SHW,0.02
2021-06-01,Equity Equal Weight,SLB,0.02
2021-06-01,Equity Equal Weight,SO,0.02
2021-06-01,Equity Equal Weight,T,0.02
2021-06-01,Equity Equal Weight,TMUS,0.02
2021-06-01,Equity Equal Weight,TTWO,0.02
2021-06-01,Equity Equal Weight,UPS,0.02
2021-06-01,Equity Equal Weight,USB,0.02
2021-06-01,Equity Equal Weight,V,0.02
2021-06-01,Equity Equal Weight,WFC,0.02
2021-06-01,Equity Equal Weight,WMT,0.02
2021-06-01,Equity Equal Weight,XOM,0.02
2021-07-01,Equity Equal Weight,ABBV,0.02
2021-07-01,Equity Equal Weight,ABT,0.02
2021-07-01,Equity Equal Weight,ADBE,0.02
2021-07-01,Equity Equal Weight,AEP,0.02
2021-07-01,Equity Equal Weight,AMD,0.02
2021-07-01,Equity Equal Weight,AMGN,0.02
2021-07-01,Equity Equal Weight,AMT,0.02
2021-07-01,Equity Equal Weight,BA,0.02
2021-07-01,Equity Equal Weight,CAT,0.02
2021-07-01,Equity Equal Weight,CCI,0.02
2021-07-01,Equity Equal Weight,CMCSA,0.02
2021-07-01,Equity Equal Weight,COP,0.02
2021-07-01,Equity Equal Weight,CVX,0.02
2021-07-01,Equity Equal Weight,D,0.02
2021-07-01,Equity Equal Weight,DD,0.02
2021-07-01,Equity Equal Weight,DIS,0.02
2021-07-01,Equity Equal Weight,DOW,0.02
2021-07-01,Equity Equal Weight,DUK,0.02
2021-07-01,Equity Equal Weight,EA,0.02
2021-07-01,Equity Equal Weight,GE,0.02
2021-07-01,Equity Equal Weight,GILD,0.02
2021-07-01,Equity Equal Weight,GS,0.02
2021-07-01,Equity Equal Weight,INTC,0.02
2021-07-01,Equity Equal Weight,KO,0.02
2021-07-01,Equity Equal Weight,MMM,0.02
2021-07-01,Equity Equal Weight,MRK,0.02
2021-07-01,Equity Equal Weight,MS,0.02
2021-07-01,Equity Equal Weight,NEE,0.02
2021-07-01,Equity Equal Weight,NEM,0.02
2021-07-01,Equity Equal Weight,NKE,0.02
2021-07-01,Equity Equal Weight,NUE,0.02
2021-07-01,Equity Equal Weight,NVDA,0.02
2021-07-01,Equity Equal Weight,O,0.02
2021-07-01,Equity Equal Weight,OXY,0.02
2021-07-01,Equity Equal Weight,PLD,0.02
2021-07-01,Equity Equal Weight,PSA,0.02
2021-07-01,Equity Equal Weight,QCOM,0.02
2021-07-01,Equity Equal Weight,SBUX,0.02
2021-07-01,Equity Equal Weight,SHW,0.02
2021-07-01,Equity Equal Weight,SLB,0.02
2021-07-01,Equity Equal Weight,SO,0.02
2021-07-01,Equity Equal Weight,T,0.02
2021-07-01,Equity Equal Weight,TMUS,0.02
2021-07-01,Equity Equal Weight,TTWO,0.02
2021-07-01,Equity Equal Weight,UPS,0.02
2021-07-01,Equity Equal Weight,USB,0.02
2021-07-01,Equity Equal Weight,V,0.02
2021-07-01,Equity Equal Weight,WFC,0.02
2021-07-01,Equity Equal Weight,WMT,0.02
2021-07-01,Equity Equal Weight,XOM,0.02
2021-08-02,Equity Equal Weight,ABBV,0.02
2021-08-02,Equity Equal Weight,ABT,0.02
2021-08-02,Equity Equal Weight,ADBE,0.02
2021-08-02,Equity Equal Weight,AEP,0.02
2021-08-02,Equity Equal Weight,AMD,0.02
2021-08-02,Equity Equal Weight,AMGN,0.02
2021-08-02,Equity Equal Weight,AMT,0.02
2021-08-02,Equity Equal Weight,BA,0.02
2021-08-02,Equity Equal Weight,CAT,0.02
2021-08-02,Equity Equal Weight,CCI,0.02
2021-08-02,Equity Equal Weight,CMCSA,0.02
2021-08-02,Equity Equal Weight,COP,0.02
2021-08-02,Equity Equal Weight,CVX,0.02
2021-08-02,Equity Equal Weight,D,0.02
2021-08-02,Equity Equal Weight,DD,0.02
2021-08-02,Equity Equal Weight,DIS,0.02
2021-08-02,Equity Equal Weight,DOW,0.02
2021-08-02,Equity Equal Weight,DUK,0.02
2021-08-02,Equity Equal Weight,EA,0.02
2021-08-02,Equity Equal Weight,GE,0.02
2021-08-02,Equity Equal Weight,GILD,0.02
2021-08-02,Equity Equal Weight,GS,0.02
2021-08-02,Equity Equal Weight,INTC,0.02
2021-08-02,Equity Equal Weight,KO,0.02
2021-08-02,Equity Equal Weight,MMM,0.02
2021-08-02,Equity Equal Weight,MRK,0.02
2021-08-02,Equity Equal Weight,MS,0.02
2021-08-02,Equity Equal Weight,NEE,0.02
2021-08-02,Equity Equal Weight,NEM,0.02
2021-08-02,Equity Equal Weight,NKE,0.02
2021-08-02,Equity Equal Weight,NUE,0.02
2021-08-02,Equity Equal Weight,NVDA,0.02
2021-08-02,Equity Equal Weight,O,0.02
2021-08-02,Equity Equal Weight,OXY,0.02
2021-08-02,Equity Equal Weight,PLD,0.02
2021-08-02,Equity Equal Weight,PSA,0.02
2021-08-02,Equity Equal Weight,QCOM,0.02
2021-08-02,Equity Equal Weight,SBUX,0.02
2021-08-02,Equity Equal Weight,SHW,0.02
2021-08-02,Equity Equal Weight,SLB,0.02
2021-08-02,Equity Equal Weight,SO,0.02
2021-08-02,Equity Equal Weight,T,0.02
2021-08-02,Equity Equal Weight,TMUS,0.02
2021-08-02,Equity Equal Weight,TTWO,0.02
2021-08-02,Equity Equal Weight,UPS,0.02
2021-08-02,Equity Equal Weight,USB,0.02
2021-08-02,Equity Equal Weight,V,0.02
2021-08-02,Equity Equal Weight,WFC,0.02
2021-08-02,Equity Equal Weight,WMT,0.02
2021-08-02,Equity Equal Weight,XOM,0.02
2021-09-01,Equity Equal Weight,ABBV,0.02
2021-09-01,Equity Equal Weight,ABT,0.02
2021-09-01,Equity Equal Weight,ADBE,0.02
2021-09-01,Equity Equal Weight,AEP,0.02
2021-09-01,Equity Equal Weight,AMD,0.02
2021-09-01,Equity Equal Weight,AMGN,0.02
2021-09-01,Equity Equal Weight,AMT,0.02
2021-09-01,Equity Equal Weight,BA,0.02
2021-09-01,Equity Equal Weight,CAT,0.02
2021-09-01,Equity Equal Weight,CCI,0.02
2021-09-01,Equity Equal Weight,CMCSA,0.02
2021-09-01,Equity Equal Weight,COP,0.02
2021-09-01,Equity Equal Weight,CVX,0.02
2021-09-01,Equity Equal Weight,D,0.02
2021-09-01,Equity Equal Weight,DD,0.02
2021-09-01,Equity Equal Weight,DIS,0.02
2021-09-01,Equity Equal Weight,DOW,0.02
2021-09-01,Equity Equal Weight,DUK,0.02
2021-09-01,Equity Equal Weight,EA,0.02
2021-09-01,Equity Equal Weight,GE,0.02
2021-09-01,Equity Equal Weight,GILD,0.02
2021-09-01,Equity Equal Weight,GS,0.02
2021-09-01,Equity Equal Weight,INTC,0.02
2021-09-01,Equity Equal Weight,KO,0.02
2021-09-01,Equity Equal Weight,MMM,0.02
2021-09-01,Equity Equal Weight,MRK,0.02
2021-09-01,Equity Equal Weight,MS,0.02
2021-09-01,Equity Equal Weight,NEE,0.02
2021-09-01,Equity Equal Weight,NEM,0.02
2021-09-01,Equity Equal Weight,NKE,0.02
2021-09-01,Equity Equal Weight,NUE,0.02
2021-09-01,Equity Equal Weight,NVDA,0.02
2021-09-01,Equity Equal Weight,O,0.02
2021-09-01,Equity Equal Weight,OXY,0.02
2021-09-01,Equity Equal Weight,PLD,0.02
2021-09-01,Equity Equal Weight,PSA,0.02
2021-09-01,Equity Equal Weight,QCOM,0.02
2021-09-01,Equity Equal Weight,SBUX,0.02
2021-09-01,Equity Equal Weight,SHW,0.02
2021-09-01,Equity Equal Weight,SLB,0.02
2021-09-01,Equity Equal Weight,SO,0.02
2021-09-01,Equity Equal Weight,T,0.02
2021-09-01,Equity Equal Weight,TMUS,0.02
2021-09-01,Equity Equal Weight,TTWO,0.02
2021-09-01,Equity Equal Weight,UPS,0.02
2021-09-01,Equity Equal Weight,USB,0.02
2021-09-01,Equity Equal Weight,V,0.02
2021-09-01,Equity Equal Weight,WFC,0.02
2021-09-01,Equity Equal Weight,WMT,0.02
2021-09-01,Equity Equal Weight,XOM,0.02
2021-10-01,Equity Equal Weight,ABBV,0.02
2021-10-01,Equity Equal Weight,ABT,0.02
2021-10-01,Equity Equal Weight,ADBE,0.02
2021-10-01,Equity Equal Weight,AEP,0.02
2021-10-01,Equity Equal Weight,AMD,0.02
2021-10-01,Equity Equal Weight,AMGN,0.02
2021-10-01,Equity Equal Weight,AMT,0.02
2021-10-01,Equity Equal Weight,BA,0.02
2021-10-01,Equity Equal Weight,CAT,0.02
2021-10-01,Equity Equal Weight,CCI,0.02
2021-10-01,Equity Equal Weight,CMCSA,0.02
2021-10-01,Equity Equal Weight,COP,0.02
2021-10-01,Equity Equal Weight,CVX,0.02
2021-10-01,Equity Equal Weight,D,0.02
2021-10-01,Equity Equal Weight,DD,0.02
2021-10-01,Equity Equal Weight,DIS,0.02
2021-10-01,Equity Equal Weight,DOW,0.02
2021-10-01,Equity Equal Weight,DUK,0.02
2021-10-01,Equity Equal Weight,EA,0.02
2021-10-01,Equity Equal Weight,GE,0.02
2021-10-01,Equity Equal Weight,GILD,0.02
2021-10-01,Equity Equal Weight,GS,0.02
2021-10-01,Equity Equal Weight,INTC,0.02
2021-10-01,Equity Equal Weight,KO,0.02
2021-10-01,Equity Equal Weight,MMM,0.02
2021-10-01,Equity Equal Weight,MRK,0.02
2021-10-01,Equity Equal Weight,MS,0.02
2021-10-01,Equity Equal Weight,NEE,0.02
2021-10-01,Equity Equal Weight,NEM,0.02
2021-10-01,Equity Equal Weight,NKE,0.02
2021-10-01,Equity Equal Weight,NUE,0.02
2021-10-01,Equity Equal Weight,NVDA,0.02
2021-10-01,Equity Equal Weight,O,0.02
2021-10-01,Equity Equal Weight,OXY,0.02
2021-10-01,Equity Equal Weight,PLD,0.02
2021-10-01,Equity Equal Weight,PSA,0.02
2021-10-01,Equity Equal Weight,QCOM,0.02
2021-10-01,Equity Equal Weight,SBUX,0.02
2021-10-01,Equity Equal Weight,SHW,0.02
2021-10-01,Equity Equal Weight,SLB,0.02
2021-10-01,Equity Equal Weight,SO,0.02
2021-10-01,Equity Equal Weight,T,0.02
2021-10-01,Equity Equal Weight,TMUS,0.02
2021-10-01,Equity Equal Weight,TTWO,0.02
2021-10-01,Equity Equal Weight,UPS,0.02
2021-10-01,Equity Equal Weight,USB,0.02
2021-10-01,Equity Equal Weight,V,0.02
2021-10-01,Equity Equal Weight,WFC,0.02
2021-10-01,Equity Equal Weight,WMT,0.02
2021-10-01,Equity Equal Weight,XOM,0.02
2021-11-01,Equity Equal Weight,ABBV,0.02
2021-11-01,Equity Equal Weight,ABT,0.02
2021-11-01,Equity Equal Weight,ADBE,0.02
2021-11-01,Equity Equal Weight,AEP,0.02
2021-11-01,Equity Equal Weight,AMD,0.02
2021-11-01,Equity Equal Weight,AMGN,0.02
2021-11-01,Equity Equal Weight,AMT,0.02
2021-11-01,Equity Equal Weight,BA,0.02
2021-11-01,Equity Equal Weight,CAT,0.02
2021-11-01,Equity Equal Weight,CCI,0.02
2021-11-01,Equity Equal Weight,CMCSA,0.02
2021-11-01,Equity Equal Weight,COP,0.02
2021-11-01,Equity Equal Weight,CVX,0.02
2021-11-01,Equity Equal Weight,D,0.02
2021-11-01,Equity Equal Weight,DD,0.02
2021-11-01,Equity Equal Weight,DIS,0.02
2021-11-01,Equity Equal Weight,DOW,0.02
2021-11-01,Equity Equal Weight,DUK,0.02
2021-11-01,Equity Equal Weight,EA,0.02
2021-11-01,Equity Equal Weight,GE,0.02
2021-11-01,Equity Equal Weight,GILD,0.02
2021-11-01,Equity Equal Weight,GS,0.02
2021-11-01,Equity Equal Weight,INTC,0.02
2021-11-01,Equity Equal Weight,KO,0.02
2021-11-01,Equity Equal Weight,MMM,0.02
2021-11-01,Equity Equal Weight,MRK,0.02
2021-11-01,Equity Equal Weight,MS,0.02
2021-11-01,Equity Equal Weight,NEE,0.02
2021-11-01,Equity Equal Weight,NEM,0.02
2021-11-01,Equity Equal Weight,NKE,0.02
2021-11-01,Equity Equal Weight,NUE,0.02
2021-11-01,Equity Equal Weight,NVDA,0.02
2021-11-01,Equity Equal Weight,O,0.02
2021-11-01,Equity Equal Weight,OXY,0.02
2021-11-01,Equity Equal Weight,PLD,0.02
2021-11-01,Equity Equal Weight,PSA,0.02
2021-11-01,Equity Equal Weight,QCOM,0.02
2021-11-01,Equity Equal Weight,SBUX,0.02
2021-11-01,Equity Equal Weight,SHW,0.02
2021-11-01,Equity Equal Weight,SLB,0.02
2021-11-01,Equity Equal Weight,SO,0.02
2021-11-01,Equity Equal Weight,T,0.02
2021-11-01,Equity Equal Weight,TMUS,0.02
2021-11-01,Equity Equal Weight,TTWO,0.02
2021-11-01,Equity Equal Weight,UPS,0.02
2021-11-01,Equity Equal Weight,USB,0.02
2021-11-01,Equity Equal Weight,V,0.02
2021-11-01,Equity Equal Weight,WFC,0.02
2021-11-01,Equity Equal Weight,WMT,0.02
2021-11-01,Equity Equal Weight,XOM,0.02
2021-12-01,Equity Equal Weight,ABBV,0.02
2021-12-01,Equity Equal Weight,ABT,0.02
2021-12-01,Equity Equal Weight,ADBE,0.02
2021-12-01,Equity Equal Weight,AEP,0.02
2021-12-01,Equity Equal Weight,AMD,0.02
2021-12-01,Equity Equal Weight,AMGN,0.02
2021-12-01,Equity Equal Weight,AMT,0.02
2021-12-01,Equity Equal Weight,BA,0.02
2021-12-01,Equity Equal Weight,CAT,0.02
2021-12-01,Equity Equal Weight,CCI,0.02
2021-12-01,Equity Equal Weight,CMCSA,0.02
2021-12-01,Equity Equal Weight,COP,0.02
2021-12-01,Equity Equal Weight,CVX,0.02
2021-12-01,Equity Equal Weight,D,0.02
2021-12-01,Equity Equal Weight,DD,0.02
2021-12-01,Equity Equal Weight,DIS,0.02
2021-12-01,Equity Equal Weight,DOW,0.02
2021-12-01,Equity Equal Weight,DUK,0.02
2021-12-01,Equity Equal Weight,EA,0.02
2021-12-01,Equity Equal Weight,GE,0.02
2021-12-01,Equity Equal Weight,GILD,0.02
2021-12-01,Equity Equal Weight,GS,0.02
2021-12-01,Equity Equal Weight,INTC,0.02
2021-12-01,Equity Equal Weight,KO,0.02
2021-12-01,Equity Equal Weight,MMM,0.02
2021-12-01,Equity Equal Weight,MRK,0.02
2021-12-01,Equity Equal Weight,MS,0.02
2021-12-01,Equity Equal Weight,NEE,0.02
2021-12-01,Equity Equal Weight,NEM,0.02
2021-12-01,Equity Equal Weight,NKE,0.02
2021-12-01,Equity Equal Weight,NUE,0.02
2021-12-01,Equity Equal Weight,NVDA,0.02
2021-12-01,Equity Equal Weight,O,0.02
2021-12-01,Equity Equal Weight,OXY,0.02
2021-12-01,Equity Equal Weight,PLD,0.02
2021-12-01,Equity Equal Weight,PSA,0.02
2021-12-01,Equity Equal Weight,QCOM,0.02
2021-12-01,Equity Equal Weight,SBUX,0.02
2021-12-01,Equity Equal Weight,SHW,0.02
2021-12-01,Equity Equal Weight,SLB,0.02
2021-12-01,Equity Equal Weight,SO,0.02
2021-12-01,Equity Equal Weight,T,0.02
2021-12-01,Equity Equal Weight,TMUS,0.02
2021-12-01,Equity Equal Weight,TTWO,0.02
2021-12-01,Equity Equal Weight,UPS,0.02
2021-12-01,Equity Equal Weight,USB,0.02
2021-12-01,Equity Equal Weight,V,0.02
2021-12-01,Equity Equal Weight,WFC,0.02
2021-12-01,Equity Equal Weight,WMT,0.02
2021-12-01,Equity Equal Weight,XOM,0.02
2022-01-03,Equity Equal Weight,ABBV,0.02
2022-01-03,Equity Equal Weight,ABT,0.02
2022-01-03,Equity Equal Weight,ADBE,0.02
2022-01-03,Equity Equal Weight,AEP,0.02
2022-01-03,Equity Equal Weight,AMD,0.02
2022-01-03,Equity Equal Weight,AMGN,0.02
2022-01-03,Equity Equal Weight,AMT,0.02
2022-01-03,Equity Equal Weight,BA,0.02
2022-01-03,Equity Equal Weight,CAT,0.02
2022-01-03,Equity Equal Weight,CCI,0.02
2022-01-03,Equity Equal Weight,CMCSA,0.02
2022-01-03,Equity Equal Weight,COP,0.02
2022-01-03,Equity Equal Weight,CVX,0.02
2022-01-03,Equity Equal Weight,D,0.02
2022-01-03,Equity Equal Weight,DD,0.02
2022-01-03,Equity Equal Weight,DIS,0.02
2022-01-03,Equity Equal Weight,DOW,0.02
2022-01-03,Equity Equal Weight,DUK,0.02
2022-01-03,Equity Equal Weight,EA,0.02
2022-01-03,Equity Equal Weight,GE,0.02
2022-01-03,Equity Equal Weight,GILD,0.02
2022-01-03,Equity Equal Weight,GS,0.02
2022-01-03,Equity Equal Weight,INTC,0.02
2022-01-03,Equity Equal Weight,KO,0.02
2022-01-03,Equity Equal Weight,MMM,0.02
2022-01-03,Equity Equal Weight,MRK,0.02
2022-01-03,Equity Equal Weight,MS,0.02
2022-01-03,Equity Equal Weight,NEE,0.02
2022-01-03,Equity Equal Weight,NEM,0.02
2022-01-03,Equity Equal Weight,NKE,0.02
2022-01-03,Equity Equal Weight,NUE,0.02
2022-01-03,Equity Equal Weight,NVDA,0.02
2022-01-03,Equity Equal Weight,O,0.02
2022-01-03,Equity Equal Weight,OXY,0.02
2022-01-03,Equity Equal Weight,PLD,0.02
2022-01-03,Equity Equal Weight,PSA,0.02
2022-01-03,Equity Equal Weight,QCOM,0.02
2022-01-03,Equity Equal Weight,SBUX,0.02
2022-01-03,Equity Equal Weight,SHW,0.02
2022-01-03,Equity Equal Weight,SLB,0.02
2022-01-03,Equity Equal Weight,SO,0.02
2022-01-03,Equity Equal Weight,T,0.02
2022-01-03,Equity Equal Weight,TMUS,0.02
2022-01-03,Equity Equal Weight,TTWO,0.02
2022-01-03,Equity Equal Weight,UPS,0.02
2022-01-03,Equity Equal Weight,USB,0.02
2022-01-03,Equity Equal Weight,V,0.02
2022-01-03,Equity Equal Weight,WFC,0.02
2022-01-03,Equity Equal Weight,WMT,0.02
2022-01-03,Equity Equal Weight,XOM,0.02
2022-02-01,Equity Equal Weight,ABBV,0.02
2022-02-01,Equity Equal Weight,ABT,0.02
2022-02-01,Equity Equal Weight,ADBE,0.02
2022-02-01,Equity Equal Weight,AEP,0.02
2022-02-01,Equity Equal Weight,AMD,0.02
2022-02-01,Equity Equal Weight,AMGN,0.02
2022-02-01,Equity Equal Weight,AMT,0.02
2022-02-01,Equity Equal Weight,BA,0.02
2022-02-01,Equity Equal Weight,CAT,0.02
2022-02-01,Equity Equal Weight,CCI,0.02
2022-02-01,Equity Equal Weight,CMCSA,0.02
2022-02-01,Equity Equal Weight,COP,0.02
2022-02-01,Equity Equal Weight,CVX,0.02
2022-02-01,Equity Equal Weight,D,0.02
2022-02-01,Equity Equal Weight,DD,0.02
2022-02-01,Equity Equal Weight,DIS,0.02
2022-02-01,Equity Equal Weight,DOW,0.02
2022-02-01,Equity Equal Weight,DUK,0.02
2022-02-01,Equity Equal Weight,EA,0.02
2022-02-01,Equity Equal Weight,GE,0.02
2022-02-01,Equity Equal Weight,GILD,0.02
2022-02-01,Equity Equal Weight,GS,0.02
2022-02-01,Equity Equal Weight,INTC,0.02
2022-02-01,Equity Equal Weight,KO,0.02
2022-02-01,Equity Equal Weight,MMM,0.02
2022-02-01,Equity Equal Weight,MRK,0.02
2022-02-01,Equity Equal Weight,MS,0.02
2022-02-01,Equity Equal Weight,NEE,0.02
2022-02-01,Equity Equal Weight,NEM,0.02
2022-02-01,Equity Equal Weight,NKE,0.02
2022-02-01,Equity Equal Weight,NUE,0.02
2022-02-01,Equity Equal Weight,NVDA,0.02
2022-02-01,Equity Equal Weight,O,0.02
2022-02-01,Equity Equal Weight,OXY,0.02
2022-02-01,Equity Equal Weight,PLD,0.02
2022-02-01,Equity Equal Weight,PSA,0.02
2022-02-01,Equity Equal Weight,QCOM,0.02
2022-02-01,Equity Equal Weight,SBUX,0.02
2022-02-01,Equity Equal Weight,SHW,0.02
2022-02-01,Equity Equal Weight,SLB,0.02
2022-02-01,Equity Equal Weight,SO,0.02
2022-02-01,Equity Equal Weight,T,0.02
2022-02-01,Equity Equal Weight,TMUS,0.02
2022-02-01,Equity Equal Weight,TTWO,0.02
2022-02-01,Equity Equal Weight,UPS,0.02
2022-02-01,Equity Equal Weight,USB,0.02
2022-02-01,Equity Equal Weight,V,0.02
2022-02-01,Equity Equal Weight,WFC,0.02
2022-02-01,Equity Equal Weight,WMT,0.02
2022-02-01,Equity Equal Weight,XOM,0.02
2022-03-01,Equity Equal Weight,ABBV,0.02
2022-03-01,Equity Equal Weight,ABT,0.02
2022-03-01,Equity Equal Weight,ADBE,0.02
2022-03-01,Equity Equal Weight,AEP,0.02
2022-03-01,Equity Equal Weight,AMD,0.02
2022-03-01,Equity Equal Weight,AMGN,0.02
2022-03-01,Equity Equal Weight,AMT,0.02
2022-03-01,Equity Equal Weight,BA,0.02
2022-03-01,Equity Equal Weight,CAT,0.02
2022-03-01,Equity Equal Weight,CCI,0.02
2022-03-01,Equity Equal Weight,CMCSA,0.02
2022-03-01,Equity Equal Weight,COP,0.02
2022-03-01,Equity Equal Weight,CVX,0.02
2022-03-01,Equity Equal Weight,D,0.02
2022-03-01,Equity Equal Weight,DD,0.02
2022-03-01,Equity Equal Weight,DIS,0.02
2022-03-01,Equity Equal Weight,DOW,0.02
2022-03-01,Equity Equal Weight,DUK,0.02
2022-03-01,Equity Equal Weight,EA,0.02
2022-03-01,Equity Equal Weight,GE,0.02
2022-03-01,Equity Equal Weight,GILD,0.02
2022-03-01,Equity Equal Weight,GS,0.02
2022-03-01,Equity Equal Weight,INTC,0.02
2022-03-01,Equity Equal Weight,KO,0.02
2022-03-01,Equity Equal Weight,MMM,0.02
2022-03-01,Equity Equal Weight,MRK,0.02
2022-03-01,Equity Equal Weight,MS,0.02
2022-03-01,Equity Equal Weight,NEE,0.02
2022-03-01,Equity Equal Weight,NEM,0.02
2022-03-01,Equity Equal Weight,NKE,0.02
2022-03-01,Equity Equal Weight,NUE,0.02
2022-03-01,Equity Equal Weight,NVDA,0.02
2022-03-01,Equity Equal Weight,O,0.02
2022-03-01,Equity Equal Weight,OXY,0.02
2022-03-01,Equity Equal Weight,PLD,0.02
2022-03-01,Equity Equal Weight,PSA,0.02
2022-03-01,Equity Equal Weight,QCOM,0.02
2022-03-01,Equity Equal Weight,SBUX,0.02
2022-03-01,Equity Equal Weight,SHW,0.02
2022-03-01,Equity Equal Weight,SLB,0.02
2022-03-01,Equity Equal Weight,SO,0.02
2022-03-01,Equity Equal Weight,T,0.02
2022-03-01,Equity Equal Weight,TMUS,0.02
2022-03-01,Equity Equal Weight,TTWO,0.02
2022-03-01,Equity Equal Weight,UPS,0.02
2022-03-01,Equity Equal Weight,USB,0.02
2022-03-01,Equity Equal Weight,V,0.02
2022-03-01,Equity Equal Weight,WFC,0.02
2022-03-01,Equity Equal Weight,WMT,0.02
2022-03-01,Equity Equal Weight,XOM,0.02
2022-04-01,Equity Equal Weight,ABBV,0.02
2022-04-01,Equity Equal Weight,ABT,0.02
2022-04-01,Equity Equal Weight,ADBE,0.02
2022-04-01,Equity Equal Weight,AEP,0.02
2022-04-01,Equity Equal Weight,AMD,0.02
2022-04-01,Equity Equal Weight,AMGN,0.02
2022-04-01,Equity Equal Weight,AMT,0.02
2022-04-01,Equity Equal Weight,BA,0.02
2022-04-01,Equity Equal Weight,CAT,0.02
2022-04-01,Equity Equal Weight,CCI,0.02
2022-04-01,Equity Equal Weight,CMCSA,0.02
2022-04-01,Equity Equal Weight,COP,0.02
2022-04-01,Equity Equal Weight,CVX,0.02
2022-04-01,Equity Equal Weight,D,0.02
2022-04-01,Equity Equal Weight,DD,0.02
2022-04-01,Equity Equal Weight,DIS,0.02
2022-04-01,Equity Equal Weight,DOW,0.02
2022-04-01,Equity Equal Weight,DUK,0.02
2022-04-01,Equity Equal Weight,EA,0.02
2022-04-01,Equity Equal Weight,GE,0.02
2022-04-01,Equity Equal Weight,GILD,0.02
2022-04-01,Equity Equal Weight,GS,0.02
2022-04-01,Equity Equal Weight,INTC,0.02
2022-04-01,Equity Equal Weight,KO,0.02
2022-04-01,Equity Equal Weight,MMM,0.02
2022-04-01,Equity Equal Weight,MRK,0.02
2022-04-01,Equity Equal Weight,MS,0.02
2022-04-01,Equity Equal Weight,NEE,0.02
2022-04-01,Equity Equal Weight,NEM,0.02
2022-04-01,Equity Equal Weight,NKE,0.02
2022-04-01,Equity Equal Weight,NUE,0.02
2022-04-01,Equity Equal Weight,NVDA,0.02
2022-04-01,Equity Equal Weight,O,0.02
2022-04-01,Equity Equal Weight,OXY,0.02
2022-04-01,Equity Equal Weight,PLD,0.02
2022-04-01,Equity Equal Weight,PSA,0.02
2022-04-01,Equity Equal Weight,QCOM,0.02
2022-04-01,Equity Equal Weight,SBUX,0.02
2022-04-01,Equity Equal Weight,SHW,0.02
2022-04-01,Equity Equal Weight,SLB,0.02
2022-04-01,Equity Equal Weight,SO,0.02
2022-04-01,Equity Equal Weight,T,0.02
2022-04-01,Equity Equal Weight,TMUS,0.02
2022-04-01,Equity Equal Weight,TTWO,0.02
2022-04-01,Equity Equal Weight,UPS,0.02
2022-04-01,Equity Equal Weight,USB,0.02
2022-04-01,Equity Equal Weight,V,0.02
2022-04-01,Equity Equal Weight,WFC,0.02
2022-04-01,Equity Equal Weight,WMT,0.02
2022-04-01,Equity Equal Weight,XOM,0.02
2022-05-02,Equity Equal Weight,ABBV,0.02
2022-05-02,Equity Equal Weight,ABT,0.02
2022-05-02,Equity Equal Weight,ADBE,0.02
2022-05-02,Equity Equal Weight,AEP,0.02
2022-05-02,Equity Equal Weight,AMD,0.02
2022-05-02,Equity Equal Weight,AMGN,0.02
2022-05-02,Equity Equal Weight,AMT,0.02
2022-05-02,Equity Equal Weight,BA,0.02
2022-05-02,Equity Equal Weight,CAT,0.02
2022-05-02,Equity Equal Weight,CCI,0.02
2022-05-02,Equity Equal Weight,CMCSA,0.02
2022-05-02,Equity Equal Weight,COP,0.02
2022-05-02,Equity Equal Weight,CVX,0.02
2022-05-02,Equity Equal Weight,D,0.02
2022-05-02,Equity Equal Weight,DD,0.02
2022-05-02,Equity Equal Weight,DIS,0.02
2022-05-02,Equity Equal Weight,DOW,0.02
2022-05-02,Equity Equal Weight,DUK,0.02
2022-05-02,Equity Equal Weight,EA,0.02
2022-05-02,Equity Equal Weight,GE,0.02
2022-05-02,Equity Equal Weight,GILD,0.02
2022-05-02,Equity Equal Weight,GS,0.02
2022-05-02,Equity Equal Weight,INTC,0.02
2022-05-02,Equity Equal Weight,KO,0.02
2022-05-02,Equity Equal Weight,MMM,0.02
2022-05-02,Equity Equal Weight,MRK,0.02
2022-05-02,Equity Equal Weight,MS,0.02
2022-05-02,Equity Equal Weight,NEE,0.02
2022-05-02,Equity Equal Weight,NEM,0.02
2022-05-02,Equity Equal Weight,NKE,0.02
2022-05-02,Equity Equal Weight,NUE,0.02
2022-05-02,Equity Equal Weight,NVDA,0.02
2022-05-02,Equity Equal Weight,O,0.02
2022-05-02,Equity Equal Weight,OXY,0.02
2022-05-02,Equity Equal Weight,PLD,0.02
2022-05-02,Equity Equal Weight,PSA,0.02
2022-05-02,Equity Equal Weight,QCOM,0.02
2022-05-02,Equity Equal Weight,SBUX,0.02
2022-05-02,Equity Equal Weight,SHW,0.02
2022-05-02,Equity Equal Weight,SLB,0.02
2022-05-02,Equity Equal Weight,SO,0.02
2022-05-02,Equity Equal Weight,T,0.02
2022-05-02,Equity Equal Weight,TMUS,0.02
2022-05-02,Equity Equal Weight,TTWO,0.02
2022-05-02,Equity Equal Weight,UPS,0.02
2022-05-02,Equity Equal Weight,USB,0.02
2022-05-02,Equity Equal Weight,V,0.02
2022-05-02,Equity Equal Weight,WFC,0.02
2022-05-02,Equity Equal Weight,WMT,0.02
2022-05-02,Equity Equal Weight,XOM,0.02
2022-06-01,Equity Equal Weight,ABBV,0.02
2022-06-01,Equity Equal Weight,ABT,0.02
2022-06-01,Equity Equal Weight,ADBE,0.02
2022-06-01,Equity Equal Weight,AEP,0.02
2022-06-01,Equity Equal Weight,AMD,0.02
2022-06-01,Equity Equal Weight,AMGN,0.02
2022-06-01,Equity Equal Weight,AMT,0.02
2022-06-01,Equity Equal Weight,BA,0.02
2022-06-01,Equity Equal Weight,CAT,0.02
2022-06-01,Equity Equal Weight,CCI,0.02
2022-06-01,Equity Equal Weight,CMCSA,0.02
2022-06-01,Equity Equal Weight,COP,0.02
2022-06-01,Equity Equal Weight,CVX,0.02
2022-06-01,Equity Equal Weight,D,0.02
2022-06-01,Equity Equal Weight,DD,0.02
2022-06-01,Equity Equal Weight,DIS,0.02
2022-06-01,Equity Equal Weight,DOW,0.02
2022-06-01,Equity Equal Weight,DUK,0.02
2022-06-01,Equity Equal Weight,EA,0.02
2022-06-01,Equity Equal Weight,GE,0.02
2022-06-01,Equity Equal Weight,GILD,0.02
2022-06-01,Equity Equal Weight,GS,0.02
2022-06-01,Equity Equal Weight,INTC,0.02
2022-06-01,Equity Equal Weight,KO,0.02
2022-06-01,Equity Equal Weight,MMM,0.02
2022-06-01,Equity Equal Weight,MRK,0.02
2022-06-01,Equity Equal Weight,MS,0.02
2022-06-01,Equity Equal Weight,NEE,0.02
2022-06-01,Equity Equal Weight,NEM,0.02
2022-06-01,Equity Equal Weight,NKE,0.02
2022-06-01,Equity Equal Weight,NUE,0.02
2022-06-01,Equity Equal Weight,NVDA,0.02
2022-06-01,Equity Equal Weight,O,0.02
2022-06-01,Equity Equal Weight,OXY,0.02
2022-06-01,Equity Equal Weight,PLD,0.02
2022-06-01,Equity Equal Weight,PSA,0.02
2022-06-01,Equity Equal Weight,QCOM,0.02
2022-06-01,Equity Equal Weight,SBUX,0.02
2022-06-01,Equity Equal Weight,SHW,0.02
2022-06-01,Equity Equal Weight,SLB,0.02
2022-06-01,Equity Equal Weight,SO,0.02
2022-06-01,Equity Equal Weight,T,0.02
2022-06-01,Equity Equal Weight,TMUS,0.02
2022-06-01,Equity Equal Weight,TTWO,0.02
2022-06-01,Equity Equal Weight,UPS,0.02
2022-06-01,Equity Equal Weight,USB,0.02
2022-06-01,Equity Equal Weight,V,0.02
2022-06-01,Equity Equal Weight,WFC,0.02
2022-06-01,Equity Equal Weight,WMT,0.02
2022-06-01,Equity Equal Weight,XOM,0.02
2022-07-01,Equity Equal Weight,ABBV,0.02
2022-07-01,Equity Equal Weight,ABT,0.02
2022-07-01,Equity Equal Weight,ADBE,0.02
2022-07-01,Equity Equal Weight,AEP,0.02
2022-07-01,Equity Equal Weight,AMD,0.02
2022-07-01,Equity Equal Weight,AMGN,0.02
2022-07-01,Equity Equal Weight,AMT,0.02
2022-07-01,Equity Equal Weight,BA,0.02
2022-07-01,Equity Equal Weight,CAT,0.02
2022-07-01,Equity Equal Weight,CCI,0.02
2022-07-01,Equity Equal Weight,CMCSA,0.02
2022-07-01,Equity Equal Weight,COP,0.02
2022-07-01,Equity Equal Weight,CVX,0.02
2022-07-01,Equity Equal Weight,D,0.02
2022-07-01,Equity Equal Weight,DD,0.02
2022-07-01,Equity Equal Weight,DIS,0.02
2022-07-01,Equity Equal Weight,DOW,0.02
2022-07-01,Equity Equal Weight,DUK,0.02
2022-07-01,Equity Equal Weight,EA,0.02
2022-07-01,Equity Equal Weight,GE,0.02
2022-07-01,Equity Equal Weight,GILD,0.02
2022-07-01,Equity Equal Weight,GS,0.02
2022-07-01,Equity Equal Weight,INTC,0.02
2022-07-01,Equity Equal Weight,KO,0.02
2022-07-01,Equity Equal Weight,MMM,0.02
2022-07-01,Equity Equal Weight,MRK,0.02
2022-07-01,Equity Equal Weight,MS,0.02
2022-07-01,Equity Equal Weight,NEE,0.02
2022-07-01,Equity Equal Weight,NEM,0.02
2022-07-01,Equity Equal Weight,NKE,0.02
2022-07-01,Equity Equal Weight,NUE,0.02
2022-07-01,Equity Equal Weight,NVDA,0.02
2022-07-01,Equity Equal Weight,O,0.02
2022-07-01,Equity Equal Weight,OXY,0.02
2022-07-01,Equity Equal Weight,PLD,0.02
2022-07-01,Equity Equal Weight,PSA,0.02
2022-07-01,Equity Equal Weight,QCOM,0.02
2022-07-01,Equity Equal Weight,SBUX,0.02
2022-07-01,Equity Equal Weight,SHW,0.02
2022-07-01,Equity Equal Weight,SLB,0.02
2022-07-01,Equity Equal Weight,SO,0.02
2022-07-01,Equity Equal Weight,T,0.02
2022-07-01,Equity Equal Weight,TMUS,0.02
2022-07-01,Equity Equal Weight,TTWO,0.02
2022-07-01,Equity Equal Weight,UPS,0.02
2022-07-01,Equity Equal Weight,USB,0.02
2022-07-01,Equity Equal Weight,V,0.02
2022-07-01,Equity Equal Weight,WFC,0.02
2022-07-01,Equity Equal Weight,WMT,0.02
2022-07-01,Equity Equal Weight,XOM,0.02
2022-08-01,Equity Equal Weight,ABBV,0.02
2022-08-01,Equity Equal Weight,ABT,0.02
2022-08-01,Equity Equal Weight,ADBE,0.02
2022-08-01,Equity Equal Weight,AEP,0.02
2022-08-01,Equity Equal Weight,AMD,0.02
2022-08-01,Equity Equal Weight,AMGN,0.02
2022-08-01,Equity Equal Weight,AMT,0.02
2022-08-01,Equity Equal Weight,BA,0.02
2022-08-01,Equity Equal Weight,CAT,0.02
2022-08-01,Equity Equal Weight,CCI,0.02
2022-08-01,Equity Equal Weight,CMCSA,0.02
2022-08-01,Equity Equal Weight,COP,0.02
2022-08-01,Equity Equal Weight,CVX,0.02
2022-08-01,Equity Equal Weight,D,0.02
2022-08-01,Equity Equal Weight,DD,0.02
2022-08-01,Equity Equal Weight,DIS,0.02
2022-08-01,Equity Equal Weight,DOW,0.02
2022-08-01,Equity Equal Weight,DUK,0.02
2022-08-01,Equity Equal Weight,EA,0.02
2022-08-01,Equity Equal Weight,GE,0.02
2022-08-01,Equity Equal Weight,GILD,0.02
2022-08-01,Equity Equal Weight,GS,0.02
2022-08-01,Equity Equal Weight,INTC,0.02
2022-08-01,Equity Equal Weight,KO,0.02
2022-08-01,Equity Equal Weight,MMM,0.02
2022-08-01,Equity Equal Weight,MRK,0.02
2022-08-01,Equity Equal Weight,MS,0.02
2022-08-01,Equity Equal Weight,NEE,0.02
2022-08-01,Equity Equal Weight,NEM,0.02
2022-08-01,Equity Equal Weight,NKE,0.02
2022-08-01,Equity Equal Weight,NUE,0.02
2022-08-01,Equity Equal Weight,NVDA,0.02
2022-08-01,Equity Equal Weight,O,0.02
2022-08-01,Equity Equal Weight,OXY,0.02
2022-08-01,Equity Equal Weight,PLD,0.02
2022-08-01,Equity Equal Weight,PSA,0.02
2022-08-01,Equity Equal Weight,QCOM,0.02
2022-08-01,Equity Equal Weight,SBUX,0.02
2022-08-01,Equity Equal Weight,SHW,0.02
2022-08-01,Equity Equal Weight,SLB,0.02
2022-08-01,Equity Equal Weight,SO,0.02
2022-08-01,Equity Equal Weight,T,0.02
2022-08-01,Equity Equal Weight,TMUS,0.02
2022-08-01,Equity Equal Weight,TTWO,0.02
2022-08-01,Equity Equal Weight,UPS,0.02
2022-08-01,Equity Equal Weight,USB,0.02
2022-08-01,Equity Equal Weight,V,0.02
2022-08-01,Equity Equal Weight,WFC,0.02
2022-08-01,Equity Equal Weight,WMT,0.02
2022-08-01,Equity Equal Weight,XOM,0.02
2022-09-01,Equity Equal Weight,ABBV,0.02
2022-09-01,Equity Equal Weight,ABT,0.02
2022-09-01,Equity Equal Weight,ADBE,0.02
2022-09-01,Equity Equal Weight,AEP,0.02
2022-09-01,Equity Equal Weight,AMD,0.02
2022-09-01,Equity Equal Weight,AMGN,0.02
2022-09-01,Equity Equal Weight,AMT,0.02
2022-09-01,Equity Equal Weight,BA,0.02
2022-09-01,Equity Equal Weight,CAT,0.02
2022-09-01,Equity Equal Weight,CCI,0.02
2022-09-01,Equity Equal Weight,CMCSA,0.02
2022-09-01,Equity Equal Weight,COP,0.02
2022-09-01,Equity Equal Weight,CVX,0.02
2022-09-01,Equity Equal Weight,D,0.02
2022-09-01,Equity Equal Weight,DD,0.02
2022-09-01,Equity Equal Weight,DIS,0.02
2022-09-01,Equity Equal Weight,DOW,0.02
2022-09-01,Equity Equal Weight,DUK,0.02
2022-09-01,Equity Equal Weight,EA,0.02
2022-09-01,Equity Equal Weight,GE,0.02
2022-09-01,Equity Equal Weight,GILD,0.02
2022-09-01,Equity Equal Weight,GS,0.02
2022-09-01,Equity Equal Weight,INTC,0.02
2022-09-01,Equity Equal Weight,KO,0.02
2022-09-01,Equity Equal Weight,MMM,0.02
2022-09-01,Equity Equal Weight,MRK,0.02
2022-09-01,Equity Equal Weight,MS,0.02
2022-09-01,Equity Equal Weight,NEE,0.02
2022-09-01,Equity Equal Weight,NEM,0.02
2022-09-01,Equity Equal Weight,NKE,0.02
2022-09-01,Equity Equal Weight,NUE,0.02
2022-09-01,Equity Equal Weight,NVDA,0.02
2022-09-01,Equity Equal Weight,O,0.02
2022-09-01,Equity Equal Weight,OXY,0.02
2022-09-01,Equity Equal Weight,PLD,0.02
2022-09-01,Equity Equal Weight,PSA,0.02
2022-09-01,Equity Equal Weight,QCOM,0.02
2022-09-01,Equity Equal Weight,SBUX,0.02
2022-09-01,Equity Equal Weight,SHW,0.02
2022-09-01,Equity Equal Weight,SLB,0.02
2022-09-01,Equity Equal Weight,SO,0.02
2022-09-01,Equity Equal Weight,T,0.02
2022-09-01,Equity Equal Weight,TMUS,0.02
2022-09-01,Equity Equal Weight,TTWO,0.02
2022-09-01,Equity Equal Weight,UPS,0.02
2022-09-01,Equity Equal Weight,USB,0.02
2022-09-01,Equity Equal Weight,V,0.02
2022-09-01,Equity Equal Weight,WFC,0.02
2022-09-01,Equity Equal Weight,WMT,0.02
2022-09-01,Equity Equal Weight,XOM,0.02
2022-10-03,Equity Equal Weight,ABBV,0.02
2022-10-03,Equity Equal Weight,ABT,0.02
2022-10-03,Equity Equal Weight,ADBE,0.02
2022-10-03,Equity Equal Weight,AEP,0.02
2022-10-03,Equity Equal Weight,AMD,0.02
2022-10-03,Equity Equal Weight,AMGN,0.02
2022-10-03,Equity Equal Weight,AMT,0.02
2022-10-03,Equity Equal Weight,BA,0.02
2022-10-03,Equity Equal Weight,CAT,0.02
2022-10-03,Equity Equal Weight,CCI,0.02
2022-10-03,Equity Equal Weight,CMCSA,0.02
2022-10-03,Equity Equal Weight,COP,0.02
2022-10-03,Equity Equal Weight,CVX,0.02
2022-10-03,Equity Equal Weight,D,0.02
2022-10-03,Equity Equal Weight,DD,0.02
2022-10-03,Equity Equal Weight,DIS,0.02
2022-10-03,Equity Equal Weight,DOW,0.02
2022-10-03,Equity Equal Weight,DUK,0.02
2022-10-03,Equity Equal Weight,EA,0.02
2022-10-03,Equity Equal Weight,GE,0.02
2022-10-03,Equity Equal Weight,GILD,0.02
2022-10-03,Equity Equal Weight,GS,0.02
2022-10-03,Equity Equal Weight,INTC,0.02
2022-10-03,Equity Equal Weight,KO,0.02
2022-10-03,Equity Equal Weight,MMM,0.02
2022-10-03,Equity Equal Weight,MRK,0.02
2022-10-03,Equity Equal Weight,MS,0.02
2022-10-03,Equity Equal Weight,NEE,0.02
2022-10-03,Equity Equal Weight,NEM,0.02
2022-10-03,Equity Equal Weight,NKE,0.02
2022-10-03,Equity Equal Weight,NUE,0.02
2022-10-03,Equity Equal Weight,NVDA,0.02
2022-10-03,Equity Equal Weight,O,0.02
2022-10-03,Equity Equal Weight,OXY,0.02
2022-10-03,Equity Equal Weight,PLD,0.02
2022-10-03,Equity Equal Weight,PSA,0.02
2022-10-03,Equity Equal Weight,QCOM,0.02
2022-10-03,Equity Equal Weight,SBUX,0.02
2022-10-03,Equity Equal Weight,SHW,0.02
2022-10-03,Equity Equal Weight,SLB,0.02
2022-10-03,Equity Equal Weight,SO,0.02
2022-10-03,Equity Equal Weight,T,0.02
2022-10-03,Equity Equal Weight,TMUS,0.02
2022-10-03,Equity Equal Weight,TTWO,0.02
2022-10-03,Equity Equal Weight,UPS,0.02
2022-10-03,Equity Equal Weight,USB,0.02
2022-10-03,Equity Equal Weight,V,0.02
2022-10-03,Equity Equal Weight,WFC,0.02
2022-10-03,Equity Equal Weight,WMT,0.02
2022-10-03,Equity Equal Weight,XOM,0.02
2022-11-01,Equity Equal Weight,ABBV,0.02
2022-11-01,Equity Equal Weight,ABT,0.02
2022-11-01,Equity Equal Weight,ADBE,0.02
2022-11-01,Equity Equal Weight,AEP,0.02
2022-11-01,Equity Equal Weight,AMD,0.02
2022-11-01,Equity Equal Weight,AMGN,0.02
2022-11-01,Equity Equal Weight,AMT,0.02
2022-11-01,Equity Equal Weight,BA,0.02
2022-11-01,Equity Equal Weight,CAT,0.02
2022-11-01,Equity Equal Weight,CCI,0.02
2022-11-01,Equity Equal Weight,CMCSA,0.02
2022-11-01,Equity Equal Weight,COP,0.02
2022-11-01,Equity Equal Weight,CVX,0.02
2022-11-01,Equity Equal Weight,D,0.02
2022-11-01,Equity Equal Weight,DD,0.02
2022-11-01,Equity Equal Weight,DIS,0.02
2022-11-01,Equity Equal Weight,DOW,0.02
2022-11-01,Equity Equal Weight,DUK,0.02
2022-11-01,Equity Equal Weight,EA,0.02
2022-11-01,Equity Equal Weight,GE,0.02
2022-11-01,Equity Equal Weight,GILD,0.02
2022-11-01,Equity Equal Weight,GS,0.02
2022-11-01,Equity Equal Weight,INTC,0.02
2022-11-01,Equity Equal Weight,KO,0.02
2022-11-01,Equity Equal Weight,MMM,0.02
2022-11-01,Equity Equal Weight,MRK,0.02
2022-11-01,Equity Equal Weight,MS,0.02
2022-11-01,Equity Equal Weight,NEE,0.02
2022-11-01,Equity Equal Weight,NEM,0.02
2022-11-01,Equity Equal Weight,NKE,0.02
2022-11-01,Equity Equal Weight,NUE,0.02
2022-11-01,Equity Equal Weight,NVDA,0.02
2022-11-01,Equity Equal Weight,O,0.02
2022-11-01,Equity Equal Weight,OXY,0.02
2022-11-01,Equity Equal Weight,PLD,0.02
2022-11-01,Equity Equal Weight,PSA,0.02
2022-11-01,Equity Equal Weight,QCOM,0.02
2022-11-01,Equity Equal Weight,SBUX,0.02
2022-11-01,Equity Equal Weight,SHW,0.02
2022-11-01,Equity Equal Weight,SLB,0.02
2022-11-01,Equity Equal Weight,SO,0.02
2022-11-01,Equity Equal Weight,T,0.02
2022-11-01,Equity Equal Weight,TMUS,0.02
2022-11-01,Equity Equal Weight,TTWO,0.02
2022-11-01,Equity Equal Weight,UPS,0.02
2022-11-01,Equity Equal Weight,USB,0.02
2022-11-01,Equity Equal Weight,V,0.02
2022-11-01,Equity Equal Weight,WFC,0.02
2022-11-01,Equity Equal Weight,WMT,0.02
2022-11-01,Equity Equal Weight,XOM,0.02
2022-12-01,Equity Equal Weight,ABBV,0.02
2022-12-01,Equity Equal Weight,ABT,0.02
2022-12-01,Equity Equal Weight,ADBE,0.02
2022-12-01,Equity Equal Weight,AEP,0.02
2022-12-01,Equity Equal Weight,AMD,0.02
2022-12-01,Equity Equal Weight,AMGN,0.02
2022-12-01,Equity Equal Weight,AMT,0.02
2022-12-01,Equity Equal Weight,BA,0.02
2022-12-01,Equity Equal Weight,CAT,0.02
2022-12-01,Equity Equal Weight,CCI,0.02
2022-12-01,Equity Equal Weight,CMCSA,0.02
2022-12-01,Equity Equal Weight,COP,0.02
2022-12-01,Equity Equal Weight,CVX,0.02
2022-12-01,Equity Equal Weight,D,0.02
2022-12-01,Equity Equal Weight,DD,0.02
2022-12-01,Equity Equal Weight,DIS,0.02
2022-12-01,Equity Equal Weight,DOW,0.02
2022-12-01,Equity Equal Weight,DUK,0.02
2022-12-01,Equity Equal Weight,EA,0.02
2022-12-01,Equity Equal Weight,GE,0.02
2022-12-01,Equity Equal Weight,GILD,0.02
2022-12-01,Equity Equal Weight,GS,0.02
2022-12-01,Equity Equal Weight,INTC,0.02
2022-12-01,Equity Equal Weight,KO,0.02
2022-12-01,Equity Equal Weight,MMM,0.02
2022-12-01,Equity Equal Weight,MRK,0.02
2022-12-01,Equity Equal Weight,MS,0.02
2022-12-01,Equity Equal Weight,NEE,0.02
2022-12-01,Equity Equal Weight,NEM,0.02
2022-12-01,Equity Equal Weight,NKE,0.02
2022-12-01,Equity Equal Weight,NUE,0.02
2022-12-01,Equity Equal Weight,NVDA,0.02
2022-12-01,Equity Equal Weight,O,0.02
2022-12-01,Equity Equal Weight,OXY,0.02
2022-12-01,Equity Equal Weight,PLD,0.02
2022-12-01,Equity Equal Weight,PSA,0.02
2022-12-01,Equity Equal Weight,QCOM,0.02
2022-12-01,Equity Equal Weight,SBUX,0.02
2022-12-01,Equity Equal Weight,SHW,0.02
2022-12-01,Equity Equal Weight,SLB,0.02
2022-12-01,Equity Equal Weight,SO,0.02
2022-12-01,Equity Equal Weight,T,0.02
2022-12-01,Equity Equal Weight,TMUS,0.02
2022-12-01,Equity Equal Weight,TTWO,0.02
2022-12-01,Equity Equal Weight,UPS,0.02
2022-12-01,Equity Equal Weight,USB,0.02
2022-12-01,Equity Equal Weight,V,0.02
2022-12-01,Equity Equal Weight,WFC,0.02
2022-12-01,Equity Equal Weight,WMT,0.02
2022-12-01,Equity Equal Weight,XOM,0.02
2023-01-03,Equity Equal Weight,ABBV,0.02
2023-01-03,Equity Equal Weight,ABT,0.02
2023-01-03,Equity Equal Weight,ADBE,0.02
2023-01-03,Equity Equal Weight,AEP,0.02
2023-01-03,Equity Equal Weight,AMD,0.02
2023-01-03,Equity Equal Weight,AMGN,0.02
2023-01-03,Equity Equal Weight,AMT,0.02
2023-01-03,Equity Equal Weight,BA,0.02
2023-01-03,Equity Equal Weight,CAT,0.02
2023-01-03,Equity Equal Weight,CCI,0.02
2023-01-03,Equity Equal Weight,CMCSA,0.02
2023-01-03,Equity Equal Weight,COP,0.02
2023-01-03,Equity Equal Weight,CVX,0.02
2023-01-03,Equity Equal Weight,D,0.02
2023-01-03,Equity Equal Weight,DD,0.02
2023-01-03,Equity Equal Weight,DIS,0.02
2023-01-03,Equity Equal Weight,DOW,0.02
2023-01-03,Equity Equal Weight,DUK,0.02
2023-01-03,Equity Equal Weight,EA,0.02
2023-01-03,Equity Equal Weight,GE,0.02
2023-01-03,Equity Equal Weight,GILD,0.02
2023-01-03,Equity Equal Weight,GS,0.02
2023-01-03,Equity Equal Weight,INTC,0.02
2023-01-03,Equity Equal Weight,KO,0.02
2023-01-03,Equity Equal Weight,MMM,0.02
2023-01-03,Equity Equal Weight,MRK,0.02
2023-01-03,Equity Equal Weight,MS,0.02
2023-01-03,Equity Equal Weight,NEE,0.02
2023-01-03,Equity Equal Weight,NEM,0.02
2023-01-03,Equity Equal Weight,NKE,0.02
2023-01-03,Equity Equal Weight,NUE,0.02
2023-01-03,Equity Equal Weight,NVDA,0.02
2023-01-03,Equity Equal Weight,O,0.02
2023-01-03,Equity Equal Weight,OXY,0.02
2023-01-03,Equity Equal Weight,PLD,0.02
2023-01-03,Equity Equal Weight,PSA,0.02
2023-01-03,Equity Equal Weight,QCOM,0.02
2023-01-03,Equity Equal Weight,SBUX,0.02
2023-01-03,Equity Equal Weight,SHW,0.02
2023-01-03,Equity Equal Weight,SLB,0.02
2023-01-03,Equity Equal Weight,SO,0.02
2023-01-03,Equity Equal Weight,T,0.02
2023-01-03,Equity Equal Weight,TMUS,0.02
2023-01-03,Equity Equal Weight,TTWO,0.02
2023-01-03,Equity Equal Weight,UPS,0.02
2023-01-03,Equity Equal Weight,USB,0.02
2023-01-03,Equity Equal Weight,V,0.02
2023-01-03,Equity Equal Weight,WFC,0.02
2023-01-03,Equity Equal Weight,WMT,0.02
2023-01-03,Equity Equal Weight,XOM,0.02
2023-02-01,Equity Equal Weight,ABBV,0.02
2023-02-01,Equity Equal Weight,ABT,0.02
2023-02-01,Equity Equal Weight,ADBE,0.02
2023-02-01,Equity Equal Weight,AEP,0.02
2023-02-01,Equity Equal Weight,AMD,0.02
2023-02-01,Equity Equal Weight,AMGN,0.02
2023-02-01,Equity Equal Weight,AMT,0.02
2023-02-01,Equity Equal Weight,BA,0.02
2023-02-01,Equity Equal Weight,CAT,0.02
2023-02-01,Equity Equal Weight,CCI,0.02
2023-02-01,Equity Equal Weight,CMCSA,0.02
2023-02-01,Equity Equal Weight,COP,0.02
2023-02-01,Equity Equal Weight,CVX,0.02
2023-02-01,Equity Equal Weight,D,0.02
2023-02-01,Equity Equal Weight,DD,0.02
2023-02-01,Equity Equal Weight,DIS,0.02
2023-02-01,Equity Equal Weight,DOW,0.02
2023-02-01,Equity Equal Weight,DUK,0.02
2023-02-01,Equity Equal Weight,EA,0.02
2023-02-01,Equity Equal Weight,GE,0.02
2023-02-01,Equity Equal Weight,GILD,0.02
2023-02-01,Equity Equal Weight,GS,0.02
2023-02-01,Equity Equal Weight,INTC,0.02
2023-02-01,Equity Equal Weight,KO,0.02
2023-02-01,Equity Equal Weight,MMM,0.02
2023-02-01,Equity Equal Weight,MRK,0.02
2023-02-01,Equity Equal Weight,MS,0.02
2023-02-01,Equity Equal Weight,NEE,0.02
2023-02-01,Equity Equal Weight,NEM,0.02
2023-02-01,Equity Equal Weight,NKE,0.02
2023-02-01,Equity Equal Weight,NUE,0.02
2023-02-01,Equity Equal Weight,NVDA,0.02
2023-02-01,Equity Equal Weight,O,0.02
2023-02-01,Equity Equal Weight,OXY,0.02
2023-02-01,Equity Equal Weight,PLD,0.02
2023-02-01,Equity Equal Weight,PSA,0.02
2023-02-01,Equity Equal Weight,QCOM,0.02
2023-02-01,Equity Equal Weight,SBUX,0.02
2023-02-01,Equity Equal Weight,SHW,0.02
2023-02-01,Equity Equal Weight,SLB,0.02
2023-02-01,Equity Equal Weight,SO,0.02
2023-02-01,Equity Equal Weight,T,0.02
2023-02-01,Equity Equal Weight,TMUS,0.02
2023-02-01,Equity Equal Weight,TTWO,0.02
2023-02-01,Equity Equal Weight,UPS,0.02
2023-02-01,Equity Equal Weight,USB,0.02
2023-02-01,Equity Equal Weight,V,0.02
2023-02-01,Equity Equal Weight,WFC,0.02
2023-02-01,Equity Equal Weight,WMT,0.02
2023-02-01,Equity Equal Weight,XOM,0.02
2023-03-01,Equity Equal Weight,ABBV,0.02
2023-03-01,Equity Equal Weight,ABT,0.02
2023-03-01,Equity Equal Weight,ADBE,0.02
2023-03-01,Equity Equal Weight,AEP,0.02
2023-03-01,Equity Equal Weight,AMD,0.02
2023-03-01,Equity Equal Weight,AMGN,0.02
2023-03-01,Equity Equal Weight,AMT,0.02
2023-03-01,Equity Equal Weight,BA,0.02
2023-03-01,Equity Equal Weight,CAT,0.02
2023-03-01,Equity Equal Weight,CCI,0.02
2023-03-01,Equity Equal Weight,CMCSA,0.02
2023-03-01,Equity Equal Weight,COP,0.02
2023-03-01,Equity Equal Weight,CVX,0.02
2023-03-01,Equity Equal Weight,D,0.02
2023-03-01,Equity Equal Weight,DD,0.02
2023-03-01,Equity Equal Weight,DIS,0.02
2023-03-01,Equity Equal Weight,DOW,0.02
2023-03-01,Equity Equal Weight,DUK,0.02
2023-03-01,Equity Equal Weight,EA,0.02
2023-03-01,Equity Equal Weight,GE,0.02
2023-03-01,Equity Equal Weight,GILD,0.02
2023-03-01,Equity Equal Weight,GS,0.02
2023-03-01,Equity Equal Weight,INTC,0.02
2023-03-01,Equity Equal Weight,KO,0.02
2023-03-01,Equity Equal Weight,MMM,0.02
2023-03-01,Equity Equal Weight,MRK,0.02
2023-03-01,Equity Equal Weight,MS,0.02
2023-03-01,Equity Equal Weight,NEE,0.02
2023-03-01,Equity Equal Weight,NEM,0.02
2023-03-01,Equity Equal Weight,NKE,0.02
2023-03-01,Equity Equal Weight,NUE,0.02
2023-03-01,Equity Equal Weight,NVDA,0.02
2023-03-01,Equity Equal Weight,O,0.02
2023-03-01,Equity Equal Weight,OXY,0.02
2023-03-01,Equity Equal Weight,PLD,0.02
2023-03-01,Equity Equal Weight,PSA,0.02
2023-03-01,Equity Equal Weight,QCOM,0.02
2023-03-01,Equity Equal Weight,SBUX,0.02
2023-03-01,Equity Equal Weight,SHW,0.02
2023-03-01,Equity Equal Weight,SLB,0.02
2023-03-01,Equity Equal Weight,SO,0.02
2023-03-01,Equity Equal Weight,T,0.02
2023-03-01,Equity Equal Weight,TMUS,0.02
2023-03-01,Equity Equal Weight,TTWO,0.02
2023-03-01,Equity Equal Weight,UPS,0.02
2023-03-01,Equity Equal Weight,USB,0.02
2023-03-01,Equity Equal Weight,V,0.02
2023-03-01,Equity Equal Weight,WFC,0.02
2023-03-01,Equity Equal Weight,WMT,0.02
2023-03-01,Equity Equal Weight,XOM,0.02
2023-04-03,Equity Equal Weight,ABBV,0.02
2023-04-03,Equity Equal Weight,ABT,0.02
2023-04-03,Equity Equal Weight,ADBE,0.02
2023-04-03,Equity Equal Weight,AEP,0.02
2023-04-03,Equity Equal Weight,AMD,0.02
2023-04-03,Equity Equal Weight,AMGN,0.02
2023-04-03,Equity Equal Weight,AMT,0.02
2023-04-03,Equity Equal Weight,BA,0.02
2023-04-03,Equity Equal Weight,CAT,0.02
2023-04-03,Equity Equal Weight,CCI,0.02
2023-04-03,Equity Equal Weight,CMCSA,0.02
2023-04-03,Equity Equal Weight,COP,0.02
2023-04-03,Equity Equal Weight,CVX,0.02
2023-04-03,Equity Equal Weight,D,0.02
2023-04-03,Equity Equal Weight,DD,0.02
2023-04-03,Equity Equal Weight,DIS,0.02
2023-04-03,Equity Equal Weight,DOW,0.02
2023-04-03,Equity Equal Weight,DUK,0.02
2023-04-03,Equity Equal Weight,EA,0.02
2023-04-03,Equity Equal Weight,GE,0.02
2023-04-03,Equity Equal Weight,GILD,0.02
2023-04-03,Equity Equal Weight,GS,0.02
2023-04-03,Equity Equal Weight,INTC,0.02
2023-04-03,Equity Equal Weight,KO,0.02
2023-04-03,Equity Equal Weight,MMM,0.02
2023-04-03,Equity Equal Weight,MRK,0.02
2023-04-03,Equity Equal Weight,MS,0.02
2023-04-03,Equity Equal Weight,NEE,0.02
2023-04-03,Equity Equal Weight,NEM,0.02
2023-04-03,Equity Equal Weight,NKE,0.02
2023-04-03,Equity Equal Weight,NUE,0.02
2023-04-03,Equity Equal Weight,NVDA,0.02
2023-04-03,Equity Equal Weight,O,0.02
2023-04-03,Equity Equal Weight,OXY,0.02
2023-04-03,Equity Equal Weight,PLD,0.02
2023-04-03,Equity Equal Weight,PSA,0.02
2023-04-03,Equity Equal Weight,QCOM,0.02
2023-04-03,Equity Equal Weight,SBUX,0.02
2023-04-03,Equity Equal Weight,SHW,0.02
2023-04-03,Equity Equal Weight,SLB,0.02
2023-04-03,Equity Equal Weight,SO,0.02
2023-04-03,Equity Equal Weight,T,0.02
2023-04-03,Equity Equal Weight,TMUS,0.02
2023-04-03,Equity Equal Weight,TTWO,0.02
2023-04-03,Equity Equal Weight,UPS,0.02
2023-04-03,Equity Equal Weight,USB,0.02
2023-04-03,Equity Equal Weight,V,0.02
2023-04-03,Equity Equal Weight,WFC,0.02
2023-04-03,Equity Equal Weight,WMT,0.02
2023-04-03,Equity Equal Weight,XOM,0.02
2023-05-01,Equity Equal Weight,ABBV,0.02
2023-05-01,Equity Equal Weight,ABT,0.02
2023-05-01,Equity Equal Weight,ADBE,0.02
2023-05-01,Equity Equal Weight,AEP,0.02
2023-05-01,Equity Equal Weight,AMD,0.02
2023-05-01,Equity Equal Weight,AMGN,0.02
2023-05-01,Equity Equal Weight,AMT,0.02
2023-05-01,Equity Equal Weight,BA,0.02
2023-05-01,Equity Equal Weight,CAT,0.02
2023-05-01,Equity Equal Weight,CCI,0.02
2023-05-01,Equity Equal Weight,CMCSA,0.02
2023-05-01,Equity Equal Weight,COP,0.02
2023-05-01,Equity Equal Weight,CVX,0.02
2023-05-01,Equity Equal Weight,D,0.02
2023-05-01,Equity Equal Weight,DD,0.02
2023-05-01,Equity Equal Weight,DIS,0.02
2023-05-01,Equity Equal Weight,DOW,0.02
2023-05-01,Equity Equal Weight,DUK,0.02
2023-05-01,Equity Equal Weight,EA,0.02
2023-05-01,Equity Equal Weight,GE,0.02
2023-05-01,Equity Equal Weight,GILD,0.02
2023-05-01,Equity Equal Weight,GS,0.02
2023-05-01,Equity Equal Weight,INTC,0.02
2023-05-01,Equity Equal Weight,KO,0.02
2023-05-01,Equity Equal Weight,MMM,0.02
2023-05-01,Equity Equal Weight,MRK,0.02
2023-05-01,Equity Equal Weight,MS,0.02
2023-05-01,Equity Equal Weight,NEE,0.02
2023-05-01,Equity Equal Weight,NEM,0.02
2023-05-01,Equity Equal Weight,NKE,0.02
2023-05-01,Equity Equal Weight,NUE,0.02
2023-05-01,Equity Equal Weight,NVDA,0.02
2023-05-01,Equity Equal Weight,O,0.02
2023-05-01,Equity Equal Weight,OXY,0.02
2023-05-01,Equity Equal Weight,PLD,0.02
2023-05-01,Equity Equal Weight,PSA,0.02
2023-05-01,Equity Equal Weight,QCOM,0.02
2023-05-01,Equity Equal Weight,SBUX,0.02
2023-05-01,Equity Equal Weight,SHW,0.02
2023-05-01,Equity Equal Weight,SLB,0.02
2023-05-01,Equity Equal Weight,SO,0.02
2023-05-01,Equity Equal Weight,T,0.02
2023-05-01,Equity Equal Weight,TMUS,0.02
2023-05-01,Equity Equal Weight,TTWO,0.02
2023-05-01,Equity Equal Weight,UPS,0.02
2023-05-01,Equity Equal Weight,USB,0.02
2023-05-01,Equity Equal Weight,V,0.02
2023-05-01,Equity Equal Weight,WFC,0.02
2023-05-01,Equity Equal Weight,WMT,0.02
2023-05-01,Equity Equal Weight,XOM,0.02
2023-06-01,Equity Equal Weight,ABBV,0.02
2023-06-01,Equity Equal Weight,ABT,0.02
2023-06-01,Equity Equal Weight,ADBE,0.02
2023-06-01,Equity Equal Weight,AEP,0.02
2023-06-01,Equity Equal Weight,AMD,0.02
2023-06-01,Equity Equal Weight,AMGN,0.02
2023-06-01,Equity Equal Weight,AMT,0.02
2023-06-01,Equity Equal Weight,BA,0.02
2023-06-01,Equity Equal Weight,CAT,0.02
2023-06-01,Equity Equal Weight,CCI,0.02
2023-06-01,Equity Equal Weight,CMCSA,0.02
2023-06-01,Equity Equal Weight,COP,0.02
2023-06-01,Equity Equal Weight,CVX,0.02
2023-06-01,Equity Equal Weight,D,0.02
2023-06-01,Equity Equal Weight,DD,0.02
2023-06-01,Equity Equal Weight,DIS,0.02
2023-06-01,Equity Equal Weight,DOW,0.02
2023-06-01,Equity Equal Weight,DUK,0.02
2023-06-01,Equity Equal Weight,EA,0.02
2023-06-01,Equity Equal Weight,GE,0.02
2023-06-01,Equity Equal Weight,GILD,0.02
2023-06-01,Equity Equal Weight,GS,0.02
2023-06-01,Equity Equal Weight,INTC,0.02
2023-06-01,Equity Equal Weight,KO,0.02
2023-06-01,Equity Equal Weight,MMM,0.02
2023-06-01,Equity Equal Weight,MRK,0.02
2023-06-01,Equity Equal Weight,MS,0.02
2023-06-01,Equity Equal Weight,NEE,0.02
2023-06-01,Equity Equal Weight,NEM,0.02
2023-06-01,Equity Equal Weight,NKE,0.02
2023-06-01,Equity Equal Weight,NUE,0.02
2023-06-01,Equity Equal Weight,NVDA,0.02
2023-06-01,Equity Equal Weight,O,0.02
2023-06-01,Equity Equal Weight,OXY,0.02
2023-06-01,Equity Equal Weight,PLD,0.02
2023-06-01,Equity Equal Weight,PSA,0.02
2023-06-01,Equity Equal Weight,QCOM,0.02
2023-06-01,Equity Equal Weight,SBUX,0.02
2023-06-01,Equity Equal Weight,SHW,0.02
2023-06-01,Equity Equal Weight,SLB,0.02
2023-06-01,Equity Equal Weight,SO,0.02
2023-06-01,Equity Equal Weight,T,0.02
2023-06-01,Equity Equal Weight,TMUS,0.02
2023-06-01,Equity Equal Weight,TTWO,0.02
2023-06-01,Equity Equal Weight,UPS,0.02
2023-06-01,Equity Equal Weight,USB,0.02
2023-06-01,Equity Equal Weight,V,0.02
2023-06-01,Equity Equal Weight,WFC,0.02
2023-06-01,Equity Equal Weight,WMT,0.02
2023-06-01,Equity Equal Weight,XOM,0.02
2023-07-03,Equity Equal Weight,ABBV,0.02
2023-07-03,Equity Equal Weight,ABT,0.02
2023-07-03,Equity Equal Weight,ADBE,0.02
2023-07-03,Equity Equal Weight,AEP,0.02
2023-07-03,Equity Equal Weight,AMD,0.02
2023-07-03,Equity Equal Weight,AMGN,0.02
2023-07-03,Equity Equal Weight,AMT,0.02
2023-07-03,Equity Equal Weight,BA,0.02
2023-07-03,Equity Equal Weight,CAT,0.02
2023-07-03,Equity Equal Weight,CCI,0.02
2023-07-03,Equity Equal Weight,CMCSA,0.02
2023-07-03,Equity Equal Weight,COP,0.02
2023-07-03,Equity Equal Weight,CVX,0.02
2023-07-03,Equity Equal Weight,D,0.02
2023-07-03,Equity Equal Weight,DD,0.02
2023-07-03,Equity Equal Weight,DIS,0.02
2023-07-03,Equity Equal Weight,DOW,0.02
2023-07-03,Equity Equal Weight,DUK,0.02
2023-07-03,Equity Equal Weight,EA,0.02
2023-07-03,Equity Equal Weight,GE,0.02
2023-07-03,Equity Equal Weight,GILD,0.02
2023-07-03,Equity Equal Weight,GS,0.02
2023-07-03,Equity Equal Weight,INTC,0.02
2023-07-03,Equity Equal Weight,KO,0.02
2023-07-03,Equity Equal Weight,MMM,0.02
2023-07-03,Equity Equal Weight,MRK,0.02
2023-07-03,Equity Equal Weight,MS,0.02
2023-07-03,Equity Equal Weight,NEE,0.02
2023-07-03,Equity Equal Weight,NEM,0.02
2023-07-03,Equity Equal Weight,NKE,0.02
2023-07-03,Equity Equal Weight,NUE,0.02
2023-07-03,Equity Equal Weight,NVDA,0.02
2023-07-03,Equity Equal Weight,O,0.02
2023-07-03,Equity Equal Weight,OXY,0.02
2023-07-03,Equity Equal Weight,PLD,0.02
2023-07-03,Equity Equal Weight,PSA,0.02
2023-07-03,Equity Equal Weight,QCOM,0.02
2023-07-03,Equity Equal Weight,SBUX,0.02
2023-07-03,Equity Equal Weight,SHW,0.02
2023-07-03,Equity Equal Weight,SLB,0.02
2023-07-03,Equity Equal Weight,SO,0.02
2023-07-03,Equity Equal Weight,T,0.02
2023-07-03,Equity Equal Weight,TMUS,0.02
2023-07-03,Equity Equal Weight,TTWO,0.02
2023-07-03,Equity Equal Weight,UPS,0.02
2023-07-03,Equity Equal Weight,USB,0.02
2023-07-03,Equity Equal Weight,V,0.02
2023-07-03,Equity Equal Weight,WFC,0.02
2023-07-03,Equity Equal Weight,WMT,0.02
2023-07-03,Equity Equal Weight,XOM,0.02
2023-08-01,Equity Equal Weight,ABBV,0.02
2023-08-01,Equity Equal Weight,ABT,0.02
2023-08-01,Equity Equal Weight,ADBE,0.02
2023-08-01,Equity Equal Weight,AEP,0.02
2023-08-01,Equity Equal Weight,AMD,0.02
2023-08-01,Equity Equal Weight,AMGN,0.02
2023-08-01,Equity Equal Weight,AMT,0.02
2023-08-01,Equity Equal Weight,BA,0.02
2023-08-01,Equity Equal Weight,CAT,0.02
2023-08-01,Equity Equal Weight,CCI,0.02
2023-08-01,Equity Equal Weight,CMCSA,0.02
2023-08-01,Equity Equal Weight,COP,0.02
2023-08-01,Equity Equal Weight,CVX,0.02
2023-08-01,Equity Equal Weight,D,0.02
2023-08-01,Equity Equal Weight,DD,0.02
2023-08-01,Equity Equal Weight,DIS,0.02
2023-08-01,Equity Equal Weight,DOW,0.02
2023-08-01,Equity Equal Weight,DUK,0.02
2023-08-01,Equity Equal Weight,EA,0.02
2023-08-01,Equity Equal Weight,GE,0.02
2023-08-01,Equity Equal Weight,GILD,0.02
2023-08-01,Equity Equal Weight,GS,0.02
2023-08-01,Equity Equal Weight,INTC,0.02
2023-08-01,Equity Equal Weight,KO,0.02
2023-08-01,Equity Equal Weight,MMM,0.02
2023-08-01,Equity Equal Weight,MRK,0.02
2023-08-01,Equity Equal Weight,MS,0.02
2023-08-01,Equity Equal Weight,NEE,0.02
2023-08-01,Equity Equal Weight,NEM,0.02
2023-08-01,Equity Equal Weight,NKE,0.02
2023-08-01,Equity Equal Weight,NUE,0.02
2023-08-01,Equity Equal Weight,NVDA,0.02
2023-08-01,Equity Equal Weight,O,0.02
2023-08-01,Equity Equal Weight,OXY,0.02
2023-08-01,Equity Equal Weight,PLD,0.02
2023-08-01,Equity Equal Weight,PSA,0.02
2023-08-01,Equity Equal Weight,QCOM,0.02
2023-08-01,Equity Equal Weight,SBUX,0.02
2023-08-01,Equity Equal Weight,SHW,0.02
2023-08-01,Equity Equal Weight,SLB,0.02
2023-08-01,Equity Equal Weight,SO,0.02
2023-08-01,Equity Equal Weight,T,0.02
2023-08-01,Equity Equal Weight,TMUS,0.02
2023-08-01,Equity Equal Weight,TTWO,0.02
2023-08-01,Equity Equal Weight,UPS,0.02
2023-08-01,Equity Equal Weight,USB,0.02
2023-08-01,Equity Equal Weight,V,0.02
2023-08-01,Equity Equal Weight,WFC,0.02
2023-08-01,Equity Equal Weight,WMT,0.02
2023-08-01,Equity Equal Weight,XOM,0.02
2023-09-01,Equity Equal Weight,ABBV,0.02
2023-09-01,Equity Equal Weight,ABT,0.02
2023-09-01,Equity Equal Weight,ADBE,0.02
2023-09-01,Equity Equal Weight,AEP,0.02
2023-09-01,Equity Equal Weight,AMD,0.02
2023-09-01,Equity Equal Weight,AMGN,0.02
2023-09-01,Equity Equal Weight,AMT,0.02
2023-09-01,Equity Equal Weight,BA,0.02
2023-09-01,Equity Equal Weight,CAT,0.02
2023-09-01,Equity Equal Weight,CCI,0.02
2023-09-01,Equity Equal Weight,CMCSA,0.02
2023-09-01,Equity Equal Weight,COP,0.02
2023-09-01,Equity Equal Weight,CVX,0.02
2023-09-01,Equity Equal Weight,D,0.02
2023-09-01,Equity Equal Weight,DD,0.02
2023-09-01,Equity Equal Weight,DIS,0.02
2023-09-01,Equity Equal Weight,DOW,0.02
2023-09-01,Equity Equal Weight,DUK,0.02
2023-09-01,Equity Equal Weight,EA,0.02
2023-09-01,Equity Equal Weight,GE,0.02
2023-09-01,Equity Equal Weight,GILD,0.02
2023-09-01,Equity Equal Weight,GS,0.02
2023-09-01,Equity Equal Weight,INTC,0.02
2023-09-01,Equity Equal Weight,KO,0.02
2023-09-01,Equity Equal Weight,MMM,0.02
2023-09-01,Equity Equal Weight,MRK,0.02
2023-09-01,Equity Equal Weight,MS,0.02
2023-09-01,Equity Equal Weight,NEE,0.02
2023-09-01,Equity Equal Weight,NEM,0.02
2023-09-01,Equity Equal Weight,NKE,0.02
2023-09-01,Equity Equal Weight,NUE,0.02
2023-09-01,Equity Equal Weight,NVDA,0.02
2023-09-01,Equity Equal Weight,O,0.02
2023-09-01,Equity Equal Weight,OXY,0.02
2023-09-01,Equity Equal Weight,PLD,0.02
2023-09-01,Equity Equal Weight,PSA,0.02
2023-09-01,Equity Equal Weight,QCOM,0.02
2023-09-01,Equity Equal Weight,SBUX,0.02
2023-09-01,Equity Equal Weight,SHW,0.02
2023-09-01,Equity Equal Weight,SLB,0.02
2023-09-01,Equity Equal Weight,SO,0.02
2023-09-01,Equity Equal Weight,T,0.02
2023-09-01,Equity Equal Weight,TMUS,0.02
2023-09-01,Equity Equal Weight,TTWO,0.02
2023-09-01,Equity Equal Weight,UPS,0.02
2023-09-01,Equity Equal Weight,USB,0.02
2023-09-01,Equity Equal Weight,V,0.02
2023-09-01,Equity Equal Weight,WFC,0.02
2023-09-01,Equity Equal Weight,WMT,0.02
2023-09-01,Equity Equal Weight,XOM,0.02
2023-10-02,Equity Equal Weight,ABBV,0.02
2023-10-02,Equity Equal Weight,ABT,0.02
2023-10-02,Equity Equal Weight,ADBE,0.02
2023-10-02,Equity Equal Weight,AEP,0.02
2023-10-02,Equity Equal Weight,AMD,0.02
2023-10-02,Equity Equal Weight,AMGN,0.02
2023-10-02,Equity Equal Weight,AMT,0.02
2023-10-02,Equity Equal Weight,BA,0.02
2023-10-02,Equity Equal Weight,CAT,0.02
2023-10-02,Equity Equal Weight,CCI,0.02
2023-10-02,Equity Equal Weight,CMCSA,0.02
2023-10-02,Equity Equal Weight,COP,0.02
2023-10-02,Equity Equal Weight,CVX,0.02
2023-10-02,Equity Equal Weight,D,0.02
2023-10-02,Equity Equal Weight,DD,0.02
2023-10-02,Equity Equal Weight,DIS,0.02
2023-10-02,Equity Equal Weight,DOW,0.02
2023-10-02,Equity Equal Weight,DUK,0.02
2023-10-02,Equity Equal Weight,EA,0.02
2023-10-02,Equity Equal Weight,GE,0.02
2023-10-02,Equity Equal Weight,GILD,0.02
2023-10-02,Equity Equal Weight,GS,0.02
2023-10-02,Equity Equal Weight,INTC,0.02
2023-10-02,Equity Equal Weight,KO,0.02
2023-10-02,Equity Equal Weight,MMM,0.02
2023-10-02,Equity Equal Weight,MRK,0.02
2023-10-02,Equity Equal Weight,MS,0.02
2023-10-02,Equity Equal Weight,NEE,0.02
2023-10-02,Equity Equal Weight,NEM,0.02
2023-10-02,Equity Equal Weight,NKE,0.02
2023-10-02,Equity Equal Weight,NUE,0.02
2023-10-02,Equity Equal Weight,NVDA,0.02
2023-10-02,Equity Equal Weight,O,0.02
2023-10-02,Equity Equal Weight,OXY,0.02
2023-10-02,Equity Equal Weight,PLD,0.02
2023-10-02,Equity Equal Weight,PSA,0.02
2023-10-02,Equity Equal Weight,QCOM,0.02
2023-10-02,Equity Equal Weight,SBUX,0.02
2023-10-02,Equity Equal Weight,SHW,0.02
2023-10-02,Equity Equal Weight,SLB,0.02
2023-10-02,Equity Equal Weight,SO,0.02
2023-10-02,Equity Equal Weight,T,0.02
2023-10-02,Equity Equal Weight,TMUS,0.02
2023-10-02,Equity Equal Weight,TTWO,0.02
2023-10-02,Equity Equal Weight,UPS,0.02
2023-10-02,Equity Equal Weight,USB,0.02
2023-10-02,Equity Equal Weight,V,0.02
2023-10-02,Equity Equal Weight,WFC,0.02
2023-10-02,Equity Equal Weight,WMT,0.02
2023-10-02,Equity Equal Weight,XOM,0.02
2023-11-01,Equity Equal Weight,ABBV,0.02
2023-11-01,Equity Equal Weight,ABT,0.02
2023-11-01,Equity Equal Weight,ADBE,0.02
2023-11-01,Equity Equal Weight,AEP,0.02
2023-11-01,Equity Equal Weight,AMD,0.02
2023-11-01,Equity Equal Weight,AMGN,0.02
2023-11-01,Equity Equal Weight,AMT,0.02
2023-11-01,Equity Equal Weight,BA,0.02
2023-11-01,Equity Equal Weight,CAT,0.02
2023-11-01,Equity Equal Weight,CCI,0.02
2023-11-01,Equity Equal Weight,CMCSA,0.02
2023-11-01,Equity Equal Weight,COP,0.02
2023-11-01,Equity Equal Weight,CVX,0.02
2023-11-01,Equity Equal Weight,D,0.02
2023-11-01,Equity Equal Weight,DD,0.02
2023-11-01,Equity Equal Weight,DIS,0.02
2023-11-01,Equity Equal Weight,DOW,0.02
2023-11-01,Equity Equal Weight,DUK,0.02
2023-11-01,Equity Equal Weight,EA,0.02
2023-11-01,Equity Equal Weight,GE,0.02
2023-11-01,Equity Equal Weight,GILD,0.02
2023-11-01,Equity Equal Weight,GS,0.02
2023-11-01,Equity Equal Weight,INTC,0.02
2023-11-01,Equity Equal Weight,KO,0.02
2023-11-01,Equity Equal Weight,MMM,0.02
2023-11-01,Equity Equal Weight,MRK,0.02
2023-11-01,Equity Equal Weight,MS,0.02
2023-11-01,Equity Equal Weight,NEE,0.02
2023-11-01,Equity Equal Weight,NEM,0.02
2023-11-01,Equity Equal Weight,NKE,0.02
2023-11-01,Equity Equal Weight,NUE,0.02
2023-11-01,Equity Equal Weight,NVDA,0.02
2023-11-01,Equity Equal Weight,O,0.02
2023-11-01,Equity Equal Weight,OXY,0.02
2023-11-01,Equity Equal Weight,PLD,0.02
2023-11-01,Equity Equal Weight,PSA,0.02
2023-11-01,Equity Equal Weight,QCOM,0.02
2023-11-01,Equity Equal Weight,SBUX,0.02
2023-11-01,Equity Equal Weight,SHW,0.02
2023-11-01,Equity Equal Weight,SLB,0.02
2023-11-01,Equity Equal Weight,SO,0.02
2023-11-01,Equity Equal Weight,T,0.02
2023-11-01,Equity Equal Weight,TMUS,0.02
2023-11-01,Equity Equal Weight,TTWO,0.02
2023-11-01,Equity Equal Weight,UPS,0.02
2023-11-01,Equity Equal Weight,USB,0.02
2023-11-01,Equity Equal Weight,V,0.02
2023-11-01,Equity Equal Weight,WFC,0.02
2023-11-01,Equity Equal Weight,WMT,0.02
2023-11-01,Equity Equal Weight,XOM,0.02
2023-12-01,Equity Equal Weight,ABBV,0.02
2023-12-01,Equity Equal Weight,ABT,0.02
2023-12-01,Equity Equal Weight,ADBE,0.02
2023-12-01,Equity Equal Weight,AEP,0.02
2023-12-01,Equity Equal Weight,AMD,0.02
2023-12-01,Equity Equal Weight,AMGN,0.02
2023-12-01,Equity Equal Weight,AMT,0.02
2023-12-01,Equity Equal Weight,BA,0.02
2023-12-01,Equity Equal Weight,CAT,0.02
2023-12-01,Equity Equal Weight,CCI,0.02
2023-12-01,Equity Equal Weight,CMCSA,0.02
2023-12-01,Equity Equal Weight,COP,0.02
2023-12-01,Equity Equal Weight,CVX,0.02
2023-12-01,Equity Equal Weight,D,0.02
2023-12-01,Equity Equal Weight,DD,0.02
2023-12-01,Equity Equal Weight,DIS,0.02
2023-12-01,Equity Equal Weight,DOW,0.02
2023-12-01,Equity Equal Weight,DUK,0.02
2023-12-01,Equity Equal Weight,EA,0.02
2023-12-01,Equity Equal Weight,GE,0.02
2023-12-01,Equity Equal Weight,GILD,0.02
2023-12-01,Equity Equal Weight,GS,0.02
2023-12-01,Equity Equal Weight,INTC,0.02
2023-12-01,Equity Equal Weight,KO,0.02
2023-12-01,Equity Equal Weight,MMM,0.02
2023-12-01,Equity Equal Weight,MRK,0.02
2023-12-01,Equity Equal Weight,MS,0.02
2023-12-01,Equity Equal Weight,NEE,0.02
2023-12-01,Equity Equal Weight,NEM,0.02
2023-12-01,Equity Equal Weight,NKE,0.02
2023-12-01,Equity Equal Weight,NUE,0.02
2023-12-01,Equity Equal Weight,NVDA,0.02
2023-12-01,Equity Equal Weight,O,0.02
2023-12-01,Equity Equal Weight,OXY,0.02
2023-12-01,Equity Equal Weight,PLD,0.02
2023-12-01,Equity Equal Weight,PSA,0.02
2023-12-01,Equity Equal Weight,QCOM,0.02
2023-12-01,Equity Equal Weight,SBUX,0.02
2023-12-01,Equity Equal Weight,SHW,0.02
2023-12-01,Equity Equal Weight,SLB,0.02
2023-12-01,Equity Equal Weight,SO,0.02
2023-12-01,Equity Equal Weight,T,0.02
2023-12-01,Equity Equal Weight,TMUS,0.02
2023-12-01,Equity Equal Weight,TTWO,0.02
2023-12-01,Equity Equal Weight,UPS,0.02
2023-12-01,Equity Equal Weight,USB,0.02
2023-12-01,Equity Equal Weight,V,0.02
2023-12-01,Equity Equal Weight,WFC,0.02
2023-12-01,Equity Equal Weight,WMT,0.02
2023-12-01,Equity Equal Weight,XOM,0.02
2021-01-04,Equity Min Variance,ABBV,0.16217
2021-01-04,Equity Min Variance,EA,0.073389
2021-01-04,Equity Min Variance,GILD,0.12745
2021-01-04,Equity Min Variance,MMM,0.078463
2021-01-04,Equity Min Variance,MRK,0.058525
2021-01-04,Equity Min Variance,NEM,0.137071
2021-01-04,Equity Min Variance,NKE,0.005458
2021-01-04,Equity Min Variance,PSA,0.075488
2021-01-04,Equity Min Variance,TTWO,0.037465
2021-01-04,Equity Min Variance,UPS,0.014143
2021-01-04,Equity Min Variance,WMT,0.230378
2021-02-01,Equity Min Variance,ABBV,0.148048
2021-02-01,Equity Min Variance,EA,0.086991
2021-02-01,Equity Min Variance,GILD,0.12003
2021-02-01,Equity Min Variance,MMM,0.101389
2021-02-01,Equity Min Variance,MRK,0.067959
2021-02-01,Equity Min Variance,NEM,0.128203
2021-02-01,Equity Min Variance,PSA,0.080966
2021-02-01,Equity Min Variance,TTWO,0.031807
2021-02-01,Equity Min Variance,UPS,0.007385
2021-02-01,Equity Min Variance,WMT,0.227221
2021-03-01,Equity Min Variance,ABBV,0.179452
2021-03-01,Equity Min Variance,EA,0.09373
2021-03-01,Equity Min Variance,GILD,0.131688
2021-03-01,Equity Min Variance,MMM,0.078226
2021-03-01,Equity Min Variance,MRK,0.023108
2021-03-01,Equity Min Variance,NEM,0.132092
2021-03-01,Equity Min Variance,PSA,0.11671
2021-03-01,Equity Min Variance,TTWO,0.014465
2021-03-01,Equity Min Variance,UPS,0.021606
2021-03-01,Equity Min Variance,WMT,0.208924
2021-04-01,Equity Min Variance,ABBV,0.108125
2021-04-01,Equity Min Variance,D,0.060172
2021-04-01,Equity Min Variance,DIS,0.007127
2021-04-01,Equity Min Variance,EA,0.089696
2021-04-01,Equity Min Variance,GILD,0.054329
2021-04-01,Equity Min Variance,MMM,0.105109
2021-04-01,Equity Min Variance,MRK,0.047577
2021-04-01,Equity Min Variance,NEM,0.000873
2021-04-01,Equity Min Variance,PSA,0.123404
2021-04-01,Equity Min Variance,T,0.095491
2021-04-01,Equity Min Variance,TTWO,0.077373
2021-04-01,Equity Min Variance,WMT,0.230722
2021-05-03,Equity Min Variance,ABBV,0.086439
2021-05-03,Equity Min Variance,AEP,0.056412
2021-05-03,Equity Min Variance,D,0.08144
2021-05-03,Equity Min Variance,DUK,0.014621
2021-05-03,Equity Min Variance,EA,0.062132
2021-05-03,Equity Min Variance,GILD,0.044419
2021-05-03,Equity Min Variance,MMM,0.071018
2021-05-03,Equity Min Variance,MRK,0.108555
2021-05-03,Equity Min Variance,NEM,0.002143
2021-05-03,Equity Min Variance,NKE,0.027533
2021-05-03,Equity Min Variance,PSA,0.065583
2021-05-03,Equity Min Variance,T,0.113964
2021-05-03,Equity Min Variance,TTWO,0.062352
2021-05-03,Equity Min Variance,WMT,0.203389
2021-06-01,Equity Min Variance,ABBV,0.048126
2021-06-01,Equity Min Variance,AEP,0.09125
2021-06-01,Equity Min Variance,D,0.050346
2021-06-01,Equity Min Variance,DIS,0.010145
2021-06-01,Equity Min Variance,DUK,0.013811
2021-06-01,Equity Min Variance,EA,0.06278
2021-06-01,Equity Min Variance,GILD,0.05904
2021-06-01,Equity Min Variance,MMM,0.085009
2021-06-01,Equity Min Variance,MRK,0.117769
2021-06-01,Equity Min Variance,NKE,0.026249
2021-06-01,Equity Min Variance,PSA,0.08831
2021-06-01,Equity Min Variance,T,0.116097
2021-06-01,Equity Min Variance,TTWO,0.057388
2021-06-01,Equity Min Variance,WMT,0.173678
2021-07-01,Equity Min Variance,ABBV,0.038369
2021-07-01,Equity Min Variance,ABT,0.001737
2021-07-01,Equity Min Variance,AEP,0.07265
2021-07-01,Equity Min Variance,AMD,0.006971
2021-07-01,Equity Min Variance,CAT,0.000581
2021-07-01,Equity Min Variance,CCI,0.054262
2021-07-01,Equity Min Variance,D,0.023924
2021-07-01,Equity Min Variance,DIS,0.015168
2021-07-01,Equity Min Variance,EA,0.025978
2021-07-01,Equity Min Variance,GILD,0.031089
2021-07-01,Equity Min Variance,GS,0.020992
2021-07-01,Equity Min Variance,MMM,0.094005
2021-07-01,Equity Min Variance,MRK,0.13318
2021-07-01,Equity Min Variance,NKE,0.036605
2021-07-01,Equity Min Variance,PSA,0.104003
2021-07-01,Equity Min Variance,SBUX,0.022168
2021-07-01,Equity Min Variance,T,0.163108
2021-07-01,Equity Min Variance,TTWO,0.049573
2021-07-01,Equity Min Variance,WMT,0.105637
2021-08-02,Equity Min Variance,ABBV,0.030069
2021-08-02,Equity Min Variance,ABT,0.009476
2021-08-02,Equity Min Variance,AEP,0.082822
2021-08-02,Equity Min Variance,AMD,0.002368
2021-08-02,Equity Min Variance,CAT,0.006631
2021-08-02,Equity Min Variance,CCI,0.06467
2021-08-02,Equity Min Variance,DIS,0.013953
2021-08-02,Equity Min Variance,DUK,0.010131
2021-08-02,Equity Min Variance,EA,0.023048
2021-08-02,Equity Min Variance,GILD,0.024305
2021-08-02,Equity Min Variance,GS,0.022731
2021-08-02,Equity Min Variance,MMM,0.082232
2021-08-02,Equity Min Variance,MRK,0.144485
2021-08-02,Equity Min Variance,NKE,0.033383
2021-08-02,Equity Min Variance,PSA,0.104423
2021-08-02,Equity Min Variance,SBUX,0.013935
2021-08-02,Equity Min Variance,T,0.164073
2021-08-02,Equity Min Variance,TTWO,0.056819
2021-08-02,Equity Min Variance,WMT,0.110448
2021-09-01,Equity Min Variance,ABBV,0.019498
2021-09-01,Equity Min Variance,ABT,0.011555
2021-09-01,Equity Min Variance,AEP,0.093847
2021-09-01,Equity Min Variance,AMD,0.011202
2021-09-01,Equity Min Variance,CAT,0.004314
2021-09-01,Equity Min Variance,CCI,0.069224
2021-09-01,Equity Min Variance,DIS,0.01402
2021-09-01,Equity Min Variance,DUK,0.007907
2021-09-01,Equity Min Variance,EA,0.023283
2021-09-01,Equity Min Variance,GILD,0.018534
2021-09-01,Equity Min Variance,GS,0.031348
2021-09-01,Equity Min Variance,MMM,0.0748
2021-09-01,Equity Min Variance,MRK,0.13028
2021-09-01,Equity Min Variance,NKE,0.029142
2021-09-01,Equity Min Variance,PSA,0.115745
2021-09-01,Equity Min Variance,SBUX,0.004026
2021-09-01,Equity Min Variance,T,0.162344
2021-09-01,Equity Min Variance,TTWO,0.056991
2021-09-01,Equity Min Variance,WMT,0.121938
2021-10-01,Equity Min Variance,ABT,0.033919
2021-10-01,Equity Min Variance,AEP,0.052693
2021-10-01,Equity Min Variance,AMD,0.019847
2021-10-01,Equity Min Variance,CCI,0.08965
2021-10-01,Equity Min Variance,DD,0.000838
2021-10-01,Equity Min Variance,DIS,0.007185
2021-10-01,Equity Min Variance,DUK,0.045784
2021-10-01,Equity Min Variance,EA,0.04554
2021-10-01,Equity Min Variance,GILD,0.006962
2021-10-01,Equity Min Variance,GS,0.04428
2021-10-01,Equity Min Variance,INTC,0.002225
2021-10-01,Equity Min Variance,KO,0.002613
2021-10-01,Equity Min Variance,MMM,0.08233
2021-10-01,Equity Min Variance,MRK,0.14656
2021-10-01,Equity Min Variance,OXY,0.002434
2021-10-01,Equity Min Variance,PSA,0.093627
2021-10-01,Equity Min Variance,SBUX,0.019373
2021-10-01,Equity Min Variance,SLB,0.001992
2021-10-01,Equity Min Variance,T,0.133768
2021-10-01,Equity Min Variance,TTWO,0.041018
2021-10-01,Equity Min Variance,WMT,0.127361
2021-11-01,Equity Min Variance,ABBV,0.01687
2021-11-01,Equity Min Variance,ABT,0.055587
2021-11-01,Equity Min Variance,AEP,0.047508
2021-11-01,Equity Min Variance,AMD,0.035125
2021-11-01,Equity Min Variance,CCI,0.056216
2021-11-01,Equity Min Variance,COP,0.001501
2021-11-01,Equity Min Variance,DUK,0.055038
2021-11-01,Equity Min Variance,EA,0.05265
2021-11-01,Equity Min Variance,GILD,0.04409
2021-11-01,Equity Min Variance,GS,0.06272
2021-11-01,Equity Min Variance,KO,0.062431
2021-11-01,Equity Min Variance,MMM,0.064894
2021-11-01,Equity Min Variance,MRK,0.072761
2021-11-01,Equity Min Variance,NEM,0.000929
2021-11-01,Equity Min Variance,OXY,0.003981
2021-11-01,Equity Min Variance,PSA,0.101559
2021-11-01,Equity Min Variance,SBUX,0.013837
2021-11-01,Equity Min Variance,T,0.109403
2021-11-01,Equity Min Variance,TMUS,0.001827
2021-11-01,Equity Min Variance,TTWO,0.027735
2021-11-01,Equity Min Variance,UPS,0.0077
2021-11-01,Equity Min Variance,WMT,0.105639
2021-12-01,Equity Min Variance,ABBV,0.031302
2021-12-01,Equity Min Variance,ABT,0.076861
2021-12-01,Equity Min Variance,AEP,0.05382
2021-12-01,Equity Min Variance,AMD,0.025623
2021-12-01,Equity Min Variance,CCI,0.001116
2021-12-01,Equity Min Variance,COP,0.01203
2021-12-01,Equity Min Variance,CVX,0.013957
2021-12-01,Equity Min Variance,DIS,0.004941
2021-12-01,Equity Min Variance,DUK,0.066306
2021-12-01,Equity Min Variance,EA,0.068095
2021-12-01,Equity Min Variance,GILD,0.039525
2021-12-01,Equity Min Variance,GS,0.05154
2021-12-01,Equity Min Variance,INTC,0.006652
2021-12-01,Equity Min Variance,KO,0.033525
2021-12-01,Equity Min Variance,MMM,0.063492
2021-12-01,Equity Min Variance,MRK,0.033539
2021-12-01,Equity Min Variance,NEM,0.014582
2021-12-01,Equity Min Variance,NKE,0.001389
2021-12-01,Equity Min Variance,O,0.004113
2021-12-01,Equity Min Variance,PSA,0.126239
2021-12-01,Equity Min Variance,SBUX,0.011479
2021-12-01,Equity Min Variance,SHW,0.027553
2021-12-01,Equity Min Variance,SO,0.010881
2021-12-01,Equity Min Variance,T,0.087918
2021-12-01,Equity Min Variance,TTWO,0.021641
2021-12-01,Equity Min Variance,UPS,0.000676
2021-12-01,Equity Min Variance,WMT,0.111204
2022-01-03,Equity Min Variance,ABBV,0.021945
2022-01-03,Equity Min Variance,ABT,0.068322
2022-01-03,Equity Min Variance,ADBE,0.011404
2022-01-03,Equity Min Variance,AEP,0.053817
2022-01-03,Equity Min Variance,AMD,0.022689
2022-01-03,Equity Min Variance,CVX,0.017203
2022-01-03,Equity Min Variance,DIS,0.024268
2022-01-03,Equity Min Variance,DUK,0.070396
2022-01-03,Equity Min Variance,EA,0.059571
2022-01-03,Equity Min Variance,GILD,0.069379
2022-01-03,Equity Min Variance,GS,0.044314
2022-01-03,Equity Min Variance,INTC,0.00766
2022-01-03,Equity Min Variance,KO,0.025419
2022-01-03,Equity Min Variance,MMM,0.076237
2022-01-03,Equity Min Variance,MRK,0.048894
2022-01-03,Equity Min Variance,NEM,0.01393
2022-01-03,Equity Min Variance,NKE,0.009226
2022-01-03,Equity Min Variance,O,0.006382
2022-01-03,Equity Min Variance,OXY,0.00429
2022-01-03,Equity Min Variance,PSA,0.114431
2022-01-03,Equity Min Variance,SHW,0.006774
2022-01-03,Equity Min Variance,SO,0.012994
2022-01-03,Equity Min Variance,T,0.073545
2022-01-03,Equity Min Variance,TTWO,0.019714
2022-01-03,Equity Min Variance,UPS,0.003958
2022-01-03,Equity Min Variance,WMT,0.113237
2022-02-01,Equity Min Variance,ABBV,0.047512
2022-02-01,Equity Min Variance,ABT,0.035356
2022-02-01,Equity Min Variance,ADBE,0.007204
2022-02-01,Equity Min Variance,AEP,0.037738
2022-02-01,Equity Min Variance,AMD,0.00859
2022-02-01,Equity Min Variance,CAT,0.017295
2022-02-01,Equity Min Variance,CVX,0.075803
2022-02-01,Equity Min Variance,DIS,0.014732
2022-02-01,Equity Min Variance,DUK,0.057853
2022-02-01,Equity Min Variance,EA,0.063142
2022-02-01,Equity Min Variance,GILD,0.068044
2022-02-01,Equity Min Variance,GS,0.002661
2022-02-01,Equity Min Variance,INTC,0.013696
2022-02-01,Equity Min Variance,KO,0.029502
2022-02-01,Equity Min Variance,MMM,0.017238
2022-02-01,Equity Min Variance,MRK,0.062665
2022-02-01,Equity Min Variance,MS,0.020559
2022-02-01,Equity Min Variance,NEM,0.013149
2022-02-01,Equity Min Variance,NKE,0.017902
2022-02-01,Equity Min Variance,O,0.007882
2022-02-01,Equity Min Variance,PSA,0.104251
2022-02-01,Equity Min Variance,SBUX,0.024411
2022-02-01,Equity Min Variance,SHW,0.012534
2022-02-01,Equity Min Variance,SO,0.103654
2022-02-01,Equity Min Variance,T,0.009997
2022-02-01,Equity Min Variance,TTWO,0.031402
2022-02-01,Equity Min Variance,UPS,0.002373
2022-02-01,Equity Min Variance,WMT,0.092857
2022-03-01,Equity Min Variance,ABBV,0.034956
2022-03-01,Equity Min Variance,ABT,0.013423
2022-03-01,Equity Min Variance,ADBE,0.010353
2022-03-01,Equity Min Variance,AEP,0.041989
2022-03-01,Equity Min Variance,CAT,0.013212
2022-03-01,Equity Min Variance,CVX,0.058777
2022-03-01,Equity Min Variance,DIS,0.067339
2022-03-01,Equity Min Variance,DUK,0.007367
2022-03-01,Equity Min Variance,EA,0.068401
2022-03-01,Equity Min Variance,GILD,0.139399
2022-03-01,Equity Min Variance,GS,0.001781
2022-03-01,Equity Min Variance,INTC,0.000235
2022-03-01,Equity Min Variance,KO,0.090931
2022-03-01,Equity Min Variance,MRK,0.0473
2022-03-01,Equity Min Variance,MS,0.010746
2022-03-01,Equity Min Variance,NEM,0.022035
2022-03-01,Equity Min Variance,NKE,0.022518
2022-03-01,Equity Min Variance,O,0.005573
2022-03-01,Equity Min Variance,OXY,0.004044
2022-03-01,Equity Min Variance,PSA,0.068898
2022-03-01,Equity Min Variance,SO,0.088539
2022-03-01,Equity Min Variance,TTWO,0.040187
2022-03-01,Equity Min Variance,UPS,0.011994
2022-03-01,Equity Min Variance,WMT,0.130003
2022-04-01,Equity Min Variance,ABBV,0.04546
2022-04-01,Equity Min Variance,ABT,0.000597
2022-04-01,Equity Min Variance,ADBE,0.010362
2022-04-01,Equity Min Variance,AEP,0.013523
2022-04-01,Equity Min Variance,AMD,0.002782
2022-04-01,Equity Min Variance,CAT,0.028819
2022-04-01,Equity Min Variance,CVX,0.085533
2022-04-01,Equity Min Variance,DIS,0.049978
2022-04-01,Equity Min Variance,DUK,0.016514
2022-04-01,Equity Min Variance,EA,0.074292
2022-04-01,Equity Min Variance,GILD,0.141451
2022-04-01,Equity Min Variance,INTC,0.001148
2022-04-01,Equity Min Variance,KO,0.087967
2022-04-01,Equity Min Variance,MRK,0.050865
2022-04-01,Equity Min Variance,NEE,0.019693
2022-04-01,Equity Min Variance,NEM,0.035552
2022-04-01,Equity Min Variance,NKE,0.01389
2022-04-01,Equity Min Variance,O,0.007657
2022-04-01,Equity Min Variance,PSA,0.049036
2022-04-01,Equity Min Variance,SHW,0.00811
2022-04-01,Equity Min Variance,SO,0.093356
2022-04-01,Equity Min Variance,TMUS,0.014905
2022-04-01,Equity Min Variance,TTWO,0.033335
2022-04-01,Equity Min Variance,WMT,0.115175
2022-05-02,Equity Min Variance,ABBV,0.01913
2022-05-02,Equity Min Variance,ADBE,0.015596
2022-05-02,Equity Min Variance,AMGN,0.009998
2022-05-02,Equity Min Variance,CAT,0.042652
2022-05-02,Equity Min Variance,CVX,0.064424
2022-05-02,Equity Min Variance,DIS,0.039939
2022-05-02,Equity Min Variance,DUK,0.087605
2022-05-02,Equity Min Variance,EA,0.093966
2022-05-02,Equity Min Variance,GILD,0.129075
2022-05-02,Equity Min Variance,KO,0.110146
2022-05-02,Equity Min Variance,MRK,0.05528
2022-05-02,Equity Min Variance,NEM,0.048024
2022-05-02,Equity Min Variance,SHW,0.068862
2022-05-02,Equity Min Variance,SO,0.067843
2022-05-02,Equity Min Variance,TTWO,0.038909
2022-05-02,Equity Min Variance,WMT,0.108549
2022-06-01,Equity Min Variance,ABBV,0.068105
2022-06-01,Equity Min Variance,ADBE,0.004985
2022-06-01,Equity Min Variance,AMGN,0.03507
2022-06-01,Equity Min Variance,CAT,0.018882
2022-06-01,Equity Min Variance,CVX,0.035435
2022-06-01,Equity Min Variance,DIS,0.057833
2022-06-01,Equity Min Variance,DUK,0.161185
2022-06-01,Equity Min Variance,EA,0.091986
2022-06-01,Equity Min Variance,GILD,0.168708
2022-06-01,Equity Min Variance,INTC,0.002738
2022-06-01,Equity Min Variance,MRK,0.073584
2022-06-01,Equity Min Variance,NEM,0.06306
2022-06-01,Equity Min Variance,SHW,0.053142
2022-06-01,Equity Min Variance,SO,0.053311
2022-06-01,Equity Min Variance,TTWO,0.026386
2022-06-01,Equity Min Variance,WMT,0.085591
2022-07-01,Equity Min Variance,ABBV,0.044382
2022-07-01,Equity Min Variance,AMGN,0.070446
2022-07-01,Equity Min Variance,CAT,0.008809
2022-07-01,Equity Min Variance,CVX,0.046776
2022-07-01,Equity Min Variance,DIS,0.05179
2022-07-01,Equity Min Variance,DUK,0.172591
2022-07-01,Equity Min Variance,EA,0.091368
2022-07-01,Equity Min Variance,GILD,0.174219
2022-07-01,Equity Min Variance,KO,0.031322
2022-07-01,Equity Min Variance,MMM,0.002156
2022-07-01,Equity Min Variance,MRK,0.060924
2022-07-01,Equity Min Variance,NEM,0.062123
2022-07-01,Equity Min Variance,SHW,0.028015
2022-07-01,Equity Min Variance,SO,0.008733
2022-07-01,Equity Min Variance,TTWO,0.027242
2022-07-01,Equity Min Variance,UPS,0.008937
2022-07-01,Equity Min Variance,WMT,0.110168
2022-08-01,Equity Min Variance,ABBV,0.055601
2022-08-01,Equity Min Variance,AEP,0.000399
2022-08-01,Equity Min Variance,AMGN,0.073475
2022-08-01,Equity Min Variance,CVX,0.048065
2022-08-01,Equity Min Variance,DIS,0.05156
2022-08-01,Equity Min Variance,DUK,0.158934
2022-08-01,Equity Min Variance,EA,0.095406
2022-08-01,Equity Min Variance,GILD,0.169673
2022-08-01,Equity Min Variance,KO,0.029936
2022-08-01,Equity Min Variance,MMM,0.032444
2022-08-01,Equity Min Variance,MRK,0.061547
2022-08-01,Equity Min Variance,NEM,0.059547
2022-08-01,Equity Min Variance,SHW,0.022252
2022-08-01,Equity Min Variance,SO,0.00541
2022-08-01,Equity Min Variance,TTWO,0.027334
2022-08-01,Equity Min Variance,WMT,0.108418
2022-09-01,Equity Min Variance,ABBV,0.054142
2022-09-01,Equity Min Variance,AMGN,0.133376
2022-09-01,Equity Min Variance,CVX,0.07391
2022-09-01,Equity Min Variance,DIS,0.029585
2022-09-01,Equity Min Variance,DUK,0.108862
2022-09-01,Equity Min Variance,EA,0.101055
2022-09-01,Equity Min Variance,GILD,0.140901
2022-09-01,Equity Min Variance,KO,0.034156
2022-09-01,Equity Min Variance,MRK,0.065013
2022-09-01,Equity Min Variance,NEM,0.059391
2022-09-01,Equity Min Variance,O,0.018616
2022-09-01,Equity Min Variance,SHW,0.026061
2022-09-01,Equity Min Variance,SO,0.038942
2022-09-01,Equity Min Variance,TTWO,0.012351
2022-09-01,Equity Min Variance,UPS,0.004905
2022-09-01,Equity Min Variance,WMT,0.098735
2022-10-03,Equity Min Variance,ABBV,0.073737
2022-10-03,Equity Min Variance,AMGN,0.163524
2022-10-03,Equity Min Variance,CVX,0.077902
2022-10-03,Equity Min Variance,DUK,0.056774
2022-10-03,Equity Min Variance,EA,0.094168
2022-10-03,Equity Min Variance,GILD,0.097117
2022-10-03,Equity Min Variance,KO,0.064345
2022-10-03,Equity Min Variance,MMM,0.021129
2022-10-03,Equity Min Variance,MRK,0.078946
2022-10-03,Equity Min Variance,NEM,0.055427
2022-10-03,Equity Min Variance,O,0.073245
2022-10-03,Equity Min Variance,SHW,0.013689
2022-10-03,Equity Min Variance,TTWO,0.013698
2022-10-03,Equity Min Variance,UPS,0.000985
2022-10-03,Equity Min Variance,WMT,0.115314
2022-11-01,Equity Min Variance,ABBV,0.089572
2022-11-01,Equity Min Variance,AMGN,0.175079
2022-11-01,Equity Min Variance,CVX,0.071504
2022-11-01,Equity Min Variance,DUK,0.018038
2022-11-01,Equity Min Variance,EA,0.105545
2022-11-01,Equity Min Variance,GILD,0.039062
2022-11-01,Equity Min Variance,KO,0.081421
2022-11-01,Equity Min Variance,MRK,0.133708
2022-11-01,Equity Min Variance,NEM,0.055467
2022-11-01,Equity Min Variance,O,0.083124
2022-11-01,Equity Min Variance,SO,0.001439
2022-11-01,Equity Min Variance,TTWO,0.019523
2022-11-01,Equity Min Variance,UPS,0.0161
2022-11-01,Equity Min Variance,WMT,0.11042
2022-12-01,Equity Min Variance,ABBV,0.064255
2022-12-01,Equity Min Variance,AMGN,0.170187
2022-12-01,Equity Min Variance,CVX,0.059835
2022-12-01,Equity Min Variance,D,0.007651
2022-12-01,Equity Min Variance,DUK,0.009622
2022-12-01,Equity Min Variance,EA,0.105285
2022-12-01,Equity Min Variance,GILD,0.027466
2022-12-01,Equity Min Variance,KO,0.094549
2022-12-01,Equity Min Variance,MRK,0.237438
2022-12-01,Equity Min Variance,NEM,0.015371
2022-12-01,Equity Min Variance,O,0.042691
2022-12-01,Equity Min Variance,TTWO,0.036541
2022-12-01,Equity Min Variance,WMT,0.112818
2022-12-01,Equity Min Variance,XOM,0.01629
2023-01-03,Equity Min Variance,ABBV,0.07824
2023-01-03,Equity Min Variance,AMGN,0.175508
2023-01-03,Equity Min Variance,CVX,0.051531
2023-01-03,Equity Min Variance,D,0.015245
2023-01-03,Equity Min Variance,DUK,0.020401
2023-01-03,Equity Min Variance,EA,0.104479
2023-01-03,Equity Min Variance,GILD,0.010755
2023-01-03,Equity Min Variance,KO,0.092093
2023-01-03,Equity Min Variance,MRK,0.220196
2023-01-03,Equity Min Variance,NEM,0.014855
2023-01-03,Equity Min Variance,O,0.060599
2023-01-03,Equity Min Variance,T,0.003623
2023-01-03,Equity Min Variance,TTWO,0.035588
2023-01-03,Equity Min Variance,WMT,0.107337
2023-01-03,Equity Min Variance,XOM,0.009549
2023-02-01,Equity Min Variance,ABBV,0.061767
2023-02-01,Equity Min Variance,AMGN,0.179376
2023-02-01,Equity Min Variance,CVX,0.050349
2023-02-01,Equity Min Variance,D,0.030112
2023-02-01,Equity Min Variance,DUK,0.012132
2023-02-01,Equity Min Variance,EA,0.13239
2023-02-01,Equity Min Variance,KO,0.077976
2023-02-01,Equity Min Variance,MRK,0.212835
2023-02-01,Equity Min Variance,NEM,0.007002
2023-02-01,Equity Min Variance,O,0.07225
2023-02-01,Equity Min Variance,T,0.030462
2023-02-01,Equity Min Variance,TTWO,0.023532
2023-02-01,Equity Min Variance,WMT,0.101494
2023-02-01,Equity Min Variance,XOM,0.008322
2023-03-01,Equity Min Variance,ABBV,0.04908
2023-03-01,Equity Min Variance,AMGN,0.200024
2023-03-01,Equity Min Variance,CVX,0.061337
2023-03-01,Equity Min Variance,D,0.006899
2023-03-01,Equity Min Variance,DUK,0.044752
2023-03-01,Equity Min Variance,EA,0.093999
2023-03-01,Equity Min Variance,KO,0.084149
2023-03-01,Equity Min Variance,MRK,0.204844
2023-03-01,Equity Min Variance,NEM,0.001179
2023-03-01,Equity Min Variance,O,0.08686
2023-03-01,Equity Min Variance,T,0.043654
2023-03-01,Equity Min Variance,TTWO,0.027625
2023-03-01,Equity Min Variance,WMT,0.095598
2023-04-03,Equity Min Variance,ABBV,0.055976
2023-04-03,Equity Min Variance,AMGN,0.191091
2023-04-03,Equity Min Variance,CVX,0.032543
2023-04-03,Equity Min Variance,D,0.014447
2023-04-03,Equity Min Variance,DUK,0.011772
2023-04-03,Equity Min Variance,EA,0.10482
2023-04-03,Equity Min Variance,KO,0.134324
2023-04-03,Equity Min Variance,MRK,0.188401
2023-04-03,Equity Min Variance,NEM,0.005761
2023-04-03,Equity Min Variance,O,0.071847
2023-04-03,Equity Min Variance,T,0.051487
2023-04-03,Equity Min Variance,TTWO,0.023772
2023-04-03,Equity Min Variance,WMT,0.104146
2023-04-03,Equity Min Variance,XOM,0.009613
2023-05-01,Equity Min Variance,ABBV,0.077455
2023-05-01,Equity Min Variance,AMGN,0.179123
2023-05-01,Equity Min Variance,CVX,0.041882
2023-05-01,Equity Min Variance,D,0.008478
2023-05-01,Equity Min Variance,EA,0.078195
2023-05-01,Equity Min Variance,KO,0.150954
2023-05-01,Equity Min Variance,MRK,0.176524
2023-05-01,Equity Min Variance,NEM,0.004444
2023-05-01,Equity Min Variance,O,0.103561
2023-05-01,Equity Min Variance,T,0.036608
2023-05-01,Equity Min Variance,TTWO,0.022798
2023-05-01,Equity Min Variance,WMT,0.119978
2023-06-01,Equity Min Variance,ABBV,0.050408
2023-06-01,Equity Min Variance,AMGN,0.080684
2023-06-01,Equity Min Variance,CVX,0.04035
2023-06-01,Equity Min Variance,EA,0.125595
2023-06-01,Equity Min Variance,KO,0.282183
2023-06-01,Equity Min Variance,MRK,0.157876
2023-06-01,Equity Min Variance,O,0.085194
2023-06-01,Equity Min Variance,T,0.024547
2023-06-01,Equity Min Variance,WMT,0.153162
2023-07-03,Equity Min Variance,ABBV,0.087325
2023-07-03,Equity Min Variance,AMGN,0.013399
2023-07-03,Equity Min Variance,CVX,0.016415
2023-07-03,Equity Min Variance,EA,0.125467
2023-07-03,Equity Min Variance,KO,0.235871
2023-07-03,Equity Min Variance,MRK,0.176256
2023-07-03,Equity Min Variance,O,0.117056
2023-07-03,Equity Min Variance,OXY,0.004646
2023-07-03,Equity Min Variance,T,0.043944
2023-07-03,Equity Min Variance,TMUS,0.031266
2023-07-03,Equity Min Variance,TTWO,0.001188
2023-07-03,Equity Min Variance,WMT,0.139502
2023-07-03,Equity Min Variance,XOM,0.007665
2023-08-01,Equity Min Variance,ABBV,0.087666
2023-08-01,Equity Min Variance,AMGN,0.015816
2023-08-01,Equity Min Variance,CVX,0.013504
2023-08-01,Equity Min Variance,EA,0.114986
2023-08-01,Equity Min Variance,KO,0.229269
2023-08-01,Equity Min Variance,MRK,0.160001
2023-08-01,Equity Min Variance,O,0.121744
2023-08-01,Equity Min Variance,OXY,0.012846
2023-08-01,Equity Min Variance,T,0.026861
2023-08-01,Equity Min Variance,TMUS,0.053549
2023-08-01,Equity Min Variance,TTWO,0.002146
2023-08-01,Equity Min Variance,V,0.014828
2023-08-01,Equity Min Variance,WMT,0.138781
2023-08-01,Equity Min Variance,XOM,0.008002
2023-09-01,Equity Min Variance,ABBV,0.074108
2023-09-01,Equity Min Variance,AMGN,0.041706
2023-09-01,Equity Min Variance,EA,0.077905
2023-09-01,Equity Min Variance,KO,0.252182
2023-09-01,Equity Min Variance,MRK,0.14147
2023-09-01,Equity Min Variance,O,0.094881
2023-09-01,Equity Min Variance,OXY,0.019085
2023-09-01,Equity Min Variance,T,0.03273
2023-09-01,Equity Min Variance,TMUS,0.035671
2023-09-01,Equity Min Variance,TTWO,0.016173
2023-09-01,Equity Min Variance,V,0.019551
2023-09-01,Equity Min Variance,WMT,0.180879
2023-09-01,Equity Min Variance,XOM,0.01366
2023-10-02,Equity Min Variance,ABBV,0.062973
2023-10-02,Equity Min Variance,AMGN,0.046712
2023-10-02,Equity Min Variance,CVX,0.028149
2023-10-02,Equity Min Variance,EA,0.078664
2023-10-02,Equity Min Variance,GE,0.007137
2023-10-02,Equity Min Variance,KO,0.282909
2023-10-02,Equity Min Variance,MRK,0.116747
2023-10-02,Equity Min Variance,O,0.064714
2023-10-02,Equity Min Variance,OXY,0.017512
2023-10-02,Equity Min Variance,T,0.027011
2023-10-02,Equity Min Variance,TMUS,0.062319
2023-10-02,Equity Min Variance,TTWO,0.016848
2023-10-02,Equity Min Variance,V,0.029739
2023-10-02,Equity Min Variance,WMT,0.158042
2023-10-02,Equity Min Variance,XOM,0.000524
2023-11-01,Equity Min Variance,ABBV,0.076602
2023-11-01,Equity Min Variance,AMGN,0.033126
2023-11-01,Equity Min Variance,CMCSA,0.00057
2023-11-01,Equity Min Variance,CVX,0.047118
2023-11-01,Equity Min Variance,DD,0.018813
2023-11-01,Equity Min Variance,EA,0.067245
2023-11-01,Equity Min Variance,GE,0.008383
2023-11-01,Equity Min Variance,GS,0.005438
2023-11-01,Equity Min Variance,KO,0.17678
2023-11-01,Equity Min Variance,MRK,0.121847
2023-11-01,Equity Min Variance,NVDA,0.004093
2023-11-01,Equity Min Variance,O,0.100743
2023-11-01,Equity Min Variance,T,0.041221
2023-11-01,Equity Min Variance,TMUS,0.06242
2023-11-01,Equity Min Variance,V,0.040037
2023-11-01,Equity Min Variance,WMT,0.195562
2023-12-01,Equity Min Variance,ABBV,0.087457
2023-12-01,Equity Min Variance,ABT,0.020946
2023-12-01,Equity Min Variance,AMD,0.009272
2023-12-01,Equity Min Variance,AMGN,0.010736
2023-12-01,Equity Min Variance,CVX,0.025112
2023-12-01,Equity Min Variance,DD,0.007672
2023-12-01,Equity Min Variance,DUK,0.001264
2023-12-01,Equity Min Variance,EA,0.042257
2023-12-01,Equity Min Variance,GE,0.011885
2023-12-01,Equity Min Variance,INTC,0.002729
2023-12-01,Equity Min Variance,KO,0.183868
2023-12-01,Equity Min Variance,MRK,0.104297
2023-12-01,Equity Min Variance,NEM,0.0113
2023-12-01,Equity Min Variance,NVDA,0.011765
2023-12-01,Equity Min Variance,O,0.084092
2023-12-01,Equity Min Variance,OXY,0.028324
2023-12-01,Equity Min Variance,T,0.036242
2023-12-01,Equity Min Variance,TMUS,0.063903
2023-12-01,Equity Min Variance,V,0.078738
2023-12-01,Equity Min Variance,WMT,0.178142
2021-01-04,Equity Max Sharpe,NEM,0.162212
2021-01-04,Equity Max Sharpe,NVDA,0.197669
2021-01-04,Equity Max Sharpe,QCOM,0.00226
2021-01-04,Equity Max Sharpe,TMUS,0.290782
2021-01-04,Equity Max Sharpe,TTWO,0.239437
2021-01-04,Equity Max Sharpe,UPS,0.107639
2021-02-01,Equity Max Sharpe,ABBV,0.001296
2021-02-01,Equity Max Sharpe,DD,0.112132
2021-02-01,Equity Max Sharpe,NEM,0.144762
2021-02-01,Equity Max Sharpe,NVDA,0.255396
2021-02-01,Equity Max Sharpe,QCOM,0.116625
2021-02-01,Equity Max Sharpe,TMUS,0.076661
2021-02-01,Equity Max Sharpe,TTWO,0.187674
2021-02-01,Equity Max Sharpe,UPS,0.105454
2021-03-01,Equity Max Sharpe,CAT,0.300875
2021-03-01,Equity Max Sharpe,NVDA,0.088373
2021-03-01,Equity Max Sharpe,TTWO,0.329251
2021-03-01,Equity Max Sharpe,UPS,0.281501
2021-04-01,Equity Max Sharpe,ABBV,0.112929
2021-04-01,Equity Max Sharpe,ABT,0.066027
2021-04-01,Equity Max Sharpe,CAT,0.028242
2021-04-01,Equity Max Sharpe,DD,0.097068
2021-04-01,Equity Max Sharpe,DIS,0.053713
2021-04-01,Equity Max Sharpe,EA,0.066695
2021-04-01,Equity Max Sharpe,GS,0.106359
2021-04-01,Equity Max Sharpe,MS,0.0295
2021-04-01,Equity Max Sharpe,NEM,0.012783
2021-04-01,Equity Max Sharpe,NUE,0.142033
2021-04-01,Equity Max Sharpe,NVDA,0.018172
2021-04-01,Equity Max Sharpe,PSA,0.003161
2021-04-01,Equity Max Sharpe,TTWO,0.174804
2021-04-01,Equity Max Sharpe,UPS,0.088514
2021-05-03,Equity Max Sharpe,ABBV,0.132734
2021-05-03,Equity Max Sharpe,CAT,0.150464
2021-05-03,Equity Max Sharpe,GE,0.006268
2021-05-03,Equity Max Sharpe,MS,0.121282
2021-05-03,Equity Max Sharpe,NUE,0.004212
2021-05-03,Equity Max Sharpe,NVDA,0.069034
2021-05-03,Equity Max Sharpe,PSA,0.19939
2021-05-03,Equity Max Sharpe,SHW,0.029737
2021-05-03,Equity Max Sharpe,TTWO,0.102127
2021-05-03,Equity Max Sharpe,UPS,0.184752
2021-06-01,Equity Max Sharpe,CAT,0.121557
2021-06-01,Equity Max Sharpe,GE,0.070426
2021-06-01,Equity Max Sharpe,MS,0.126913
2021-06-01,Equity Max Sharpe,NUE,0.09521
2021-06-01,Equity Max Sharpe,NVDA,0.054814
2021-06-01,Equity Max Sharpe,PSA,0.206911
2021-06-01,Equity Max Sharpe,TTWO,0.114057
2021-06-01,Equity Max Sharpe,UPS,0.210112
2021-07-01,Equity Max Sharpe,ABT,0.021224
2021-07-01,Equity Max Sharpe,AMD,0.036345
2021-07-01,Equity Max Sharpe,DIS,0.005939
2021-07-01,Equity Max Sharpe,GE,0.079336
2021-07-01,Equity Max Sharpe,GS,0.174119
2021-07-01,Equity Max Sharpe,NKE,0.066526
2021-07-01,Equity Max Sharpe,NUE,0.100045
2021-07-01,Equity Max Sharpe,NVDA,0.092652
2021-07-01,Equity Max Sharpe,PSA,0.336234
2021-07-01,Equity Max Sharpe,UPS,0.087581
2021-08-02,Equity Max Sharpe,ABBV,0.002887
2021-08-02,Equity Max Sharpe,ADBE,0.007856
2021-08-02,Equity Max Sharpe,DUK,0.005423
2021-08-02,Equity Max Sharpe,GE,0.071393
2021-08-02,Equity Max Sharpe,GS,0.125203
2021-08-02,Equity Max Sharpe,MS,0.027051
2021-08-02,Equity Max Sharpe,NKE,0.131339
2021-08-02,Equity Max Sharpe,NUE,0.119679
2021-08-02,Equity Max Sharpe,NVDA,0.091017
2021-08-02,Equity Max Sharpe,PSA,0.386644
2021-08-02,Equity Max Sharpe,SBUX,0.031509
2021-09-01,Equity Max Sharpe,ABBV,0.022808
2021-09-01,Equity Max Sharpe,DUK,0.053679
2021-09-01,Equity Max Sharpe,GE,0.065268
2021-09-01,Equity Max Sharpe,GS,0.199318
2021-09-01,Equity Max Sharpe,NKE,0.065221
2021-09-01,Equity Max Sharpe,NUE,0.113752
2021-09-01,Equity Max Sharpe,NVDA,0.088399
2021-09-01,Equity Max Sharpe,PSA,0.391555
2021-10-01,Equity Max Sharpe,ABBV,0.009345
2021-10-01,Equity Max Sharpe,ABT,0.003072
2021-10-01,Equity Max Sharpe,GE,0.109285
2021-10-01,Equity Max Sharpe,GILD,0.01204
2021-10-01,Equity Max Sharpe,GS,0.044906
2021-10-01,Equity Max Sharpe,MS,0.159939
2021-10-01,Equity Max Sharpe,NUE,0.05531
2021-10-01,Equity Max Sharpe,NVDA,0.117822
2021-10-01,Equity Max Sharpe,OXY,0.046736
2021-10-01,Equity Max Sharpe,PSA,0.434777
2021-10-01,Equity Max Sharpe,WFC,0.006769
2021-11-01,Equity Max Sharpe,ABBV,0.051149
2021-11-01,Equity Max Sharpe,ABT,0.085325
2021-11-01,Equity Max Sharpe,AMD,0.011845
2021-11-01,Equity Max Sharpe,COP,0.001638
2021-11-01,Equity Max Sharpe,GS,0.173885
2021-11-01,Equity Max Sharpe,MRK,0.032716
2021-11-01,Equity Max Sharpe,NUE,0.02312
2021-11-01,Equity Max Sharpe,NVDA,0.086176
2021-11-01,Equity Max Sharpe,OXY,0.057178
2021-11-01,Equity Max Sharpe,PLD,0.034374
2021-11-01,Equity Max Sharpe,PSA,0.335096
2021-11-01,Equity Max Sharpe,SHW,0.026361
2021-11-01,Equity Max Sharpe,WFC,0.081136
2021-12-01,Equity Max Sharpe,ABT,0.020009
2021-12-01,Equity Max Sharpe,COP,0.04063
2021-12-01,Equity Max Sharpe,GILD,0.089497
2021-12-01,Equity Max Sharpe,GS,0.122914
2021-12-01,Equity Max Sharpe,NUE,0.052574
2021-12-01,Equity Max Sharpe,NVDA,0.149235
2021-12-01,Equity Max Sharpe,PLD,0.037396
2021-12-01,Equity Max Sharpe,PSA,0.369654
2021-12-01,Equity Max Sharpe,SHW,0.025928
2021-12-01,Equity Max Sharpe,WFC,0.061914
2021-12-01,Equity Max Sharpe,XOM,0.030249
2022-01-03,Equity Max Sharpe,ABT,0.073173
2022-01-03,Equity Max Sharpe,COP,0.087041
2022-01-03,Equity Max Sharpe,GILD,0.115254
2022-01-03,Equity Max Sharpe,NUE,0.10541
2022-01-03,Equity Max Sharpe,NVDA,0.093903
2022-01-03,Equity Max Sharpe,PLD,0.104114
2022-01-03,Equity Max Sharpe,PSA,0.364071
2022-01-03,Equity Max Sharpe,SHW,0.029331
2022-01-03,Equity Max Sharpe,WFC,0.027704
2022-02-01,Equity Max Sharpe,ABBV,0.113852
2022-02-01,Equity Max Sharpe,COP,0.165107
2022-02-01,Equity Max Sharpe,MS,0.004136
2022-02-01,Equity Max Sharpe,NUE,0.073525
2022-02-01,Equity Max Sharpe,NVDA,0.067243
2022-02-01,Equity Max Sharpe,PLD,0.075032
2022-02-01,Equity Max Sharpe,PSA,0.400453
2022-02-01,Equity Max Sharpe,SO,0.038826
2022-02-01,Equity Max Sharpe,WFC,0.061825
2022-03-01,Equity Max Sharpe,ABBV,0.180712
2022-03-01,Equity Max Sharpe,AEP,0.040466
2022-03-01,Equity Max Sharpe,COP,0.154739
2022-03-01,Equity Max Sharpe,KO,0.035611
2022-03-01,Equity Max Sharpe,NEM,0.025521
2022-03-01,Equity Max Sharpe,NUE,0.099129
2022-03-01,Equity Max Sharpe,NVDA,0.064948
2022-03-01,Equity Max Sharpe,PSA,0.398874
2022-04-01,Equity Max Sharpe,ABBV,0.297731
2022-04-01,Equity Max Sharpe,COP,0.077911
2022-04-01,Equity Max Sharpe,CVX,0.106589
2022-04-01,Equity Max Sharpe,NEM,0.058638
2022-04-01,Equity Max Sharpe,NUE,0.03637
2022-04-01,Equity Max Sharpe,NVDA,0.071007
2022-04-01,Equity Max Sharpe,OXY,0.004914
2022-04-01,Equity Max Sharpe,PLD,0.028894
2022-04-01,Equity Max Sharpe,PSA,0.317946
2022-05-02,Equity Max Sharpe,ABBV,0.196684
2022-05-02,Equity Max Sharpe,COP,0.173246
2022-05-02,Equity Max Sharpe,CVX,0.085215
2022-05-02,Equity Max Sharpe,KO,0.024275
2022-05-02,Equity Max Sharpe,MRK,0.080673
2022-05-02,Equity Max Sharpe,NUE,0.104853
2022-05-02,Equity Max Sharpe,OXY,0.013341
2022-05-02,Equity Max Sharpe,PLD,0.222256
2022-05-02,Equity Max Sharpe,PSA,0.099458
2022-06-01,Equity Max Sharpe,ABBV,0.25347
2022-06-01,Equity Max Sharpe,AEP,0.110862
2022-06-01,Equity Max Sharpe,AMD,0.040267
2022-06-01,Equity Max Sharpe,COP,0.051367
2022-06-01,Equity Max Sharpe,CVX,0.193153
2022-06-01,Equity Max Sharpe,MRK,0.134046
2022-06-01,Equity Max Sharpe,OXY,0.067711
2022-06-01,Equity Max Sharpe,SO,0.149124
2022-07-01,Equity Max Sharpe,ABBV,0.465931
2022-07-01,Equity Max Sharpe,CVX,0.115146
2022-07-01,Equity Max Sharpe,KO,0.050538
2022-07-01,Equity Max Sharpe,MRK,0.03329
2022-07-01,Equity Max Sharpe,OXY,0.110719
2022-07-01,Equity Max Sharpe,SO,0.224376
2022-08-01,Equity Max Sharpe,ABBV,0.23984
2022-08-01,Equity Max Sharpe,CVX,0.210399
2022-08-01,Equity Max Sharpe,MRK,0.058194
2022-08-01,Equity Max Sharpe,NUE,0.022424
2022-08-01,Equity Max Sharpe,OXY,0.167733
2022-08-01,Equity Max Sharpe,SO,0.301409
2022-09-01,Equity Max Sharpe,ABBV,0.081746
2022-09-01,Equity Max Sharpe,AMGN,0.062412
2022-09-01,Equity Max Sharpe,COP,0.064201
2022-09-01,Equity Max Sharpe,CVX,0.130465
2022-09-01,Equity Max Sharpe,MRK,0.033048
2022-09-01,Equity Max Sharpe,OXY,0.228898
2022-09-01,Equity Max Sharpe,SO,0.335255
2022-09-01,Equity Max Sharpe,XOM,0.063973
2022-10-03,Equity Max Sharpe,ABBV,0.532685
2022-10-03,Equity Max Sharpe,CVX,0.150401
2022-10-03,Equity Max Sharpe,MRK,0.050751
2022-10-03,Equity Max Sharpe,OXY,0.214563
2022-10-03,Equity Max Sharpe,SO,0.014121
2022-10-03,Equity Max Sharpe,XOM,0.037479
2022-11-01,Equity Max Sharpe,ABBV,0.177252
2022-11-01,Equity Max Sharpe,AMGN,0.387271
2022-11-01,Equity Max Sharpe,CVX,0.059745
2022-11-01,Equity Max Sharpe,GILD,0.051737
2022-11-01,Equity Max Sharpe,OXY,0.103215
2022-11-01,Equity Max Sharpe,TMUS,0.009203
2022-11-01,Equity Max Sharpe,XOM,0.211577
2022-12-01,Equity Max Sharpe,ABBV,0.063472
2022-12-01,Equity Max Sharpe,AMGN,0.270617
2022-12-01,Equity Max Sharpe,MRK,0.386544
2022-12-01,Equity Max Sharpe,OXY,0.082808
2022-12-01,Equity Max Sharpe,TMUS,0.025033
2022-12-01,Equity Max Sharpe,XOM,0.171526
2023-01-03,Equity Max Sharpe,AMGN,0.030047
2023-01-03,Equity Max Sharpe,MRK,0.638969
2023-01-03,Equity Max Sharpe,OXY,0.08647
2023-01-03,Equity Max Sharpe,XOM,0.244514
2023-02-01,Equity Max Sharpe,GILD,0.045942
2023-02-01,Equity Max Sharpe,MRK,0.493537
2023-02-01,Equity Max Sharpe,NUE,0.114
2023-02-01,Equity Max Sharpe,OXY,0.067521
2023-02-01,Equity Max Sharpe,TMUS,0.125506
2023-02-01,Equity Max Sharpe,XOM,0.153494
2023-03-01,Equity Max Sharpe,GILD,0.182484
2023-03-01,Equity Max Sharpe,MRK,0.601452
2023-03-01,Equity Max Sharpe,NUE,0.023954
2023-03-01,Equity Max Sharpe,OXY,0.046007
2023-03-01,Equity Max Sharpe,XOM,0.146102
2023-04-03,Equity Max Sharpe,GE,0.070528
2023-04-03,Equity Max Sharpe,GILD,0.366271
2023-04-03,Equity Max Sharpe,MRK,0.4019
2023-04-03,Equity Max Sharpe,XOM,0.161301
2023-05-01,Equity Max Sharpe,GE,0.241811
2023-05-01,Equity Max Sharpe,GILD,0.080236
2023-05-01,Equity Max Sharpe,MRK,0.469219
2023-05-01,Equity Max Sharpe,SBUX,0.141446
2023-05-01,Equity Max Sharpe,XOM,0.067289
2023-06-01,Equity Max Sharpe,BA,0.045487
2023-06-01,Equity Max Sharpe,GE,0.388805
2023-06-01,Equity Max Sharpe,GILD,0.01369
2023-06-01,Equity Max Sharpe,MRK,0.415057
2023-06-01,Equity Max Sharpe,NVDA,0.136961
2023-07-03,Equity Max Sharpe,GE,0.487725
2023-07-03,Equity Max Sharpe,MRK,0.317863
2023-07-03,Equity Max Sharpe,NVDA,0.110981
2023-07-03,Equity Max Sharpe,WMT,0.083432
2023-08-01,Equity Max Sharpe,GE,0.469738
2023-08-01,Equity Max Sharpe,GILD,0.047471
2023-08-01,Equity Max Sharpe,MRK,0.264697
2023-08-01,Equity Max Sharpe,NVDA,0.14464
2023-08-01,Equity Max Sharpe,SLB,0.069782
2023-08-01,Equity Max Sharpe,WMT,0.003673
2023-09-01,Equity Max Sharpe,GE,0.398523
2023-09-01,Equity Max Sharpe,MRK,0.344924
2023-09-01,Equity Max Sharpe,NVDA,0.192604
2023-09-01,Equity Max Sharpe,SLB,0.024855
2023-09-01,Equity Max Sharpe,WMT,0.039095
2023-10-02,Equity Max Sharpe,AMGN,0.089921
2023-10-02,Equity Max Sharpe,CAT,0.018683
2023-10-02,Equity Max Sharpe,GE,0.492778
2023-10-02,Equity Max Sharpe,MRK,0.18341
2023-10-02,Equity Max Sharpe,NVDA,0.17352
2023-10-02,Equity Max Sharpe,SLB,0.041687
2023-11-01,Equity Max Sharpe,GE,0.51535
2023-11-01,Equity Max Sharpe,MRK,0.106793
2023-11-01,Equity Max Sharpe,NVDA,0.241938
2023-11-01,Equity Max Sharpe,WMT,0.13592
2023-12-01,Equity Max Sharpe,ADBE,0.091216
2023-12-01,Equity Max Sharpe,GE,0.502542
2023-12-01,Equity Max Sharpe,INTC,0.047065
2023-12-01,Equity Max Sharpe,NVDA,0.210429
2023-12-01,Equity Max Sharpe,SO,0.084672
2023-12-01,Equity Max Sharpe,TTWO,0.064076
2021-01-04,Equity Risk Parity,ABBV,0.027193
2021-01-04,Equity Risk Parity,ABT,0.022319
2021-01-04,Equity Risk Parity,ADBE,0.019169
2021-01-04,Equity Risk Parity,AEP,0.024164
2021-01-04,Equity Risk Parity,AMD,0.017257
2021-01-04,Equity Risk Parity,AMGN,0.023784
2021-01-04,Equity Risk Parity,AMT,0.018758
2021-01-04,Equity Risk Parity,BA,0.011025
2021-01-04,Equity Risk Parity,CAT,0.018517
2021-01-04,Equity Risk Parity,CCI,0.019828
2021-01-04,Equity Risk Parity,CMCSA,0.020962
2021-01-04,Equity Risk Parity,COP,0.012524
2021-01-04,Equity Risk Parity,CVX,0.01355
2021-01-04,Equity Risk Parity,D,0.019379
2021-01-04,Equity Risk Parity,DD,0.016014
2021-01-04,Equity Risk Parity,DIS,0.018281
2021-01-04,Equity Risk Parity,DOW,0.013663
2021-01-04,Equity Risk Parity,DUK,0.019356
2021-01-04,Equity Risk Parity,EA,0.032677
2021-01-04,Equity Risk Parity,GE,0.014797
2021-01-04,Equity Risk Parity,GILD,0.036336
2021-01-04,Equity Risk Parity,GS,0.014983
2021-01-04,Equity Risk Parity,INTC,0.01671
2021-01-04,Equity Risk Parity,KO,0.022653
2021-01-04,Equity Risk Parity,MMM,0.022613
2021-01-04,Equity Risk Parity,MRK,0.027344
2021-01-04,Equity Risk Parity,MS,0.013246
2021-01-04,Equity Risk Parity,NEE,0.019716
2021-01-04,Equity Risk Parity,NEM,0.039272
2021-01-04,Equity Risk Parity,NKE,0.020722
2021-01-04,Equity Risk Parity,NUE,0.016451
2021-01-04,Equity Risk Parity,NVDA,0.015237
2021-01-04,Equity Risk Parity,O,0.015726
2021-01-04,Equity Risk Parity,OXY,0.009791
2021-01-04,Equity Risk Parity,PLD,0.01707
2021-01-04,Equity Risk Parity,PSA,0.026044
2021-01-04,Equity Risk Parity,QCOM,0.017209
2021-01-04,Equity Risk Parity,SBUX,0.017237
2021-01-04,Equity Risk Parity,SHW,0.020058
2021-01-04,Equity Risk Parity,SLB,0.012276
2021-01-04,Equity Risk Parity,SO,0.017796
2021-01-04,Equity Risk Parity,T,0.021913
2021-01-04,Equity Risk Parity,TMUS,0.022819
2021-01-04,Equity Risk Parity,TTWO,0.031711
2021-01-04,Equity Risk Parity,UPS,0.023964
2021-01-04,Equity Risk Parity,USB,0.014245
2021-01-04,Equity Risk Parity,V,0.017361
2021-01-04,Equity Risk Parity,WFC,0.013406
2021-01-04,Equity Risk Parity,WMT,0.036387
2021-01-04,Equity Risk Parity,XOM,0.016484
2021-02-01,Equity Risk Parity,ABBV,0.026768
2021-02-01,Equity Risk Parity,ABT,0.022542
2021-02-01,Equity Risk Parity,ADBE,0.01918
2021-02-01,Equity Risk Parity,AEP,0.024333
2021-02-01,Equity Risk Parity,AMD,0.017375
2021-02-01,Equity Risk Parity,AMGN,0.023782
2021-02-01,Equity Risk Parity,AMT,0.018889
2021-02-01,Equity Risk Parity,BA,0.010982
2021-02-01,Equity Risk Parity,CAT,0.018585
2021-02-01,Equity Risk Parity,CCI,0.019973
2021-02-01,Equity Risk Parity,CMCSA,0.020818
2021-02-01,Equity Risk Parity,COP,0.012479
2021-02-01,Equity Risk Parity,CVX,0.013541
2021-02-01,Equity Risk Parity,D,0.019608
2021-02-01,Equity Risk Parity,DD,0.015942
2021-02-01,Equity Risk Parity,DIS,0.018225
2021-02-01,Equity Risk Parity,DOW,0.01363
2021-02-01,Equity Risk Parity,DUK,0.019545
2021-02-01,Equity Risk Parity,EA,0.033026
2021-02-01,Equity Risk Parity,GE,0.014842
2021-02-01,Equity Risk Parity,GILD,0.036222
2021-02-01,Equity Risk Parity,GS,0.015055
2021-02-01,Equity Risk Parity,INTC,0.016673
2021-02-01,Equity Risk Parity,KO,0.022737
2021-02-01,Equity Risk Parity,MMM,0.023118
2021-02-01,Equity Risk Parity,MRK,0.027229
2021-02-01,Equity Risk Parity,MS,0.013282
2021-02-01,Equity Risk Parity,NEE,0.019257
2021-02-01,Equity Risk Parity,NEM,0.038608
2021-02-01,Equity Risk Parity,NKE,0.020663
2021-02-01,Equity Risk Parity,NUE,0.01647
2021-02-01,Equity Risk Parity,NVDA,0.01536
2021-02-01,Equity Risk Parity,O,0.01579
2021-02-01,Equity Risk Parity,OXY,0.009778
2021-02-01,Equity Risk Parity,PLD,0.01715
2021-02-01,Equity Risk Parity,PSA,0.026165
2021-02-01,Equity Risk Parity,QCOM,0.017163
2021-02-01,Equity Risk Parity,SBUX,0.017185
2021-02-01,Equity Risk Parity,SHW,0.020195
2021-02-01,Equity Risk Parity,SLB,0.012229
2021-02-01,Equity Risk Parity,SO,0.017773
2021-02-01,Equity Risk Parity,T,0.022141
2021-02-01,Equity Risk Parity,TMUS,0.022565
2021-02-01,Equity Risk Parity,TTWO,0.031513
2021-02-01,Equity Risk Parity,UPS,0.023983
2021-02-01,Equity Risk Parity,USB,0.01422
2021-02-01,Equity Risk Parity,V,0.017399
2021-02-01,Equity Risk Parity,WFC,0.013277
2021-02-01,Equity Risk Parity,WMT,0.036281
2021-02-01,Equity Risk Parity,XOM,0.016454
2021-03-01,Equity Risk Parity,ABBV,0.027067
2021-03-01,Equity Risk Parity,ABT,0.022779
2021-03-01,Equity Risk Parity,ADBE,0.019076
2021-03-01,Equity Risk Parity,AEP,0.024404
2021-03-01,Equity Risk Parity,AMD,0.01776
2021-03-01,Equity Risk Parity,AMGN,0.02434
2021-03-01,Equity Risk Parity,AMT,0.018596
2021-03-01,Equity Risk Parity,BA,0.010846
2021-03-01,Equity Risk Parity,CAT,0.018646
2021-03-01,Equity Risk Parity,CCI,0.020262
2021-03-01,Equity Risk Parity,CMCSA,0.020823
2021-03-01,Equity Risk Parity,COP,0.012451
2021-03-01,Equity Risk Parity,CVX,0.013489
2021-03-01,Equity Risk Parity,D,0.01945
2021-03-01,Equity Risk Parity,DD,0.016054
2021-03-01,Equity Risk Parity,DIS,0.018101
2021-03-01,Equity Risk Parity,DOW,0.01373
2021-03-01,Equity Risk Parity,DUK,0.019406
2021-03-01,Equity Risk Parity,EA,0.0333
2021-03-01,Equity Risk Parity,GE,0.01479
2021-03-01,Equity Risk Parity,GILD,0.035188
2021-03-01,Equity Risk Parity,GS,0.014919
2021-03-01,Equity Risk Parity,INTC,0.016785
2021-03-01,Equity Risk Parity,KO,0.022613
2021-03-01,Equity Risk Parity,MMM,0.022936
2021-03-01,Equity Risk Parity,MRK,0.026931
2021-03-01,Equity Risk Parity,MS,0.013183
2021-03-01,Equity Risk Parity,NEE,0.019106
2021-03-01,Equity Risk Parity,NEM,0.038358
2021-03-01,Equity Risk Parity,NKE,0.020842
2021-03-01,Equity Risk Parity,NUE,0.016441
2021-03-01,Equity Risk Parity,NVDA,0.015531
2021-03-01,Equity Risk Parity,O,0.015741
2021-03-01,Equity Risk Parity,OXY,0.009725
2021-03-01,Equity Risk Parity,PLD,0.017243
2021-03-01,Equity Risk Parity,PSA,0.026403
2021-03-01,Equity Risk Parity,QCOM,0.017364
2021-03-01,Equity Risk Parity,SBUX,0.017083
2021-03-01,Equity Risk Parity,SHW,0.020286
2021-03-01,Equity Risk Parity,SLB,0.012206
2021-03-01,Equity Risk Parity,SO,0.017595
2021-03-01,Equity Risk Parity,T,0.021831
2021-03-01,Equity Risk Parity,TMUS,0.022726
2021-03-01,Equity Risk Parity,TTWO,0.031492
2021-03-01,Equity Risk Parity,UPS,0.02462
2021-03-01,Equity Risk Parity,USB,0.014076
2021-03-01,Equity Risk Parity,V,0.017487
2021-03-01,Equity Risk Parity,WFC,0.013053
2021-03-01,Equity Risk Parity,WMT,0.036338
2021-03-01,Equity Risk Parity,XOM,0.016528
2021-04-01,Equity Risk Parity,ABBV,0.028504
2021-04-01,Equity Risk Parity,ABT,0.025975
2021-04-01,Equity Risk Parity,ADBE,0.019854
2021-04-01,Equity Risk Parity,AEP,0.022888
2021-04-01,Equity Risk Parity,AMD,0.016626
2021-04-01,Equity Risk Parity,AMGN,0.026853
2021-04-01,Equity Risk Parity,AMT,0.019673
2021-04-01,Equity Risk Parity,BA,0.009429
2021-04-01,Equity Risk Parity,CAT,0.016057
2021-04-01,Equity Risk Parity,CCI,0.021656
2021-04-01,Equity Risk Parity,CMCSA,0.018312
2021-04-01,Equity Risk Parity,COP,0.011701
2021-04-01,Equity Risk Parity,CVX,0.013245
2021-04-01,Equity Risk Parity,D,0.026334
2021-04-01,Equity Risk Parity,DD,0.014721
2021-04-01,Equity Risk Parity,DIS,0.017511
2021-04-01,Equity Risk Parity,DOW,0.011875
2021-04-01,Equity Risk Parity,DUK,0.022976
2021-04-01,Equity Risk Parity,EA,0.037928
2021-04-01,Equity Risk Parity,GE,0.014108
2021-04-01,Equity Risk Parity,GILD,0.028838
2021-04-01,Equity Risk Parity,GS,0.015457
2021-04-01,Equity Risk Parity,INTC,0.018138
2021-04-01,Equity Risk Parity,KO,0.019493
2021-04-01,Equity Risk Parity,MMM,0.022909
2021-04-01,Equity Risk Parity,MRK,0.026186
2021-04-01,Equity Risk Parity,MS,0.013538
2021-04-01,Equity Risk Parity,NEE,0.019764
2021-04-01,Equity Risk Parity,NEM,0.030615
2021-04-01,Equity Risk Parity,NKE,0.020688
2021-04-01,Equity Risk Parity,NUE,0.015342
2021-04-01,Equity Risk Parity,NVDA,0.015065
2021-04-01,Equity Risk Parity,O,0.016113
2021-04-01,Equity Risk Parity,OXY,0.007608
2021-04-01,Equity Risk Parity,PLD,0.01673
2021-04-01,Equity Risk Parity,PSA,0.030934
2021-04-01,Equity Risk Parity,QCOM,0.016128
2021-04-01,Equity Risk Parity,SBUX,0.016824
2021-04-01,Equity Risk Parity,SHW,0.019989
2021-04-01,Equity Risk Parity,SLB,0.010004
2021-04-01,Equity Risk Parity,SO,0.018534
2021-04-01,Equity Risk Parity,T,0.022332
2021-04-01,Equity Risk Parity,TMUS,0.023566
2021-04-01,Equity Risk Parity,TTWO,0.038451
2021-04-01,Equity Risk Parity,UPS,0.020311
2021-04-01,Equity Risk Parity,USB,0.012465
2021-04-01,Equity Risk Parity,V,0.016101
2021-04-01,Equity Risk Parity,WFC,0.012323
2021-04-01,Equity Risk Parity,WMT,0.04556
2021-04-01,Equity Risk Parity,XOM,0.013771
2021-05-03,Equity Risk Parity,ABBV,0.029855
2021-05-03,Equity Risk Parity,ABT,0.023897
2021-05-03,Equity Risk Parity,ADBE,0.020914
2021-05-03,Equity Risk Parity,AEP,0.029059
2021-05-03,Equity Risk Parity,AMD,0.015798
2021-05-03,Equity Risk Parity,AMGN,0.025941
2021-05-03,Equity Risk Parity,AMT,0.021517
2021-05-03,Equity Risk Parity,BA,0.008456
2021-05-03,Equity Risk Parity,CAT,0.015129
2021-05-03,Equity Risk Parity,CCI,0.02224
2021-05-03,Equity Risk Parity,CMCSA,0.018303
2021-05-03,Equity Risk Parity,COP,0.010656
2021-05-03,Equity Risk Parity,CVX,0.012939
2021-05-03,Equity Risk Parity,D,0.032859
2021-05-03,Equity Risk Parity,DD,0.014174
2021-05-03,Equity Risk Parity,DIS,0.016005
2021-05-03,Equity Risk Parity,DOW,0.011448
2021-05-03,Equity Risk Parity,DUK,0.027705
2021-05-03,Equity Risk Parity,EA,0.032837
2021-05-03,Equity Risk Parity,GE,0.01251
2021-05-03,Equity Risk Parity,GILD,0.030026
2021-05-03,Equity Risk Parity,GS,0.01473
2021-05-03,Equity Risk Parity,INTC,0.017449
2021-05-03,Equity Risk Parity,KO,0.019976
2021-05-03,Equity Risk Parity,MMM,0.021887
2021-05-03,Equity Risk Parity,MRK,0.030068
2021-05-03,Equity Risk Parity,MS,0.013582
2021-05-03,Equity Risk Parity,NEE,0.021879
2021-05-03,Equity Risk Parity,NEM,0.029434
2021-05-03,Equity Risk Parity,NKE,0.020706
2021-05-03,Equity Risk Parity,NUE,0.013094
2021-05-03,Equity Risk Parity,NVDA,0.015205
2021-05-03,Equity Risk Parity,O,0.017134
2021-05-03,Equity Risk Parity,OXY,0.006706
2021-05-03,Equity Risk Parity,PLD,0.017971
2021-05-03,Equity Risk Parity,PSA,0.02862
2021-05-03,Equity Risk Parity,QCOM,0.014059
2021-05-03,Equity Risk Parity,SBUX,0.016942
2021-05-03,Equity Risk Parity,SHW,0.024519
2021-05-03,Equity Risk Parity,SLB,0.008937
2021-05-03,Equity Risk Parity,SO,0.022536
2021-05-03,Equity Risk Parity,T,0.024644
2021-05-03,Equity Risk Parity,TMUS,0.018935
2021-05-03,Equity Risk Parity,TTWO,0.031928
2021-05-03,Equity Risk Parity,UPS,0.019019
2021-05-03,Equity Risk Parity,USB,0.012698
2021-05-03,Equity Risk Parity,V,0.017373
2021-05-03,Equity Risk Parity,WFC,0.011694
2021-05-03,Equity Risk Parity,WMT,0.043926
2021-05-03,Equity Risk Parity,XOM,0.012083
2021-06-01,Equity Risk Parity,ABBV,0.024854
2021-06-01,Equity Risk Parity,ABT,0.024138
2021-06-01,Equity Risk Parity,ADBE,0.019393
2021-06-01,Equity Risk Parity,AEP,0.031182
2021-06-01,Equity Risk Parity,AMD,0.015811
2021-06-01,Equity Risk Parity,AMGN,0.023646
2021-06-01,Equity Risk Parity,AMT,0.021754
2021-06-01,Equity Risk Parity,BA,0.008374
2021-06-01,Equity Risk Parity,CAT,0.016147
2021-06-01,Equity Risk Parity,CCI,0.02387
2021-06-01,Equity Risk Parity,CMCSA,0.018409
2021-06-01,Equity Risk Parity,COP,0.01052
2021-06-01,Equity Risk Parity,CVX,0.01292
2021-06-01,Equity Risk Parity,D,0.031934
2021-06-01,Equity Risk Parity,DD,0.014147
2021-06-01,Equity Risk Parity,DIS,0.017027
2021-06-01,Equity Risk Parity,DOW,0.012337
2021-06-01,Equity Risk Parity,DUK,0.028677
2021-06-01,Equity Risk Parity,EA,0.031133
2021-06-01,Equity Risk Parity,GE,0.013601
2021-06-01,Equity Risk Parity,GILD,0.031248
2021-06-01,Equity Risk Parity,GS,0.015262
2021-06-01,Equity Risk Parity,INTC,0.017139
2021-06-01,Equity Risk Parity,KO,0.019988
2021-06-01,Equity Risk Parity,MMM,0.024022
2021-06-01,Equity Risk Parity,MRK,0.028682
2021-06-01,Equity Risk Parity,MS,0.014715
2021-06-01,Equity Risk Parity,NEE,0.021876
2021-06-01,Equity Risk Parity,NEM,0.024162
2021-06-01,Equity Risk Parity,NKE,0.020489
2021-06-01,Equity Risk Parity,NUE,0.0125
2021-06-01,Equity Risk Parity,NVDA,0.014408
2021-06-01,Equity Risk Parity,O,0.017735
2021-06-01,Equity Risk Parity,OXY,0.00679
2021-06-01,Equity Risk Parity,PLD,0.019047
2021-06-01,Equity Risk Parity,PSA,0.033098
2021-06-01,Equity Risk Parity,QCOM,0.01407
2021-06-01,Equity Risk Parity,SBUX,0.016386
2021-06-01,Equity Risk Parity,SHW,0.023371
2021-06-01,Equity Risk Parity,SLB,0.009689
2021-06-01,Equity Risk Parity,SO,0.024341
2021-06-01,Equity Risk Parity,T,0.026519
2021-06-01,Equity Risk Parity,TMUS,0.020708
2021-06-01,Equity Risk Parity,TTWO,0.030053
2021-06-01,Equity Risk Parity,UPS,0.018941
2021-06-01,Equity Risk Parity,USB,0.013662
2021-06-01,Equity Risk Parity,V,0.017011
2021-06-01,Equity Risk Parity,WFC,0.012513
2021-06-01,Equity Risk Parity,WMT,0.039148
2021-06-01,Equity Risk Parity,XOM,0.012552
2021-07-01,Equity Risk Parity,ABBV,0.023761
2021-07-01,Equity Risk Parity,ABT,0.025965
2021-07-01,Equity Risk Parity,ADBE,0.019888
2021-07-01,Equity Risk Parity,AEP,0.031237
2021-07-01,Equity Risk Parity,AMD,0.016275
2021-07-01,Equity Risk Parity,AMGN,0.02128
2021-07-01,Equity Risk Parity,AMT,0.023805
2021-07-01,Equity Risk Parity,BA,0.010093
2021-07-01,Equity Risk Parity,CAT,0.017345
2021-07-01,Equity Risk Parity,CCI,0.027473
2021-07-01,Equity Risk Parity,CMCSA,0.016927
2021-07-01,Equity Risk Parity,COP,0.010398
2021-07-01,Equity Risk Parity,CVX,0.012794
2021-07-01,Equity Risk Parity,D,0.02907
2021-07-01,Equity Risk Parity,DD,0.013828
2021-07-01,Equity Risk Parity,DIS,0.017678
2021-07-01,Equity Risk Parity,DOW,0.012745
2021-07-01,Equity Risk Parity,DUK,0.027267
2021-07-01,Equity Risk Parity,EA,0.025641
2021-07-01,Equity Risk Parity,GE,0.014925
2021-07-01,Equity Risk Parity,GILD,0.02795
2021-07-01,Equity Risk Parity,GS,0.01705
2021-07-01,Equity Risk Parity,INTC,0.015696
2021-07-01,Equity Risk Parity,KO,0.020603
2021-07-01,Equity Risk Parity,MMM,0.026259
2021-07-01,Equity Risk Parity,MRK,0.030945
2021-07-01,Equity Risk Parity,MS,0.014505
2021-07-01,Equity Risk Parity,NEE,0.01991
2021-07-01,Equity Risk Parity,NEM,0.019581
2021-07-01,Equity Risk Parity,NKE,0.023167
2021-07-01,Equity Risk Parity,NUE,0.012293
2021-07-01,Equity Risk Parity,NVDA,0.01381
2021-07-01,Equity Risk Parity,O,0.019228
2021-07-01,Equity Risk Parity,OXY,0.008372
2021-07-01,Equity Risk Parity,PLD,0.020018
2021-07-01,Equity Risk Parity,PSA,0.037251
2021-07-01,Equity Risk Parity,QCOM,0.013909
2021-07-01,Equity Risk Parity,SBUX,0.018148
2021-07-01,Equity Risk Parity,SHW,0.024362
2021-07-01,Equity Risk Parity,SLB,0.010162
2021-07-01,Equity Risk Parity,SO,0.023597
2021-07-01,Equity Risk Parity,T,0.031559
2021-07-01,Equity Risk Parity,TMUS,0.019877
2021-07-01,Equity Risk Parity,TTWO,0.025731
2021-07-01,Equity Risk Parity,UPS,0.019981
2021-07-01,Equity Risk Parity,USB,0.014602
2021-07-01,Equity Risk Parity,V,0.01614
2021-07-01,Equity Risk Parity,WFC,0.013441
2021-07-01,Equity Risk Parity,WMT,0.030341
2021-07-01,Equity Risk Parity,XOM,0.013117
2021-08-02,Equity Risk Parity,ABBV,0.022909
2021-08-02,Equity Risk Parity,ABT,0.027059
2021-08-02,Equity Risk Parity,ADBE,0.019987
2021-08-02,Equity Risk Parity,AEP,0.030805
2021-08-02,Equity Risk Parity,AMD,0.016029
2021-08-02,Equity Risk Parity,AMGN,0.021335
2021-08-02,Equity Risk Parity,AMT,0.024447
2021-08-02,Equity Risk Parity,BA,0.010094
2021-08-02,Equity Risk Parity,CAT,0.017256
2021-08-02,Equity Risk Parity,CCI,0.028705
2021-08-02,Equity Risk Parity,CMCSA,0.017121
2021-08-02,Equity Risk Parity,COP,0.010521
2021-08-02,Equity Risk Parity,CVX,0.013064
2021-08-02,Equity Risk Parity,D,0.028342
2021-08-02,Equity Risk Parity,DD,0.013491
2021-08-02,Equity Risk Parity,DIS,0.017057
2021-08-02,Equity Risk Parity,DOW,0.012914
2021-08-02,Equity Risk Parity,DUK,0.027701
2021-08-02,Equity Risk Parity,EA,0.025609
2021-08-02,Equity Risk Parity,GE,0.014466
2021-08-02,Equity Risk Parity,GILD,0.027257
2021-08-02,Equity Risk Parity,GS,0.016801
2021-08-02,Equity Risk Parity,INTC,0.015851
2021-08-02,Equity Risk Parity,KO,0.021352
2021-08-02,Equity Risk Parity,MMM,0.026469
2021-08-02,Equity Risk Parity,MRK,0.031793
2021-08-02,Equity Risk Parity,MS,0.014196
2021-08-02,Equity Risk Parity,NEE,0.02057
2021-08-02,Equity Risk Parity,NEM,0.019536
2021-08-02,Equity Risk Parity,NKE,0.023618
2021-08-02,Equity Risk Parity,NUE,0.01198
2021-08-02,Equity Risk Parity,NVDA,0.013743
2021-08-02,Equity Risk Parity,O,0.019864
2021-08-02,Equity Risk Parity,OXY,0.008504
2021-08-02,Equity Risk Parity,PLD,0.019999
2021-08-02,Equity Risk Parity,PSA,0.036574
2021-08-02,Equity Risk Parity,QCOM,0.012958
2021-08-02,Equity Risk Parity,SBUX,0.018356
2021-08-02,Equity Risk Parity,SHW,0.025817
2021-08-02,Equity Risk Parity,SLB,0.010184
2021-08-02,Equity Risk Parity,SO,0.024097
2021-08-02,Equity Risk Parity,T,0.030948
2021-08-02,Equity Risk Parity,TMUS,0.01975
2021-08-02,Equity Risk Parity,TTWO,0.026361
2021-08-02,Equity Risk Parity,UPS,0.019422
2021-08-02,Equity Risk Parity,USB,0.014005
2021-08-02,Equity Risk Parity,V,0.016182
2021-08-02,Equity Risk Parity,WFC,0.012986
2021-08-02,Equity Risk Parity,WMT,0.02877
2021-08-02,Equity Risk Parity,XOM,0.013148
2021-09-01,Equity Risk Parity,ABBV,0.022079
2021-09-01,Equity Risk Parity,ABT,0.027171
2021-09-01,Equity Risk Parity,ADBE,0.018917
2021-09-01,Equity Risk Parity,AEP,0.03183
2021-09-01,Equity Risk Parity,AMD,0.016905
2021-09-01,Equity Risk Parity,AMGN,0.019866
2021-09-01,Equity Risk Parity,AMT,0.025187
2021-09-01,Equity Risk Parity,BA,0.009848
2021-09-01,Equity Risk Parity,CAT,0.016592
2021-09-01,Equity Risk Parity,CCI,0.030002
2021-09-01,Equity Risk Parity,CMCSA,0.016739
2021-09-01,Equity Risk Parity,COP,0.010535
2021-09-01,Equity Risk Parity,CVX,0.012952
2021-09-01,Equity Risk Parity,D,0.028789
2021-09-01,Equity Risk Parity,DD,0.013708
2021-09-01,Equity Risk Parity,DIS,0.016873
2021-09-01,Equity Risk Parity,DOW,0.012992
2021-09-01,Equity Risk Parity,DUK,0.028004
2021-09-01,Equity Risk Parity,EA,0.02619
2021-09-01,Equity Risk Parity,GE,0.014668
2021-09-01,Equity Risk Parity,GILD,0.026636
2021-09-01,Equity Risk Parity,GS,0.016399
2021-09-01,Equity Risk Parity,INTC,0.015812
2021-09-01,Equity Risk Parity,KO,0.021599
2021-09-01,Equity Risk Parity,MMM,0.025718
2021-09-01,Equity Risk Parity,MRK,0.03039
2021-09-01,Equity Risk Parity,MS,0.013741
2021-09-01,Equity Risk Parity,NEE,0.021293
2021-09-01,Equity Risk Parity,NEM,0.019371
2021-09-01,Equity Risk Parity,NKE,0.022593
2021-09-01,Equity Risk Parity,NUE,0.011834
2021-09-01,Equity Risk Parity,NVDA,0.013747
2021-09-01,Equity Risk Parity,O,0.020693
2021-09-01,Equity Risk Parity,OXY,0.008435
2021-09-01,Equity Risk Parity,PLD,0.020111
2021-09-01,Equity Risk Parity,PSA,0.038342
2021-09-01,Equity Risk Parity,QCOM,0.012782
2021-09-01,Equity Risk Parity,SBUX,0.017987
2021-09-01,Equity Risk Parity,SHW,0.02547
2021-09-01,Equity Risk Parity,SLB,0.010157
2021-09-01,Equity Risk Parity,SO,0.024592
2021-09-01,Equity Risk Parity,T,0.030234
2021-09-01,Equity Risk Parity,TMUS,0.020048
2021-09-01,Equity Risk Parity,TTWO,0.02751
2021-09-01,Equity Risk Parity,UPS,0.019852
2021-09-01,Equity Risk Parity,USB,0.013546
2021-09-01,Equity Risk Parity,V,0.015838
2021-09-01,Equity Risk Parity,WFC,0.012588
2021-09-01,Equity Risk Parity,WMT,0.029901
2021-09-01,Equity Risk Parity,XOM,0.012932
2021-10-01,Equity Risk Parity,ABBV,0.020864
2021-10-01,Equity Risk Parity,ABT,0.02928
2021-10-01,Equity Risk Parity,ADBE,0.020076
2021-10-01,Equity Risk Parity,AEP,0.029935
2021-10-01,Equity Risk Parity,AMD,0.017163
2021-10-01,Equity Risk Parity,AMGN,0.020785
2021-10-01,Equity Risk Parity,AMT,0.026762
2021-10-01,Equity Risk Parity,BA,0.009955
2021-10-01,Equity Risk Parity,CAT,0.015291
2021-10-01,Equity Risk Parity,CCI,0.034505
2021-10-01,Equity Risk Parity,CMCSA,0.015216
2021-10-01,Equity Risk Parity,COP,0.010278
2021-10-01,Equity Risk Parity,CVX,0.012559
2021-10-01,Equity Risk Parity,D,0.027896
2021-10-01,Equity Risk Parity,DD,0.014187
2021-10-01,Equity Risk Parity,DIS,0.015316
2021-10-01,Equity Risk Parity,DOW,0.012637
2021-10-01,Equity Risk Parity,DUK,0.029041
2021-10-01,Equity Risk Parity,EA,0.030063
2021-10-01,Equity Risk Parity,GE,0.015265
2021-10-01,Equity Risk Parity,GILD,0.02609
2021-10-01,Equity Risk Parity,GS,0.015477
2021-10-01,Equity Risk Parity,INTC,0.01571
2021-10-01,Equity Risk Parity,KO,0.021882
2021-10-01,Equity Risk Parity,MMM,0.026029
2021-10-01,Equity Risk Parity,MRK,0.031648
2021-10-01,Equity Risk Parity,MS,0.013433
2021-10-01,Equity Risk Parity,NEE,0.020778
2021-10-01,Equity Risk Parity,NEM,0.020316
2021-10-01,Equity Risk Parity,NKE,0.018222
2021-10-01,Equity Risk Parity,NUE,0.01102
2021-10-01,Equity Risk Parity,NVDA,0.015577
2021-10-01,Equity Risk Parity,O,0.020207
2021-10-01,Equity Risk Parity,OXY,0.007988
2021-10-01,Equity Risk Parity,PLD,0.02181
2021-10-01,Equity Risk Parity,PSA,0.03778
2021-10-01,Equity Risk Parity,QCOM,0.012927
2021-10-01,Equity Risk Parity,SBUX,0.017808
2021-10-01,Equity Risk Parity,SHW,0.026126
2021-10-01,Equity Risk Parity,SLB,0.009841
2021-10-01,Equity Risk Parity,SO,0.022938
2021-10-01,Equity Risk Parity,T,0.028014
2021-10-01,Equity Risk Parity,TMUS,0.020206
2021-10-01,Equity Risk Parity,TTWO,0.027906
2021-10-01,Equity Risk Parity,UPS,0.019576
2021-10-01,Equity Risk Parity,USB,0.013662
2021-10-01,Equity Risk Parity,V,0.016079
2021-10-01,Equity Risk Parity,WFC,0.012126
2021-10-01,Equity Risk Parity,WMT,0.029951
2021-10-01,Equity Risk Parity,XOM,0.011798
2021-11-01,Equity Risk Parity,ABBV,0.022185
2021-11-01,Equity Risk Parity,ABT,0.031092
2021-11-01,Equity Risk Parity,ADBE,0.021329
2021-11-01,Equity Risk Parity,AEP,0.029435
2021-11-01,Equity Risk Parity,AMD,0.018298
2021-11-01,Equity Risk Parity,AMGN,0.020886
2021-11-01,Equity Risk Parity,AMT,0.026246
2021-11-01,Equity Risk Parity,BA,0.010683
2021-11-01,Equity Risk Parity,CAT,0.01546
2021-11-01,Equity Risk Parity,CCI,0.031551
2021-11-01,Equity Risk Parity,CMCSA,0.014978
2021-11-01,Equity Risk Parity,COP,0.011126
2021-11-01,Equity Risk Parity,CVX,0.0127
2021-11-01,Equity Risk Parity,D,0.026607
2021-11-01,Equity Risk Parity,DD,0.013645
2021-11-01,Equity Risk Parity,DIS,0.01512
2021-11-01,Equity Risk Parity,DOW,0.011859
2021-11-01,Equity Risk Parity,DUK,0.029181
2021-11-01,Equity Risk Parity,EA,0.030049
2021-11-01,Equity Risk Parity,GE,0.013882
2021-11-01,Equity Risk Parity,GILD,0.02754
2021-11-01,Equity Risk Parity,GS,0.015663
2021-11-01,Equity Risk Parity,INTC,0.015679
2021-11-01,Equity Risk Parity,KO,0.024026
2021-11-01,Equity Risk Parity,MMM,0.026243
2021-11-01,Equity Risk Parity,MRK,0.028545
2021-11-01,Equity Risk Parity,MS,0.013493
2021-11-01,Equity Risk Parity,NEE,0.019868
2021-11-01,Equity Risk Parity,NEM,0.021875
2021-11-01,Equity Risk Parity,NKE,0.018227
2021-11-01,Equity Risk Parity,NUE,0.010934
2021-11-01,Equity Risk Parity,NVDA,0.01602
2021-11-01,Equity Risk Parity,O,0.019824
2021-11-01,Equity Risk Parity,OXY,0.008276
2021-11-01,Equity Risk Parity,PLD,0.022158
2021-11-01,Equity Risk Parity,PSA,0.038042
2021-11-01,Equity Risk Parity,QCOM,0.012745
2021-11-01,Equity Risk Parity,SBUX,0.018079
2021-11-01,Equity Risk Parity,SHW,0.024232
2021-11-01,Equity Risk Parity,SLB,0.009584
2021-11-01,Equity Risk Parity,SO,0.022755
2021-11-01,Equity Risk Parity,T,0.027272
2021-11-01,Equity Risk Parity,TMUS,0.020658
2021-11-01,Equity Risk Parity,TTWO,0.026128
2021-11-01,Equity Risk Parity,UPS,0.021649
2021-11-01,Equity Risk Parity,USB,0.014147
2021-11-01,Equity Risk Parity,V,0.015757
2021-11-01,Equity Risk Parity,WFC,0.012711
2021-11-01,Equity Risk Parity,WMT,0.029576
2021-11-01,Equity Risk Parity,XOM,0.011982
2021-12-01,Equity Risk Parity,ABBV,0.022267
2021-12-01,Equity Risk Parity,ABT,0.031621
2021-12-01,Equity Risk Parity,ADBE,0.020164
2021-12-01,Equity Risk Parity,AEP,0.029459
2021-12-01,Equity Risk Parity,AMD,0.016005
2021-12-01,Equity Risk Parity,AMGN,0.0209
2021-12-01,Equity Risk Parity,AMT,0.0246
2021-12-01,Equity Risk Parity,BA,0.01307
2021-12-01,Equity Risk Parity,CAT,0.0151
2021-12-01,Equity Risk Parity,CCI,0.026558
2021-12-01,Equity Risk Parity,CMCSA,0.015679
2021-12-01,Equity Risk Parity,COP,0.012281
2021-12-01,Equity Risk Parity,CVX,0.01513
2021-12-01,Equity Risk Parity,D,0.026674
2021-12-01,Equity Risk Parity,DD,0.013459
2021-12-01,Equity Risk Parity,DIS,0.016901
2021-12-01,Equity Risk Parity,DOW,0.012618
2021-12-01,Equity Risk Parity,DUK,0.031894
2021-12-01,Equity Risk Parity,EA,0.029478
2021-12-01,Equity Risk Parity,GE,0.014118
2021-12-01,Equity Risk Parity,GILD,0.026742
2021-12-01,Equity Risk Parity,GS,0.016372
2021-12-01,Equity Risk Parity,INTC,0.015364
2021-12-01,Equity Risk Parity,KO,0.024726
2021-12-01,Equity Risk Parity,MMM,0.026448
2021-12-01,Equity Risk Parity,MRK,0.027744
2021-12-01,Equity Risk Parity,MS,0.014294
2021-12-01,Equity Risk Parity,NEE,0.019825
2021-12-01,Equity Risk Parity,NEM,0.021421
2021-12-01,Equity Risk Parity,NKE,0.018268
2021-12-01,Equity Risk Parity,NUE,0.011177
2021-12-01,Equity Risk Parity,NVDA,0.013892
2021-12-01,Equity Risk Parity,O,0.023267
2021-12-01,Equity Risk Parity,OXY,0.00925
2021-12-01,Equity Risk Parity,PLD,0.019825
2021-12-01,Equity Risk Parity,PSA,0.035162
2021-12-01,Equity Risk Parity,QCOM,0.013269
2021-12-01,Equity Risk Parity,SBUX,0.018514
2021-12-01,Equity Risk Parity,SHW,0.023432
2021-12-01,Equity Risk Parity,SLB,0.010036
2021-12-01,Equity Risk Parity,SO,0.024874
2021-12-01,Equity Risk Parity,T,0.026972
2021-12-01,Equity Risk Parity,TMUS,0.018139
2021-12-01,Equity Risk Parity,TTWO,0.023985
2021-12-01,Equity Risk Parity,UPS,0.021598
2021-12-01,Equity Risk Parity,USB,0.014812
2021-12-01,Equity Risk Parity,V,0.017111
2021-12-01,Equity Risk Parity,WFC,0.012892
2021-12-01,Equity Risk Parity,WMT,0.029373
2021-12-01,Equity Risk Parity,XOM,0.013235
2022-01-03,Equity Risk Parity,ABBV,0.023084
2022-01-03,Equity Risk Parity,ABT,0.031352
2022-01-03,Equity Risk Parity,ADBE,0.018526
2022-01-03,Equity Risk Parity,AEP,0.030068
2022-01-03,Equity Risk Parity,AMD,0.014992
2022-01-03,Equity Risk Parity,AMGN,0.02178
2022-01-03,Equity Risk Parity,AMT,0.024022
2022-01-03,Equity Risk Parity,BA,0.011875
2022-01-03,Equity Risk Parity,CAT,0.015182
2022-01-03,Equity Risk Parity,CCI,0.025576
2022-01-03,Equity Risk Parity,CMCSA,0.016198
2022-01-03,Equity Risk Parity,COP,0.012253
2022-01-03,Equity Risk Parity,CVX,0.015419
2022-01-03,Equity Risk Parity,D,0.026413
2022-01-03,Equity Risk Parity,DD,0.013648
2022-01-03,Equity Risk Parity,DIS,0.01732
2022-01-03,Equity Risk Parity,DOW,0.012775
2022-01-03,Equity Risk Parity,DUK,0.032559
2022-01-03,Equity Risk Parity,EA,0.028017
2022-01-03,Equity Risk Parity,GE,0.014139
2022-01-03,Equity Risk Parity,GILD,0.029293
2022-01-03,Equity Risk Parity,GS,0.015824
2022-01-03,Equity Risk Parity,INTC,0.01537
2022-01-03,Equity Risk Parity,KO,0.024937
2022-01-03,Equity Risk Parity,MMM,0.026468
2022-01-03,Equity Risk Parity,MRK,0.030855
2022-01-03,Equity Risk Parity,MS,0.01425
2022-01-03,Equity Risk Parity,NEE,0.020605
2022-01-03,Equity Risk Parity,NEM,0.022826
2022-01-03,Equity Risk Parity,NKE,0.018079
2022-01-03,Equity Risk Parity,NUE,0.012162
2022-01-03,Equity Risk Parity,NVDA,0.012891
2022-01-03,Equity Risk Parity,O,0.022523
2022-01-03,Equity Risk Parity,OXY,0.009711
2022-01-03,Equity Risk Parity,PLD,0.020581
2022-01-03,Equity Risk Parity,PSA,0.032988
2022-01-03,Equity Risk Parity,QCOM,0.013999
2022-01-03,Equity Risk Parity,SBUX,0.017545
2022-01-03,Equity Risk Parity,SHW,0.02228
2022-01-03,Equity Risk Parity,SLB,0.010497
2022-01-03,Equity Risk Parity,SO,0.026257
2022-01-03,Equity Risk Parity,T,0.026364
2022-01-03,Equity Risk Parity,TMUS,0.017535
2022-01-03,Equity Risk Parity,TTWO,0.023645
2022-01-03,Equity Risk Parity,UPS,0.019903
2022-01-03,Equity Risk Parity,USB,0.014599
2022-01-03,Equity Risk Parity,V,0.016304
2022-01-03,Equity Risk Parity,WFC,0.012666
2022-01-03,Equity Risk Parity,WMT,0.029923
2022-01-03,Equity Risk Parity,XOM,0.013919
2022-02-01,Equity Risk Parity,ABBV,0.027268
2022-02-01,Equity Risk Parity,ABT,0.027794
2022-02-01,Equity Risk Parity,ADBE,0.0177
2022-02-01,Equity Risk Parity,AEP,0.030366
2022-02-01,Equity Risk Parity,AMD,0.013082
2022-02-01,Equity Risk Parity,AMGN,0.022662
2022-02-01,Equity Risk Parity,AMT,0.021486
2022-02-01,Equity Risk Parity,BA,0.011736
2022-02-01,Equity Risk Parity,CAT,0.016522
2022-02-01,Equity Risk Parity,CCI,0.022327
2022-02-01,Equity Risk Parity,CMCSA,0.017311
2022-02-01,Equity Risk Parity,COP,0.013203
2022-02-01,Equity Risk Parity,CVX,0.01761
2022-02-01,Equity Risk Parity,D,0.025428
2022-02-01,Equity Risk Parity,DD,0.013958
2022-02-01,Equity Risk Parity,DIS,0.017068
2022-02-01,Equity Risk Parity,DOW,0.013834
2022-02-01,Equity Risk Parity,DUK,0.031976
2022-02-01,Equity Risk Parity,EA,0.028485
2022-02-01,Equity Risk Parity,GE,0.012928
2022-02-01,Equity Risk Parity,GILD,0.027377
2022-02-01,Equity Risk Parity,GS,0.014891
2022-02-01,Equity Risk Parity,INTC,0.016073
2022-02-01,Equity Risk Parity,KO,0.025504
2022-02-01,Equity Risk Parity,MMM,0.022544
2022-02-01,Equity Risk Parity,MRK,0.036805
2022-02-01,Equity Risk Parity,MS,0.01532
2022-02-01,Equity Risk Parity,NEE,0.023078
2022-02-01,Equity Risk Parity,NEM,0.023784
2022-02-01,Equity Risk Parity,NKE,0.018425
2022-02-01,Equity Risk Parity,NUE,0.011434
2022-02-01,Equity Risk Parity,NVDA,0.011426
2022-02-01,Equity Risk Parity,O,0.022027
2022-02-01,Equity Risk Parity,OXY,0.009621
2022-02-01,Equity Risk Parity,PLD,0.020989
2022-02-01,Equity Risk Parity,PSA,0.031697
2022-02-01,Equity Risk Parity,QCOM,0.013852
2022-02-01,Equity Risk Parity,SBUX,0.019241
2022-02-01,Equity Risk Parity,SHW,0.021992
2022-02-01,Equity Risk Parity,SLB,0.011186
2022-02-01,Equity Risk Parity,SO,0.029777
2022-02-01,Equity Risk Parity,T,0.021775
2022-02-01,Equity Risk Parity,TMUS,0.018796
2022-02-01,Equity Risk Parity,TTWO,0.02313
2022-02-01,Equity Risk Parity,UPS,0.019193
2022-02-01,Equity Risk Parity,USB,0.014788
2022-02-01,Equity Risk Parity,V,0.015319
2022-02-01,Equity Risk Parity,WFC,0.01385
2022-02-01,Equity Risk Parity,WMT,0.028845
2022-02-01,Equity Risk Parity,XOM,0.014519
2022-03-01,Equity Risk Parity,ABBV,0.028061
2022-03-01,Equity Risk Parity,ABT,0.025299
2022-03-01,Equity Risk Parity,ADBE,0.017096
2022-03-01,Equity Risk Parity,AEP,0.029973
2022-03-01,Equity Risk Parity,AMD,0.011645
2022-03-01,Equity Risk Parity,AMGN,0.021296
2022-03-01,Equity Risk Parity,AMT,0.020973
2022-03-01,Equity Risk Parity,BA,0.012845
2022-03-01,Equity Risk Parity,CAT,0.016451
2022-03-01,Equity Risk Parity,CCI,0.020757
2022-03-01,Equity Risk Parity,CMCSA,0.016994
2022-03-01,Equity Risk Parity,COP,0.013671
2022-03-01,Equity Risk Parity,CVX,0.01819
2022-03-01,Equity Risk Parity,D,0.026249
2022-03-01,Equity Risk Parity,DD,0.013681
2022-03-01,Equity Risk Parity,DIS,0.019867
2022-03-01,Equity Risk Parity,DOW,0.014549
2022-03-01,Equity Risk Parity,DUK,0.02929
2022-03-01,Equity Risk Parity,EA,0.028873
2022-03-01,Equity Risk Parity,GE,0.013255
2022-03-01,Equity Risk Parity,GILD,0.031916
2022-03-01,Equity Risk Parity,GS,0.015439
2022-03-01,Equity Risk Parity,INTC,0.016127
2022-03-01,Equity Risk Parity,KO,0.028148
2022-03-01,Equity Risk Parity,MMM,0.019808
2022-03-01,Equity Risk Parity,MRK,0.03361
2022-03-01,Equity Risk Parity,MS,0.015293
2022-03-01,Equity Risk Parity,NEE,0.023006
2022-03-01,Equity Risk Parity,NEM,0.027429
2022-03-01,Equity Risk Parity,NKE,0.018306
2022-03-01,Equity Risk Parity,NUE,0.010858
2022-03-01,Equity Risk Parity,NVDA,0.010448
2022-03-01,Equity Risk Parity,O,0.021127
2022-03-01,Equity Risk Parity,OXY,0.011695
2022-03-01,Equity Risk Parity,PLD,0.019209
2022-03-01,Equity Risk Parity,PSA,0.028158
2022-03-01,Equity Risk Parity,QCOM,0.012314
2022-03-01,Equity Risk Parity,SBUX,0.017902
2022-03-01,Equity Risk Parity,SHW,0.020006
2022-03-01,Equity Risk Parity,SLB,0.011943
2022-03-01,Equity Risk Parity,SO,0.029343
2022-03-01,Equity Risk Parity,T,0.02202
2022-03-01,Equity Risk Parity,TMUS,0.019417
2022-03-01,Equity Risk Parity,TTWO,0.025488
2022-03-01,Equity Risk Parity,UPS,0.017969
2022-03-01,Equity Risk Parity,USB,0.015366
2022-03-01,Equity Risk Parity,V,0.015699
2022-03-01,Equity Risk Parity,WFC,0.014305
2022-03-01,Equity Risk Parity,WMT,0.032631
2022-03-01,Equity Risk Parity,XOM,0.016005
2022-04-01,Equity Risk Parity,ABBV,0.029359
2022-04-01,Equity Risk Parity,ABT,0.023241
2022-04-01,Equity Risk Parity,ADBE,0.015833
2022-04-01,Equity Risk Parity,AEP,0.030016
2022-04-01,Equity Risk Parity,AMD,0.011092
2022-04-01,Equity Risk Parity,AMGN,0.022706
2022-04-01,Equity Risk Parity,AMT,0.021576
2022-04-01,Equity Risk Parity,BA,0.012076
2022-04-01,Equity Risk Parity,CAT,0.018135
2022-04-01,Equity Risk Parity,CCI,0.021793
2022-04-01,Equity Risk Parity,CMCSA,0.01714
2022-04-01,Equity Risk Parity,COP,0.014714
2022-04-01,Equity Risk Parity,CVX,0.021471
2022-04-01,Equity Risk Parity,D,0.026612
2022-04-01,Equity Risk Parity,DD,0.012361
2022-04-01,Equity Risk Parity,DIS,0.017779
2022-04-01,Equity Risk Parity,DOW,0.013922
2022-04-01,Equity Risk Parity,DUK,0.030345
2022-04-01,Equity Risk Parity,EA,0.028016
2022-04-01,Equity Risk Parity,GE,0.012487
2022-04-01,Equity Risk Parity,GILD,0.031747
2022-04-01,Equity Risk Parity,GS,0.013723
2022-04-01,Equity Risk Parity,INTC,0.016363
2022-04-01,Equity Risk Parity,KO,0.027519
2022-04-01,Equity Risk Parity,MMM,0.01844
2022-04-01,Equity Risk Parity,MRK,0.035341
2022-04-01,Equity Risk Parity,MS,0.013295
2022-04-01,Equity Risk Parity,NEE,0.025848
2022-04-01,Equity Risk Parity,NEM,0.034941
2022-04-01,Equity Risk Parity,NKE,0.016207
2022-04-01,Equity Risk Parity,NUE,0.010972
2022-04-01,Equity Risk Parity,NVDA,0.00988
2022-04-01,Equity Risk Parity,O,0.021102
2022-04-01,Equity Risk Parity,OXY,0.011121
2022-04-01,Equity Risk Parity,PLD,0.019243
2022-04-01,Equity Risk Parity,PSA,0.02646
2022-04-01,Equity Risk Parity,QCOM,0.01181
2022-04-01,Equity Risk Parity,SBUX,0.015521
2022-04-01,Equity Risk Parity,SHW,0.019793
2022-04-01,Equity Risk Parity,SLB,0.013475
2022-04-01,Equity Risk Parity,SO,0.030802
2022-04-01,Equity Risk Parity,T,0.020711
2022-04-01,Equity Risk Parity,TMUS,0.020693
2022-04-01,Equity Risk Parity,TTWO,0.023234
2022-04-01,Equity Risk Parity,UPS,0.016768
2022-04-01,Equity Risk Parity,USB,0.013779
2022-04-01,Equity Risk Parity,V,0.015563
2022-04-01,Equity Risk Parity,WFC,0.012612
2022-04-01,Equity Risk Parity,WMT,0.034124
2022-04-01,Equity Risk Parity,XOM,0.018243
2022-05-02,Equity Risk Parity,ABBV,0.027842
2022-05-02,Equity Risk Parity,ABT,0.022332
2022-05-02,Equity Risk Parity,ADBE,0.015946
2022-05-02,Equity Risk Parity,AEP,0.028174
2022-05-02,Equity Risk Parity,AMD,0.011262
2022-05-02,Equity Risk Parity,AMGN,0.025569
2022-05-02,Equity Risk Parity,AMT,0.021412
2022-05-02,Equity Risk Parity,BA,0.012494
2022-05-02,Equity Risk Parity,CAT,0.018472
2022-05-02,Equity Risk Parity,CCI,0.021928
2022-05-02,Equity Risk Parity,CMCSA,0.018369
2022-05-02,Equity Risk Parity,COP,0.014652
2022-05-02,Equity Risk Parity,CVX,0.020346
2022-05-02,Equity Risk Parity,D,0.02751
2022-05-02,Equity Risk Parity,DD,0.01329
2022-05-02,Equity Risk Parity,DIS,0.017561
2022-05-02,Equity Risk Parity,DOW,0.016484
2022-05-02,Equity Risk Parity,DUK,0.031102
2022-05-02,Equity Risk Parity,EA,0.029436
2022-05-02,Equity Risk Parity,GE,0.012394
2022-05-02,Equity Risk Parity,GILD,0.029678
2022-05-02,Equity Risk Parity,GS,0.013946
2022-05-02,Equity Risk Parity,INTC,0.015598
2022-05-02,Equity Risk Parity,KO,0.028189
2022-05-02,Equity Risk Parity,MMM,0.019482
2022-05-02,Equity Risk Parity,MRK,0.03365
2022-05-02,Equity Risk Parity,MS,0.013476
2022-05-02,Equity Risk Parity,NEE,0.024206
2022-05-02,Equity Risk Parity,NEM,0.033574
2022-05-02,Equity Risk Parity,NKE,0.015848
2022-05-02,Equity Risk Parity,NUE,0.011663
2022-05-02,Equity Risk Parity,NVDA,0.009744
2022-05-02,Equity Risk Parity,O,0.020953
2022-05-02,Equity Risk Parity,OXY,0.010982
2022-05-02,Equity Risk Parity,PLD,0.017503
2022-05-02,Equity Risk Parity,PSA,0.022633
2022-05-02,Equity Risk Parity,QCOM,0.011938
2022-05-02,Equity Risk Parity,SBUX,0.016342
2022-05-02,Equity Risk Parity,SHW,0.023814
2022-05-02,Equity Risk Parity,SLB,0.01471
2022-05-02,Equity Risk Parity,SO,0.029306
2022-05-02,Equity Risk Parity,T,0.022324
2022-05-02,Equity Risk Parity,TMUS,0.018818
2022-05-02,Equity Risk Parity,TTWO,0.022945
2022-05-02,Equity Risk Parity,UPS,0.016708
2022-05-02,Equity Risk Parity,USB,0.014847
2022-05-02,Equity Risk Parity,V,0.015562
2022-05-02,Equity Risk Parity,WFC,0.013402
2022-05-02,Equity Risk Parity,WMT,0.032982
2022-05-02,Equity Risk Parity,XOM,0.018602
2022-06-01,Equity Risk Parity,ABBV,0.031935
2022-06-01,Equity Risk Parity,ABT,0.02042
2022-06-01,Equity Risk Parity,ADBE,0.015046
2022-06-01,Equity Risk Parity,AEP,0.030016
2022-06-01,Equity Risk Parity,AMD,0.009654
2022-06-01,Equity Risk Parity,AMGN,0.029666
2022-06-01,Equity Risk Parity,AMT,0.020079
2022-06-01,Equity Risk Parity,BA,0.011689
2022-06-01,Equity Risk Parity,CAT,0.017247
2022-06-01,Equity Risk Parity,CCI,0.021619
2022-06-01,Equity Risk Parity,CMCSA,0.019418
2022-06-01,Equity Risk Parity,COP,0.013975
2022-06-01,Equity Risk Parity,CVX,0.01953
2022-06-01,Equity Risk Parity,D,0.029454
2022-06-01,Equity Risk Parity,DD,0.013605
2022-06-01,Equity Risk Parity,DIS,0.016465
2022-06-01,Equity Risk Parity,DOW,0.017242
2022-06-01,Equity Risk Parity,DUK,0.033644
2022-06-01,Equity Risk Parity,EA,0.028468
2022-06-01,Equity Risk Parity,GE,0.012646
2022-06-01,Equity Risk Parity,GILD,0.032647
2022-06-01,Equity Risk Parity,GS,0.014828
2022-06-01,Equity Risk Parity,INTC,0.015638
2022-06-01,Equity Risk Parity,KO,0.024933
2022-06-01,Equity Risk Parity,MMM,0.020756
2022-06-01,Equity Risk Parity,MRK,0.036076
2022-06-01,Equity Risk Parity,MS,0.013593
2022-06-01,Equity Risk Parity,NEE,0.022642
2022-06-01,Equity Risk Parity,NEM,0.033806
2022-06-01,Equity Risk Parity,NKE,0.015058
2022-06-01,Equity Risk Parity,NUE,0.011797
2022-06-01,Equity Risk Parity,NVDA,0.009289
2022-06-01,Equity Risk Parity,O,0.021512
2022-06-01,Equity Risk Parity,OXY,0.010717
2022-06-01,Equity Risk Parity,PLD,0.016137
2022-06-01,Equity Risk Parity,PSA,0.021025
2022-06-01,Equity Risk Parity,QCOM,0.012083
2022-06-01,Equity Risk Parity,SBUX,0.014296
2022-06-01,Equity Risk Parity,SHW,0.023451
2022-06-01,Equity Risk Parity,SLB,0.012475
2022-06-01,Equity Risk Parity,SO,0.031521
2022-06-01,Equity Risk Parity,T,0.02289
2022-06-01,Equity Risk Parity,TMUS,0.018305
2022-06-01,Equity Risk Parity,TTWO,0.018555
2022-06-01,Equity Risk Parity,UPS,0.017231
2022-06-01,Equity Risk Parity,USB,0.016325
2022-06-01,Equity Risk Parity,V,0.015001
2022-06-01,Equity Risk Parity,WFC,0.013426
2022-06-01,Equity Risk Parity,WMT,0.0345
2022-06-01,Equity Risk Parity,XOM,0.01767
2022-07-01,Equity Risk Parity,ABBV,0.030624
2022-07-01,Equity Risk Parity,ABT,0.019669
2022-07-01,Equity Risk Parity,ADBE,0.01418
2022-07-01,Equity Risk Parity,AEP,0.028837
2022-07-01,Equity Risk Parity,AMD,0.009085
2022-07-01,Equity Risk Parity,AMGN,0.031719
2022-07-01,Equity Risk Parity,AMT,0.019047
2022-07-01,Equity Risk Parity,BA,0.011603
2022-07-01,Equity Risk Parity,CAT,0.017018
2022-07-01,Equity Risk Parity,CCI,0.020058
2022-07-01,Equity Risk Parity,CMCSA,0.020383
2022-07-01,Equity Risk Parity,COP,0.014346
2022-07-01,Equity Risk Parity,CVX,0.019816
2022-07-01,Equity Risk Parity,D,0.029718
2022-07-01,Equity Risk Parity,DD,0.01353
2022-07-01,Equity Risk Parity,DIS,0.016711
2022-07-01,Equity Risk Parity,DOW,0.017174
2022-07-01,Equity Risk Parity,DUK,0.033143
2022-07-01,Equity Risk Parity,EA,0.027244
2022-07-01,Equity Risk Parity,GE,0.012931
2022-07-01,Equity Risk Parity,GILD,0.032908
2022-07-01,Equity Risk Parity,GS,0.015206
2022-07-01,Equity Risk Parity,INTC,0.01555
2022-07-01,Equity Risk Parity,KO,0.027008
2022-07-01,Equity Risk Parity,MMM,0.022075
2022-07-01,Equity Risk Parity,MRK,0.034322
2022-07-01,Equity Risk Parity,MS,0.014153
2022-07-01,Equity Risk Parity,NEE,0.021195
2022-07-01,Equity Risk Parity,NEM,0.035446
2022-07-01,Equity Risk Parity,NKE,0.014794
2022-07-01,Equity Risk Parity,NUE,0.011984
2022-07-01,Equity Risk Parity,NVDA,0.008827
2022-07-01,Equity Risk Parity,O,0.022275
2022-07-01,Equity Risk Parity,OXY,0.011223
2022-07-01,Equity Risk Parity,PLD,0.015146
2022-07-01,Equity Risk Parity,PSA,0.02087
2022-07-01,Equity Risk Parity,QCOM,0.012326
2022-07-01,Equity Risk Parity,SBUX,0.014386
2022-07-01,Equity Risk Parity,SHW,0.021445
2022-07-01,Equity Risk Parity,SLB,0.013339
2022-07-01,Equity Risk Parity,SO,0.030342
2022-07-01,Equity Risk Parity,T,0.0225
2022-07-01,Equity Risk Parity,TMUS,0.018372
2022-07-01,Equity Risk Parity,TTWO,0.018585
2022-07-01,Equity Risk Parity,UPS,0.018755
2022-07-01,Equity Risk Parity,USB,0.016601
2022-07-01,Equity Risk Parity,V,0.014783
2022-07-01,Equity Risk Parity,WFC,0.013691
2022-07-01,Equity Risk Parity,WMT,0.037411
2022-07-01,Equity Risk Parity,XOM,0.017645
2022-08-01,Equity Risk Parity,ABBV,0.032367
2022-08-01,Equity Risk Parity,ABT,0.018875
2022-08-01,Equity Risk Parity,ADBE,0.01375
2022-08-01,Equity Risk Parity,AEP,0.028733
2022-08-01,Equity Risk Parity,AMD,0.00901
2022-08-01,Equity Risk Parity,AMGN,0.031606
2022-08-01,Equity Risk Parity,AMT,0.01855
2022-08-01,Equity Risk Parity,BA,0.01183
2022-08-01,Equity Risk Parity,CAT,0.016476
2022-08-01,Equity Risk Parity,CCI,0.019579
2022-08-01,Equity Risk Parity,CMCSA,0.021349
2022-08-01,Equity Risk Parity,COP,0.014286
2022-08-01,Equity Risk Parity,CVX,0.019459
2022-08-01,Equity Risk Parity,D,0.029203
2022-08-01,Equity Risk Parity,DD,0.013793
2022-08-01,Equity Risk Parity,DIS,0.016556
2022-08-01,Equity Risk Parity,DOW,0.017569
2022-08-01,Equity Risk Parity,DUK,0.032624
2022-08-01,Equity Risk Parity,EA,0.027105
2022-08-01,Equity Risk Parity,GE,0.013322
2022-08-01,Equity Risk Parity,GILD,0.03269
2022-08-01,Equity Risk Parity,GS,0.01507
2022-08-01,Equity Risk Parity,INTC,0.015864
2022-08-01,Equity Risk Parity,KO,0.027041
2022-08-01,Equity Risk Parity,MMM,0.022726
2022-08-01,Equity Risk Parity,MRK,0.035065
2022-08-01,Equity Risk Parity,MS,0.014211
2022-08-01,Equity Risk Parity,NEE,0.020556
2022-08-01,Equity Risk Parity,NEM,0.036809
2022-08-01,Equity Risk Parity,NKE,0.01438
2022-08-01,Equity Risk Parity,NUE,0.012191
2022-08-01,Equity Risk Parity,NVDA,0.008761
2022-08-01,Equity Risk Parity,O,0.022318
2022-08-01,Equity Risk Parity,OXY,0.011376
2022-08-01,Equity Risk Parity,PLD,0.014665
2022-08-01,Equity Risk Parity,PSA,0.020463
2022-08-01,Equity Risk Parity,QCOM,0.012797
2022-08-01,Equity Risk Parity,SBUX,0.014467
2022-08-01,Equity Risk Parity,SHW,0.02187
2022-08-01,Equity Risk Parity,SLB,0.013653
2022-08-01,Equity Risk Parity,SO,0.029884
2022-08-01,Equity Risk Parity,T,0.022869
2022-08-01,Equity Risk Parity,TMUS,0.018211
2022-08-01,Equity Risk Parity,TTWO,0.018559
2022-08-01,Equity Risk Parity,UPS,0.017854
2022-08-01,Equity Risk Parity,USB,0.017437
2022-08-01,Equity Risk Parity,V,0.015057
2022-08-01,Equity Risk Parity,WFC,0.013794
2022-08-01,Equity Risk Parity,WMT,0.035645
2022-08-01,Equity Risk Parity,XOM,0.017675
2022-09-01,Equity Risk Parity,ABBV,0.032549
2022-09-01,Equity Risk Parity,ABT,0.018645
2022-09-01,Equity Risk Parity,ADBE,0.013519
2022-09-01,Equity Risk Parity,AEP,0.028197
2022-09-01,Equity Risk Parity,AMD,0.008972
2022-09-01,Equity Risk Parity,AMGN,0.033557
2022-09-01,Equity Risk Parity,AMT,0.0184
2022-09-01,Equity Risk Parity,BA,0.012007
2022-09-01,Equity Risk Parity,CAT,0.01637
2022-09-01,Equity Risk Parity,CCI,0.019405
2022-09-01,Equity Risk Parity,CMCSA,0.021035
2022-09-01,Equity Risk Parity,COP,0.015262
2022-09-01,Equity Risk Parity,CVX,0.020622
2022-09-01,Equity Risk Parity,D,0.029129
2022-09-01,Equity Risk Parity,DD,0.013512
2022-09-01,Equity Risk Parity,DIS,0.015937
2022-09-01,Equity Risk Parity,DOW,0.017517
2022-09-01,Equity Risk Parity,DUK,0.032167
2022-09-01,Equity Risk Parity,EA,0.027416
2022-09-01,Equity Risk Parity,GE,0.01325
2022-09-01,Equity Risk Parity,GILD,0.032732
2022-09-01,Equity Risk Parity,GS,0.015316
2022-09-01,Equity Risk Parity,INTC,0.015211
2022-09-01,Equity Risk Parity,KO,0.026805
2022-09-01,Equity Risk Parity,MMM,0.020942
2022-09-01,Equity Risk Parity,MRK,0.034913
2022-09-01,Equity Risk Parity,MS,0.014314
2022-09-01,Equity Risk Parity,NEE,0.020756
2022-09-01,Equity Risk Parity,NEM,0.03609
2022-09-01,Equity Risk Parity,NKE,0.014185
2022-09-01,Equity Risk Parity,NUE,0.012426
2022-09-01,Equity Risk Parity,NVDA,0.008472
2022-09-01,Equity Risk Parity,O,0.022745
2022-09-01,Equity Risk Parity,OXY,0.012397
2022-09-01,Equity Risk Parity,PLD,0.014592
2022-09-01,Equity Risk Parity,PSA,0.020047
2022-09-01,Equity Risk Parity,QCOM,0.01249
2022-09-01,Equity Risk Parity,SBUX,0.014353
2022-09-01,Equity Risk Parity,SHW,0.021098
2022-09-01,Equity Risk Parity,SLB,0.01445
2022-09-01,Equity Risk Parity,SO,0.029918
2022-09-01,Equity Risk Parity,T,0.023514
2022-09-01,Equity Risk Parity,TMUS,0.018542
2022-09-01,Equity Risk Parity,TTWO,0.018111
2022-09-01,Equity Risk Parity,UPS,0.018021
2022-09-01,Equity Risk Parity,USB,0.01782
2022-09-01,Equity Risk Parity,V,0.015101
2022-09-01,Equity Risk Parity,WFC,0.014046
2022-09-01,Equity Risk Parity,WMT,0.034514
2022-09-01,Equity Risk Parity,XOM,0.018606
2022-10-03,Equity Risk Parity,ABBV,0.033399
2022-10-03,Equity Risk Parity,ABT,0.019322
2022-10-03,Equity Risk Parity,ADBE,0.012963
2022-10-03,Equity Risk Parity,AEP,0.026326
2022-10-03,Equity Risk Parity,AMD,0.0091
2022-10-03,Equity Risk Parity,AMGN,0.034043
2022-10-03,Equity Risk Parity,AMT,0.018362
2022-10-03,Equity Risk Parity,BA,0.011985
2022-10-03,Equity Risk Parity,CAT,0.016697
2022-10-03,Equity Risk Parity,CCI,0.018967
2022-10-03,Equity Risk Parity,CMCSA,0.019908
2022-10-03,Equity Risk Parity,COP,0.015685
2022-10-03,Equity Risk Parity,CVX,0.021075
2022-10-03,Equity Risk Parity,D,0.027226
2022-10-03,Equity Risk Parity,DD,0.013883
2022-10-03,Equity Risk Parity,DIS,0.015629
2022-10-03,Equity Risk Parity,DOW,0.017772
2022-10-03,Equity Risk Parity,DUK,0.029702
2022-10-03,Equity Risk Parity,EA,0.025717
2022-10-03,Equity Risk Parity,GE,0.014157
2022-10-03,Equity Risk Parity,GILD,0.030153
2022-10-03,Equity Risk Parity,GS,0.015864
2022-10-03,Equity Risk Parity,INTC,0.015127
2022-10-03,Equity Risk Parity,KO,0.027459
2022-10-03,Equity Risk Parity,MMM,0.021838
2022-10-03,Equity Risk Parity,MRK,0.036889
2022-10-03,Equity Risk Parity,MS,0.015037
2022-10-03,Equity Risk Parity,NEE,0.020738
2022-10-03,Equity Risk Parity,NEM,0.033578
2022-10-03,Equity Risk Parity,NKE,0.013252
2022-10-03,Equity Risk Parity,NUE,0.013439
2022-10-03,Equity Risk Parity,NVDA,0.008843
2022-10-03,Equity Risk Parity,O,0.023672
2022-10-03,Equity Risk Parity,OXY,0.013776
2022-10-03,Equity Risk Parity,PLD,0.014967
2022-10-03,Equity Risk Parity,PSA,0.020652
2022-10-03,Equity Risk Parity,QCOM,0.012886
2022-10-03,Equity Risk Parity,SBUX,0.014971
2022-10-03,Equity Risk Parity,SHW,0.020944
2022-10-03,Equity Risk Parity,SLB,0.014934
2022-10-03,Equity Risk Parity,SO,0.027814
2022-10-03,Equity Risk Parity,T,0.024025
2022-10-03,Equity Risk Parity,TMUS,0.018912
2022-10-03,Equity Risk Parity,TTWO,0.017607
2022-10-03,Equity Risk Parity,UPS,0.018017
2022-10-03,Equity Risk Parity,USB,0.018403
2022-10-03,Equity Risk Parity,V,0.015869
2022-10-03,Equity Risk Parity,WFC,0.014663
2022-10-03,Equity Risk Parity,WMT,0.034401
2022-10-03,Equity Risk Parity,XOM,0.019353
2022-11-01,Equity Risk Parity,ABBV,0.033843
2022-11-01,Equity Risk Parity,ABT,0.019369
2022-11-01,Equity Risk Parity,ADBE,0.013517
2022-11-01,Equity Risk Parity,AEP,0.024546
2022-11-01,Equity Risk Parity,AMD,0.009202
2022-11-01,Equity Risk Parity,AMGN,0.034443
2022-11-01,Equity Risk Parity,AMT,0.018069
2022-11-01,Equity Risk Parity,BA,0.01256
2022-11-01,Equity Risk Parity,CAT,0.016709
2022-11-01,Equity Risk Parity,CCI,0.019205
2022-11-01,Equity Risk Parity,CMCSA,0.020445
2022-11-01,Equity Risk Parity,COP,0.01609
2022-11-01,Equity Risk Parity,CVX,0.021088
2022-11-01,Equity Risk Parity,D,0.025788
2022-11-01,Equity Risk Parity,DD,0.014211
2022-11-01,Equity Risk Parity,DIS,0.015803
2022-11-01,Equity Risk Parity,DOW,0.018135
2022-11-01,Equity Risk Parity,DUK,0.02727
2022-11-01,Equity Risk Parity,EA,0.026093
2022-11-01,Equity Risk Parity,GE,0.014291
2022-11-01,Equity Risk Parity,GILD,0.026565
2022-11-01,Equity Risk Parity,GS,0.015859
2022-11-01,Equity Risk Parity,INTC,0.014437
2022-11-01,Equity Risk Parity,KO,0.027448
2022-11-01,Equity Risk Parity,MMM,0.021055
2022-11-01,Equity Risk Parity,MRK,0.040244
2022-11-01,Equity Risk Parity,MS,0.014958
2022-11-01,Equity Risk Parity,NEE,0.020199
2022-11-01,Equity Risk Parity,NEM,0.031586
2022-11-01,Equity Risk Parity,NKE,0.013665
2022-11-01,Equity Risk Parity,NUE,0.013374
2022-11-01,Equity Risk Parity,NVDA,0.009003
2022-11-01,Equity Risk Parity,O,0.024055
2022-11-01,Equity Risk Parity,OXY,0.014983
2022-11-01,Equity Risk Parity,PLD,0.015366
2022-11-01,Equity Risk Parity,PSA,0.021362
2022-11-01,Equity Risk Parity,QCOM,0.013109
2022-11-01,Equity Risk Parity,SBUX,0.0157
2022-11-01,Equity Risk Parity,SHW,0.019585
2022-11-01,Equity Risk Parity,SLB,0.015444
2022-11-01,Equity Risk Parity,SO,0.02618
2022-11-01,Equity Risk Parity,T,0.023701
2022-11-01,Equity Risk Parity,TMUS,0.019031
2022-11-01,Equity Risk Parity,TTWO,0.018915
2022-11-01,Equity Risk Parity,UPS,0.018954
2022-11-01,Equity Risk Parity,USB,0.018725
2022-11-01,Equity Risk Parity,V,0.01689
2022-11-01,Equity Risk Parity,WFC,0.015033
2022-11-01,Equity Risk Parity,WMT,0.033805
2022-11-01,Equity Risk Parity,XOM,0.020095
2022-12-01,Equity Risk Parity,ABBV,0.034482
2022-12-01,Equity Risk Parity,ABT,0.018907
2022-12-01,Equity Risk Parity,ADBE,0.012678
2022-12-01,Equity Risk Parity,AEP,0.024489
2022-12-01,Equity Risk Parity,AMD,0.008771
2022-12-01,Equity Risk Parity,AMGN,0.036525
2022-12-01,Equity Risk Parity,AMT,0.017001
2022-12-01,Equity Risk Parity,BA,0.013046
2022-12-01,Equity Risk Parity,CAT,0.017148
2022-12-01,Equity Risk Parity,CCI,0.018102
2022-12-01,Equity Risk Parity,CMCSA,0.020045
2022-12-01,Equity Risk Parity,COP,0.01679
2022-12-01,Equity Risk Parity,CVX,0.021232
2022-12-01,Equity Risk Parity,D,0.026469
2022-12-01,Equity Risk Parity,DD,0.014841
2022-12-01,Equity Risk Parity,DIS,0.014862
2022-12-01,Equity Risk Parity,DOW,0.017637
2022-12-01,Equity Risk Parity,DUK,0.027739
2022-12-01,Equity Risk Parity,EA,0.026061
2022-12-01,Equity Risk Parity,GE,0.014963
2022-12-01,Equity Risk Parity,GILD,0.027743
2022-12-01,Equity Risk Parity,GS,0.016311
2022-12-01,Equity Risk Parity,INTC,0.013656
2022-12-01,Equity Risk Parity,KO,0.028065
2022-12-01,Equity Risk Parity,MMM,0.0209
2022-12-01,Equity Risk Parity,MRK,0.045363
2022-12-01,Equity Risk Parity,MS,0.015165
2022-12-01,Equity Risk Parity,NEE,0.019846
2022-12-01,Equity Risk Parity,NEM,0.025245
2022-12-01,Equity Risk Parity,NKE,0.012957
2022-12-01,Equity Risk Parity,NUE,0.013474
2022-12-01,Equity Risk Parity,NVDA,0.008499
2022-12-01,Equity Risk Parity,O,0.023652
2022-12-01,Equity Risk Parity,OXY,0.015193
2022-12-01,Equity Risk Parity,PLD,0.014955
2022-12-01,Equity Risk Parity,PSA,0.019975
2022-12-01,Equity Risk Parity,QCOM,0.012279
2022-12-01,Equity Risk Parity,SBUX,0.015578
2022-12-01,Equity Risk Parity,SHW,0.018263
2022-12-01,Equity Risk Parity,SLB,0.016709
2022-12-01,Equity Risk Parity,SO,0.026003
2022-12-01,Equity Risk Parity,T,0.024713
2022-12-01,Equity Risk Parity,TMUS,0.020648
2022-12-01,Equity Risk Parity,TTWO,0.019003
2022-12-01,Equity Risk Parity,UPS,0.018135
2022-12-01,Equity Risk Parity,USB,0.018862
2022-12-01,Equity Risk Parity,V,0.016504
2022-12-01,Equity Risk Parity,WFC,0.015748
2022-12-01,Equity Risk Parity,WMT,0.033808
2022-12-01,Equity Risk Parity,XOM,0.020964
2023-01-03,Equity Risk Parity,ABBV,0.035026
2023-01-03,Equity Risk Parity,ABT,0.018615
2023-01-03,Equity Risk Parity,ADBE,0.012682
2023-01-03,Equity Risk Parity,AEP,0.02431
2023-01-03,Equity Risk Parity,AMD,0.00874
2023-01-03,Equity Risk Parity,AMGN,0.037452
2023-01-03,Equity Risk Parity,AMT,0.017242
2023-01-03,Equity Risk Parity,BA,0.013455
2023-01-03,Equity Risk Parity,CAT,0.01729
2023-01-03,Equity Risk Parity,CCI,0.018354
2023-01-03,Equity Risk Parity,CMCSA,0.019785
2023-01-03,Equity Risk Parity,COP,0.016951
2023-01-03,Equity Risk Parity,CVX,0.02106
2023-01-03,Equity Risk Parity,D,0.026766
2023-01-03,Equity Risk Parity,DD,0.015001
2023-01-03,Equity Risk Parity,DIS,0.014753
2023-01-03,Equity Risk Parity,DOW,0.017734
2023-01-03,Equity Risk Parity,DUK,0.027776
2023-01-03,Equity Risk Parity,EA,0.025942
2023-01-03,Equity Risk Parity,GE,0.014984
2023-01-03,Equity Risk Parity,GILD,0.027278
2023-01-03,Equity Risk Parity,GS,0.016624
2023-01-03,Equity Risk Parity,INTC,0.013829
2023-01-03,Equity Risk Parity,KO,0.028322
2023-01-03,Equity Risk Parity,MMM,0.020739
2023-01-03,Equity Risk Parity,MRK,0.042803
2023-01-03,Equity Risk Parity,MS,0.015283
2023-01-03,Equity Risk Parity,NEE,0.019726
2023-01-03,Equity Risk Parity,NEM,0.025098
2023-01-03,Equity Risk Parity,NKE,0.012504
2023-01-03,Equity Risk Parity,NUE,0.013062
2023-01-03,Equity Risk Parity,NVDA,0.008508
2023-01-03,Equity Risk Parity,O,0.0245
2023-01-03,Equity Risk Parity,OXY,0.015361
2023-01-03,Equity Risk Parity,PLD,0.014773
2023-01-03,Equity Risk Parity,PSA,0.019809
2023-01-03,Equity Risk Parity,QCOM,0.011987
2023-01-03,Equity Risk Parity,SBUX,0.015999
2023-01-03,Equity Risk Parity,SHW,0.018242
2023-01-03,Equity Risk Parity,SLB,0.01639
2023-01-03,Equity Risk Parity,SO,0.025943
2023-01-03,Equity Risk Parity,T,0.025333
2023-01-03,Equity Risk Parity,TMUS,0.021523
2023-01-03,Equity Risk Parity,TTWO,0.018679
2023-01-03,Equity Risk Parity,UPS,0.018006
2023-01-03,Equity Risk Parity,USB,0.019012
2023-01-03,Equity Risk Parity,V,0.016972
2023-01-03,Equity Risk Parity,WFC,0.016445
2023-01-03,Equity Risk Parity,WMT,0.032702
2023-01-03,Equity Risk Parity,XOM,0.020632
2023-02-01,Equity Risk Parity,ABBV,0.034815
2023-02-01,Equity Risk Parity,ABT,0.0189
2023-02-01,Equity Risk Parity,ADBE,0.012888
2023-02-01,Equity Risk Parity,AEP,0.023907
2023-02-01,Equity Risk Parity,AMD,0.008832
2023-02-01,Equity Risk Parity,AMGN,0.037746
2023-02-01,Equity Risk Parity,AMT,0.017291
2023-02-01,Equity Risk Parity,BA,0.013697
2023-02-01,Equity Risk Parity,CAT,0.017027
2023-02-01,Equity Risk Parity,CCI,0.0181
2023-02-01,Equity Risk Parity,CMCSA,0.019598
2023-02-01,Equity Risk Parity,COP,0.017381
2023-02-01,Equity Risk Parity,CVX,0.02105
2023-02-01,Equity Risk Parity,D,0.026463
2023-02-01,Equity Risk Parity,DD,0.015097
2023-02-01,Equity Risk Parity,DIS,0.014822
2023-02-01,Equity Risk Parity,DOW,0.01746
2023-02-01,Equity Risk Parity,DUK,0.027575
2023-02-01,Equity Risk Parity,EA,0.026164
2023-02-01,Equity Risk Parity,GE,0.015153
2023-02-01,Equity Risk Parity,GILD,0.02771
2023-02-01,Equity Risk Parity,GS,0.017174
2023-02-01,Equity Risk Parity,INTC,0.013368
2023-02-01,Equity Risk Parity,KO,0.028464
2023-02-01,Equity Risk Parity,MMM,0.01957
2023-02-01,Equity Risk Parity,MRK,0.041962
2023-02-01,Equity Risk Parity,MS,0.01539
2023-02-01,Equity Risk Parity,NEE,0.020202
2023-02-01,Equity Risk Parity,NEM,0.023787
2023-02-01,Equity Risk Parity,NKE,0.012505
2023-02-01,Equity Risk Parity,NUE,0.012989
2023-02-01,Equity Risk Parity,NVDA,0.008508
2023-02-01,Equity Risk Parity,O,0.024845
2023-02-01,Equity Risk Parity,OXY,0.016104
2023-02-01,Equity Risk Parity,PLD,0.01449
2023-02-01,Equity Risk Parity,PSA,0.019805
2023-02-01,Equity Risk Parity,QCOM,0.01194
2023-02-01,Equity Risk Parity,SBUX,0.015901
2023-02-01,Equity Risk Parity,SHW,0.017779
2023-02-01,Equity Risk Parity,SLB,0.01683
2023-02-01,Equity Risk Parity,SO,0.025391
2023-02-01,Equity Risk Parity,T,0.026389
2023-02-01,Equity Risk Parity,TMUS,0.022332
2023-02-01,Equity Risk Parity,TTWO,0.018916
2023-02-01,Equity Risk Parity,UPS,0.017819
2023-02-01,Equity Risk Parity,USB,0.019016
2023-02-01,Equity Risk Parity,V,0.017574
2023-02-01,Equity Risk Parity,WFC,0.016692
2023-02-01,Equity Risk Parity,WMT,0.031837
2023-02-01,Equity Risk Parity,XOM,0.020743
2023-03-01,Equity Risk Parity,ABBV,0.03498
2023-03-01,Equity Risk Parity,ABT,0.01914
2023-03-01,Equity Risk Parity,ADBE,0.012911
2023-03-01,Equity Risk Parity,AEP,0.023543
2023-03-01,Equity Risk Parity,AMD,0.00907
2023-03-01,Equity Risk Parity,AMGN,0.038656
2023-03-01,Equity Risk Parity,AMT,0.016986
2023-03-01,Equity Risk Parity,BA,0.01357
2023-03-01,Equity Risk Parity,CAT,0.017166
2023-03-01,Equity Risk Parity,CCI,0.017894
2023-03-01,Equity Risk Parity,CMCSA,0.019542
2023-03-01,Equity Risk Parity,COP,0.017059
2023-03-01,Equity Risk Parity,CVX,0.020938
2023-03-01,Equity Risk Parity,D,0.026253
2023-03-01,Equity Risk Parity,DD,0.015267
2023-03-01,Equity Risk Parity,DIS,0.014494
2023-03-01,Equity Risk Parity,DOW,0.017515
2023-03-01,Equity Risk Parity,DUK,0.027893
2023-03-01,Equity Risk Parity,EA,0.026122
2023-03-01,Equity Risk Parity,GE,0.015609
2023-03-01,Equity Risk Parity,GILD,0.027165
2023-03-01,Equity Risk Parity,GS,0.017341
2023-03-01,Equity Risk Parity,INTC,0.013256
2023-03-01,Equity Risk Parity,KO,0.028102
2023-03-01,Equity Risk Parity,MMM,0.019867
2023-03-01,Equity Risk Parity,MRK,0.042613
2023-03-01,Equity Risk Parity,MS,0.015707
2023-03-01,Equity Risk Parity,NEE,0.020387
2023-03-01,Equity Risk Parity,NEM,0.022313
2023-03-01,Equity Risk Parity,NKE,0.012332
2023-03-01,Equity Risk Parity,NUE,0.01352
2023-03-01,Equity Risk Parity,NVDA,0.008745
2023-03-01,Equity Risk Parity,O,0.025124
2023-03-01,Equity Risk Parity,OXY,0.015269
2023-03-01,Equity Risk Parity,PLD,0.014672
2023-03-01,Equity Risk Parity,PSA,0.020191
2023-03-01,Equity Risk Parity,QCOM,0.012281
2023-03-01,Equity Risk Parity,SBUX,0.015698
2023-03-01,Equity Risk Parity,SHW,0.01808
2023-03-01,Equity Risk Parity,SLB,0.016674
2023-03-01,Equity Risk Parity,SO,0.025176
2023-03-01,Equity Risk Parity,T,0.02654
2023-03-01,Equity Risk Parity,TMUS,0.02186
2023-03-01,Equity Risk Parity,TTWO,0.018244
2023-03-01,Equity Risk Parity,UPS,0.018468
2023-03-01,Equity Risk Parity,USB,0.01927
2023-03-01,Equity Risk Parity,V,0.017726
2023-03-01,Equity Risk Parity,WFC,0.016839
2023-03-01,Equity Risk Parity,WMT,0.031281
2023-03-01,Equity Risk Parity,XOM,0.02065
2023-04-03,Equity Risk Parity,ABBV,0.03533
2023-04-03,Equity Risk Parity,ABT,0.019375
2023-04-03,Equity Risk Parity,ADBE,0.013182
2023-04-03,Equity Risk Parity,AEP,0.023102
2023-04-03,Equity Risk Parity,AMD,0.009534
2023-04-03,Equity Risk Parity,AMGN,0.038937
2023-04-03,Equity Risk Parity,AMT,0.016902
2023-04-03,Equity Risk Parity,BA,0.013695
2023-04-03,Equity Risk Parity,CAT,0.0165
2023-04-03,Equity Risk Parity,CCI,0.017775
2023-04-03,Equity Risk Parity,CMCSA,0.019541
2023-04-03,Equity Risk Parity,COP,0.016569
2023-04-03,Equity Risk Parity,CVX,0.019646
2023-04-03,Equity Risk Parity,D,0.025895
2023-04-03,Equity Risk Parity,DD,0.015677
2023-04-03,Equity Risk Parity,DIS,0.014736
2023-04-03,Equity Risk Parity,DOW,0.017874
2023-04-03,Equity Risk Parity,DUK,0.026848
2023-04-03,Equity Risk Parity,EA,0.026607
2023-04-03,Equity Risk Parity,GE,0.016034
2023-04-03,Equity Risk Parity,GILD,0.02676
2023-04-03,Equity Risk Parity,GS,0.017262
2023-04-03,Equity Risk Parity,INTC,0.013612
2023-04-03,Equity Risk Parity,KO,0.029031
2023-04-03,Equity Risk Parity,MMM,0.020012
2023-04-03,Equity Risk Parity,MRK,0.042351
2023-04-03,Equity Risk Parity,MS,0.015828
2023-04-03,Equity Risk Parity,NEE,0.01972
2023-04-03,Equity Risk Parity,NEM,0.022607
2023-04-03,Equity Risk Parity,NKE,0.01284
2023-04-03,Equity Risk Parity,NUE,0.013458
2023-04-03,Equity Risk Parity,NVDA,0.009204
2023-04-03,Equity Risk Parity,O,0.024898
2023-04-03,Equity Risk Parity,OXY,0.015388
2023-04-03,Equity Risk Parity,PLD,0.014269
2023-04-03,Equity Risk Parity,PSA,0.020031
2023-04-03,Equity Risk Parity,QCOM,0.012929
2023-04-03,Equity Risk Parity,SBUX,0.016605
2023-04-03,Equity Risk Parity,SHW,0.017994
2023-04-03,Equity Risk Parity,SLB,0.015527
2023-04-03,Equity Risk Parity,SO,0.024757
2023-04-03,Equity Risk Parity,T,0.026781
2023-04-03,Equity Risk Parity,TMUS,0.022533
2023-04-03,Equity Risk Parity,TTWO,0.018337
2023-04-03,Equity Risk Parity,UPS,0.019343
2023-04-03,Equity Risk Parity,USB,0.017664
2023-04-03,Equity Risk Parity,V,0.018403
2023-04-03,Equity Risk Parity,WFC,0.016889
2023-04-03,Equity Risk Parity,WMT,0.03177
2023-04-03,Equity Risk Parity,XOM,0.019438
2023-05-01,Equity Risk Parity,ABBV,0.036344
2023-05-01,Equity Risk Parity,ABT,0.019704
2023-05-01,Equity Risk Parity,ADBE,0.013252
2023-05-01,Equity Risk Parity,AEP,0.022927
2023-05-01,Equity Risk Parity,AMD,0.009824
2023-05-01,Equity Risk Parity,AMGN,0.038819
2023-05-01,Equity Risk Parity,AMT,0.016833
2023-05-01,Equity Risk Parity,BA,0.01388
2023-05-01,Equity Risk Parity,CAT,0.016831
2023-05-01,Equity Risk Parity,CCI,0.017399
2023-05-01,Equity Risk Parity,CMCSA,0.019174
2023-05-01,Equity Risk Parity,COP,0.016462
2023-05-01,Equity Risk Parity,CVX,0.019707
2023-05-01,Equity Risk Parity,D,0.025564
2023-05-01,Equity Risk Parity,DD,0.0157
2023-05-01,Equity Risk Parity,DIS,0.01472
2023-05-01,Equity Risk Parity,DOW,0.017256
2023-05-01,Equity Risk Parity,DUK,0.026462
2023-05-01,Equity Risk Parity,EA,0.025512
2023-05-01,Equity Risk Parity,GE,0.016659
2023-05-01,Equity Risk Parity,GILD,0.027197
2023-05-01,Equity Risk Parity,GS,0.017659
2023-05-01,Equity Risk Parity,INTC,0.013602
2023-05-01,Equity Risk Parity,KO,0.029182
2023-05-01,Equity Risk Parity,MMM,0.019867
2023-05-01,Equity Risk Parity,MRK,0.042074
2023-05-01,Equity Risk Parity,MS,0.016284
2023-05-01,Equity Risk Parity,NEE,0.019519
2023-05-01,Equity Risk Parity,NEM,0.023109
2023-05-01,Equity Risk Parity,NKE,0.01321
2023-05-01,Equity Risk Parity,NUE,0.013433
2023-05-01,Equity Risk Parity,NVDA,0.009368
2023-05-01,Equity Risk Parity,O,0.025134
2023-05-01,Equity Risk Parity,OXY,0.015792
2023-05-01,Equity Risk Parity,PLD,0.01415
2023-05-01,Equity Risk Parity,PSA,0.020254
2023-05-01,Equity Risk Parity,QCOM,0.012916
2023-05-01,Equity Risk Parity,SBUX,0.016847
2023-05-01,Equity Risk Parity,SHW,0.017129
2023-05-01,Equity Risk Parity,SLB,0.015046
2023-05-01,Equity Risk Parity,SO,0.024624
2023-05-01,Equity Risk Parity,T,0.025381
2023-05-01,Equity Risk Parity,TMUS,0.023497
2023-05-01,Equity Risk Parity,TTWO,0.018153
2023-05-01,Equity Risk Parity,UPS,0.018663
2023-05-01,Equity Risk Parity,USB,0.017301
2023-05-01,Equity Risk Parity,V,0.01885
2023-05-01,Equity Risk Parity,WFC,0.016841
2023-05-01,Equity Risk Parity,WMT,0.032604
2023-05-01,Equity Risk Parity,XOM,0.019285
2023-06-01,Equity Risk Parity,ABBV,0.035194
2023-06-01,Equity Risk Parity,ABT,0.020707
2023-06-01,Equity Risk Parity,ADBE,0.013112
2023-06-01,Equity Risk Parity,AEP,0.021924
2023-06-01,Equity Risk Parity,AMD,0.010667
2023-06-01,Equity Risk Parity,AMGN,0.033983
2023-06-01,Equity Risk Parity,AMT,0.016685
2023-06-01,Equity Risk Parity,BA,0.01472
2023-06-01,Equity Risk Parity,CAT,0.016378
2023-06-01,Equity Risk Parity,CCI,0.016873
2023-06-01,Equity Risk Parity,CMCSA,0.018365
2023-06-01,Equity Risk Parity,COP,0.016945
2023-06-01,Equity Risk Parity,CVX,0.019959
2023-06-01,Equity Risk Parity,D,0.024007
2023-06-01,Equity Risk Parity,DD,0.015287
2023-06-01,Equity Risk Parity,DIS,0.014243
2023-06-01,Equity Risk Parity,DOW,0.016498
2023-06-01,Equity Risk Parity,DUK,0.025097
2023-06-01,Equity Risk Parity,EA,0.026954
2023-06-01,Equity Risk Parity,GE,0.017011
2023-06-01,Equity Risk Parity,GILD,0.025916
2023-06-01,Equity Risk Parity,GS,0.017606
2023-06-01,Equity Risk Parity,INTC,0.013838
2023-06-01,Equity Risk Parity,KO,0.03171
2023-06-01,Equity Risk Parity,MMM,0.018671
2023-06-01,Equity Risk Parity,MRK,0.042481
2023-06-01,Equity Risk Parity,MS,0.01649
2023-06-01,Equity Risk Parity,NEE,0.019783
2023-06-01,Equity Risk Parity,NEM,0.022463
2023-06-01,Equity Risk Parity,NKE,0.013264
2023-06-01,Equity Risk Parity,NUE,0.013641
2023-06-01,Equity Risk Parity,NVDA,0.009992
2023-06-01,Equity Risk Parity,O,0.025276
2023-06-01,Equity Risk Parity,OXY,0.017202
2023-06-01,Equity Risk Parity,PLD,0.01476
2023-06-01,Equity Risk Parity,PSA,0.021399
2023-06-01,Equity Risk Parity,QCOM,0.013367
2023-06-01,Equity Risk Parity,SBUX,0.017999
2023-06-01,Equity Risk Parity,SHW,0.016389
2023-06-01,Equity Risk Parity,SLB,0.016072
2023-06-01,Equity Risk Parity,SO,0.023726
2023-06-01,Equity Risk Parity,T,0.024828
2023-06-01,Equity Risk Parity,TMUS,0.027084
2023-06-01,Equity Risk Parity,TTWO,0.01952
2023-06-01,Equity Risk Parity,UPS,0.018852
2023-06-01,Equity Risk Parity,USB,0.015333
2023-06-01,Equity Risk Parity,V,0.019697
2023-06-01,Equity Risk Parity,WFC,0.016711
2023-06-01,Equity Risk Parity,WMT,0.031883
2023-06-01,Equity Risk Parity,XOM,0.019439
2023-07-03,Equity Risk Parity,ABBV,0.036746
2023-07-03,Equity Risk Parity,ABT,0.021476
2023-07-03,Equity Risk Parity,ADBE,0.013218
2023-07-03,Equity Risk Parity,AEP,0.021685
2023-07-03,Equity Risk Parity,AMD,0.011515
2023-07-03,Equity Risk Parity,AMGN,0.032107
2023-07-03,Equity Risk Parity,AMT,0.016671
2023-07-03,Equity Risk Parity,BA,0.015264
2023-07-03,Equity Risk Parity,CAT,0.015394
2023-07-03,Equity Risk Parity,CCI,0.016971
2023-07-03,Equity Risk Parity,CMCSA,0.017594
2023-07-03,Equity Risk Parity,COP,0.016981
2023-07-03,Equity Risk Parity,CVX,0.019659
2023-07-03,Equity Risk Parity,D,0.023325
2023-07-03,Equity Risk Parity,DD,0.015251
2023-07-03,Equity Risk Parity,DIS,0.013631
2023-07-03,Equity Risk Parity,DOW,0.016048
2023-07-03,Equity Risk Parity,DUK,0.024462
2023-07-03,Equity Risk Parity,EA,0.027326
2023-07-03,Equity Risk Parity,GE,0.017757
2023-07-03,Equity Risk Parity,GILD,0.024941
2023-07-03,Equity Risk Parity,GS,0.017527
2023-07-03,Equity Risk Parity,INTC,0.013397
2023-07-03,Equity Risk Parity,KO,0.030765
2023-07-03,Equity Risk Parity,MMM,0.016871
2023-07-03,Equity Risk Parity,MRK,0.046852
2023-07-03,Equity Risk Parity,MS,0.016317
2023-07-03,Equity Risk Parity,NEE,0.020387
2023-07-03,Equity Risk Parity,NEM,0.020637
2023-07-03,Equity Risk Parity,NKE,0.013193
2023-07-03,Equity Risk Parity,NUE,0.01349
2023-07-03,Equity Risk Parity,NVDA,0.0106
2023-07-03,Equity Risk Parity,O,0.025243
2023-07-03,Equity Risk Parity,OXY,0.017545
2023-07-03,Equity Risk Parity,PLD,0.015288
2023-07-03,Equity Risk Parity,PSA,0.020819
2023-07-03,Equity Risk Parity,QCOM,0.013046
2023-07-03,Equity Risk Parity,SBUX,0.018456
2023-07-03,Equity Risk Parity,SHW,0.016318
2023-07-03,Equity Risk Parity,SLB,0.015852
2023-07-03,Equity Risk Parity,SO,0.023816
2023-07-03,Equity Risk Parity,T,0.025591
2023-07-03,Equity Risk Parity,TMUS,0.029882
2023-07-03,Equity Risk Parity,TTWO,0.020226
2023-07-03,Equity Risk Parity,UPS,0.017455
2023-07-03,Equity Risk Parity,USB,0.014511
2023-07-03,Equity Risk Parity,V,0.020997
2023-07-03,Equity Risk Parity,WFC,0.016896
2023-07-03,Equity Risk Parity,WMT,0.030503
2023-07-03,Equity Risk Parity,XOM,0.019497
2023-08-01,Equity Risk Parity,ABBV,0.036953
2023-08-01,Equity Risk Parity,ABT,0.022056
2023-08-01,Equity Risk Parity,ADBE,0.013325
2023-08-01,Equity Risk Parity,AEP,0.021154
2023-08-01,Equity Risk Parity,AMD,0.01188
2023-08-01,Equity Risk Parity,AMGN,0.031909
2023-08-01,Equity Risk Parity,AMT,0.016653
2023-08-01,Equity Risk Parity,BA,0.015412
2023-08-01,Equity Risk Parity,CAT,0.015871
2023-08-01,Equity Risk Parity,CCI,0.016898
2023-08-01,Equity Risk Parity,CMCSA,0.01741
2023-08-01,Equity Risk Parity,COP,0.017048
2023-08-01,Equity Risk Parity,CVX,0.019786
2023-08-01,Equity Risk Parity,D,0.022446
2023-08-01,Equity Risk Parity,DD,0.015493
2023-08-01,Equity Risk Parity,DIS,0.013818
2023-08-01,Equity Risk Parity,DOW,0.016248
2023-08-01,Equity Risk Parity,DUK,0.023607
2023-08-01,Equity Risk Parity,EA,0.027255
2023-08-01,Equity Risk Parity,GE,0.018284
2023-08-01,Equity Risk Parity,GILD,0.024951
2023-08-01,Equity Risk Parity,GS,0.017979
2023-08-01,Equity Risk Parity,INTC,0.01325
2023-08-01,Equity Risk Parity,KO,0.030871
2023-08-01,Equity Risk Parity,MMM,0.015972
2023-08-01,Equity Risk Parity,MRK,0.046006
2023-08-01,Equity Risk Parity,MS,0.016512
2023-08-01,Equity Risk Parity,NEE,0.020192
2023-08-01,Equity Risk Parity,NEM,0.019686
2023-08-01,Equity Risk Parity,NKE,0.013416
2023-08-01,Equity Risk Parity,NUE,0.013674
2023-08-01,Equity Risk Parity,NVDA,0.010732
2023-08-01,Equity Risk Parity,O,0.025163
2023-08-01,Equity Risk Parity,OXY,0.01787
2023-08-01,Equity Risk Parity,PLD,0.015636
2023-08-01,Equity Risk Parity,PSA,0.021243
2023-08-01,Equity Risk Parity,QCOM,0.012821
2023-08-01,Equity Risk Parity,SBUX,0.018568
2023-08-01,Equity Risk Parity,SHW,0.015771
2023-08-01,Equity Risk Parity,SLB,0.016097
2023-08-01,Equity Risk Parity,SO,0.023396
2023-08-01,Equity Risk Parity,T,0.024507
2023-08-01,Equity Risk Parity,TMUS,0.030825
2023-08-01,Equity Risk Parity,TTWO,0.020069
2023-08-01,Equity Risk Parity,UPS,0.017638
2023-08-01,Equity Risk Parity,USB,0.01407
2023-08-01,Equity Risk Parity,V,0.021262
2023-08-01,Equity Risk Parity,WFC,0.017535
2023-08-01,Equity Risk Parity,WMT,0.031038
2023-08-01,Equity Risk Parity,XOM,0.019746
2023-09-01,Equity Risk Parity,ABBV,0.036766
2023-09-01,Equity Risk Parity,ABT,0.022228
2023-09-01,Equity Risk Parity,ADBE,0.013438
2023-09-01,Equity Risk Parity,AEP,0.021139
2023-09-01,Equity Risk Parity,AMD,0.011726
2023-09-01,Equity Risk Parity,AMGN,0.032536
2023-09-01,Equity Risk Parity,AMT,0.01652
2023-09-01,Equity Risk Parity,BA,0.015381
2023-09-01,Equity Risk Parity,CAT,0.016538
2023-09-01,Equity Risk Parity,CCI,0.016838
2023-09-01,Equity Risk Parity,CMCSA,0.017436
2023-09-01,Equity Risk Parity,COP,0.016686
2023-09-01,Equity Risk Parity,CVX,0.019588
2023-09-01,Equity Risk Parity,D,0.021951
2023-09-01,Equity Risk Parity,DD,0.016062
2023-09-01,Equity Risk Parity,DIS,0.014141
2023-09-01,Equity Risk Parity,DOW,0.016487
2023-09-01,Equity Risk Parity,DUK,0.023463
2023-09-01,Equity Risk Parity,EA,0.025185
2023-09-01,Equity Risk Parity,GE,0.018712
2023-09-01,Equity Risk Parity,GILD,0.024725
2023-09-01,Equity Risk Parity,GS,0.018017
2023-09-01,Equity Risk Parity,INTC,0.013023
2023-09-01,Equity Risk Parity,KO,0.031821
2023-09-01,Equity Risk Parity,MMM,0.016604
2023-09-01,Equity Risk Parity,MRK,0.044841
2023-09-01,Equity Risk Parity,MS,0.016807
2023-09-01,Equity Risk Parity,NEE,0.01984
2023-09-01,Equity Risk Parity,NEM,0.01954
2023-09-01,Equity Risk Parity,NKE,0.013662
2023-09-01,Equity Risk Parity,NUE,0.0139
2023-09-01,Equity Risk Parity,NVDA,0.011293
2023-09-01,Equity Risk Parity,O,0.024629
2023-09-01,Equity Risk Parity,OXY,0.01748
2023-09-01,Equity Risk Parity,PLD,0.01568
2023-09-01,Equity Risk Parity,PSA,0.021303
2023-09-01,Equity Risk Parity,QCOM,0.012959
2023-09-01,Equity Risk Parity,SBUX,0.01912
2023-09-01,Equity Risk Parity,SHW,0.016003
2023-09-01,Equity Risk Parity,SLB,0.015732
2023-09-01,Equity Risk Parity,SO,0.023021
2023-09-01,Equity Risk Parity,T,0.024198
2023-09-01,Equity Risk Parity,TMUS,0.030406
2023-09-01,Equity Risk Parity,TTWO,0.019761
2023-09-01,Equity Risk Parity,UPS,0.017533
2023-09-01,Equity Risk Parity,USB,0.013959
2023-09-01,Equity Risk Parity,V,0.021625
2023-09-01,Equity Risk Parity,WFC,0.017744
2023-09-01,Equity Risk Parity,WMT,0.03234
2023-09-01,Equity Risk Parity,XOM,0.019612
2023-10-02,Equity Risk Parity,ABBV,0.035483
2023-10-02,Equity Risk Parity,ABT,0.021682
2023-10-02,Equity Risk Parity,ADBE,0.014232
2023-10-02,Equity Risk Parity,AEP,0.020991
2023-10-02,Equity Risk Parity,AMD,0.011755
2023-10-02,Equity Risk Parity,AMGN,0.032924
2023-10-02,Equity Risk Parity,AMT,0.015961
2023-10-02,Equity Risk Parity,BA,0.016382
2023-10-02,Equity Risk Parity,CAT,0.016718
2023-10-02,Equity Risk Parity,CCI,0.016435
2023-10-02,Equity Risk Parity,CMCSA,0.018609
2023-10-02,Equity Risk Parity,COP,0.016923
2023-10-02,Equity Risk Parity,CVX,0.020147
2023-10-02,Equity Risk Parity,D,0.021112
2023-10-02,Equity Risk Parity,DD,0.016523
2023-10-02,Equity Risk Parity,DIS,0.014365
2023-10-02,Equity Risk Parity,DOW,0.016431
2023-10-02,Equity Risk Parity,DUK,0.023518
2023-10-02,Equity Risk Parity,EA,0.025869
2023-10-02,Equity Risk Parity,GE,0.018624
2023-10-02,Equity Risk Parity,GILD,0.025564
2023-10-02,Equity Risk Parity,GS,0.017802
2023-10-02,Equity Risk Parity,INTC,0.012844
2023-10-02,Equity Risk Parity,KO,0.032759
2023-10-02,Equity Risk Parity,MMM,0.015997
2023-10-02,Equity Risk Parity,MRK,0.043789
2023-10-02,Equity Risk Parity,MS,0.016256
2023-10-02,Equity Risk Parity,NEE,0.019281
2023-10-02,Equity Risk Parity,NEM,0.019743
2023-10-02,Equity Risk Parity,NKE,0.013861
2023-10-02,Equity Risk Parity,NUE,0.013223
2023-10-02,Equity Risk Parity,NVDA,0.011232
2023-10-02,Equity Risk Parity,O,0.023469
2023-10-02,Equity Risk Parity,OXY,0.017433
2023-10-02,Equity Risk Parity,PLD,0.015106
2023-10-02,Equity Risk Parity,PSA,0.020802
2023-10-02,Equity Risk Parity,QCOM,0.01247
2023-10-02,Equity Risk Parity,SBUX,0.018627
2023-10-02,Equity Risk Parity,SHW,0.015592
2023-10-02,Equity Risk Parity,SLB,0.016466
2023-10-02,Equity Risk Parity,SO,0.022688
2023-10-02,Equity Risk Parity,T,0.024263
2023-10-02,Equity Risk Parity,TMUS,0.033395
2023-10-02,Equity Risk Parity,TTWO,0.020436
2023-10-02,Equity Risk Parity,UPS,0.017308
2023-10-02,Equity Risk Parity,USB,0.013272
2023-10-02,Equity Risk Parity,V,0.021853
2023-10-02,Equity Risk Parity,WFC,0.017629
2023-10-02,Equity Risk Parity,WMT,0.032402
2023-10-02,Equity Risk Parity,XOM,0.019754
2023-11-01,Equity Risk Parity,ABBV,0.036978
2023-11-01,Equity Risk Parity,ABT,0.023584
2023-11-01,Equity Risk Parity,ADBE,0.013181
2023-11-01,Equity Risk Parity,AEP,0.021928
2023-11-01,Equity Risk Parity,AMD,0.012212
2023-11-01,Equity Risk Parity,AMGN,0.031054
2023-11-01,Equity Risk Parity,AMT,0.0156
2023-11-01,Equity Risk Parity,BA,0.016101
2023-11-01,Equity Risk Parity,CAT,0.016515
2023-11-01,Equity Risk Parity,CCI,0.0155
2023-11-01,Equity Risk Parity,CMCSA,0.018534
2023-11-01,Equity Risk Parity,COP,0.016741
2023-11-01,Equity Risk Parity,CVX,0.020325
2023-11-01,Equity Risk Parity,D,0.021624
2023-11-01,Equity Risk Parity,DD,0.016752
2023-11-01,Equity Risk Parity,DIS,0.014156
2023-11-01,Equity Risk Parity,DOW,0.015906
2023-11-01,Equity Risk Parity,DUK,0.025301
2023-11-01,Equity Risk Parity,EA,0.024843
2023-11-01,Equity Risk Parity,GE,0.018816
2023-11-01,Equity Risk Parity,GILD,0.029234
2023-11-01,Equity Risk Parity,GS,0.01773
2023-11-01,Equity Risk Parity,INTC,0.013691
2023-11-01,Equity Risk Parity,KO,0.031533
2023-11-01,Equity Risk Parity,MMM,0.014924
2023-11-01,Equity Risk Parity,MRK,0.046423
2023-11-01,Equity Risk Parity,MS,0.016179
2023-11-01,Equity Risk Parity,NEE,0.018739
2023-11-01,Equity Risk Parity,NEM,0.018025
2023-11-01,Equity Risk Parity,NKE,0.014026
2023-11-01,Equity Risk Parity,NUE,0.012915
2023-11-01,Equity Risk Parity,NVDA,0.011685
2023-11-01,Equity Risk Parity,O,0.023697
2023-11-01,Equity Risk Parity,OXY,0.01587
2023-11-01,Equity Risk Parity,PLD,0.013872
2023-11-01,Equity Risk Parity,PSA,0.018729
2023-11-01,Equity Risk Parity,QCOM,0.012266
2023-11-01,Equity Risk Parity,SBUX,0.018252
2023-11-01,Equity Risk Parity,SHW,0.016254
2023-11-01,Equity Risk Parity,SLB,0.016536
2023-11-01,Equity Risk Parity,SO,0.024227
2023-11-01,Equity Risk Parity,T,0.025098
2023-11-01,Equity Risk Parity,TMUS,0.035865
2023-11-01,Equity Risk Parity,TTWO,0.018632
2023-11-01,Equity Risk Parity,UPS,0.016001
2023-11-01,Equity Risk Parity,USB,0.011553
2023-11-01,Equity Risk Parity,V,0.021501
2023-11-01,Equity Risk Parity,WFC,0.016796
2023-11-01,Equity Risk Parity,WMT,0.034258
2023-11-01,Equity Risk Parity,XOM,0.019837
2023-12-01,Equity Risk Parity,ABBV,0.038949
2023-12-01,Equity Risk Parity,ABT,0.025017
2023-12-01,Equity Risk Parity,ADBE,0.014335
2023-12-01,Equity Risk Parity,AEP,0.020912
2023-12-01,Equity Risk Parity,AMD,0.014422
2023-12-01,Equity Risk Parity,AMGN,0.027131
2023-12-01,Equity Risk Parity,AMT,0.015752
2023-12-01,Equity Risk Parity,BA,0.01572
2023-12-01,Equity Risk Parity,CAT,0.015687
2023-12-01,Equity Risk Parity,CCI,0.015268
2023-12-01,Equity Risk Parity,CMCSA,0.018547
2023-12-01,Equity Risk Parity,COP,0.016988
2023-12-01,Equity Risk Parity,CVX,0.020617
2023-12-01,Equity Risk Parity,D,0.019493
2023-12-01,Equity Risk Parity,DD,0.016318
2023-12-01,Equity Risk Parity,DIS,0.015952
2023-12-01,Equity Risk Parity,DOW,0.016782
2023-12-01,Equity Risk Parity,DUK,0.024685
2023-12-01,Equity Risk Parity,EA,0.023701
2023-12-01,Equity Risk Parity,GE,0.019385
2023-12-01,Equity Risk Parity,GILD,0.025933
2023-12-01,Equity Risk Parity,GS,0.016489
2023-12-01,Equity Risk Parity,INTC,0.014702
2023-12-01,Equity Risk Parity,KO,0.034437
2023-12-01,Equity Risk Parity,MMM,0.014605
2023-12-01,Equity Risk Parity,MRK,0.041567
2023-12-01,Equity Risk Parity,MS,0.015179
2023-12-01,Equity Risk Parity,NEE,0.017969
2023-12-01,Equity Risk Parity,NEM,0.020323
2023-12-01,Equity Risk Parity,NKE,0.015246
2023-12-01,Equity Risk Parity,NUE,0.013067
2023-12-01,Equity Risk Parity,NVDA,0.014
2023-12-01,Equity Risk Parity,O,0.0222
2023-12-01,Equity Risk Parity,OXY,0.018124
2023-12-01,Equity Risk Parity,PLD,0.013535
2023-12-01,Equity Risk Parity,PSA,0.019443
2023-12-01,Equity Risk Parity,QCOM,0.012822
2023-12-01,Equity Risk Parity,SBUX,0.017636
2023-12-01,Equity Risk Parity,SHW,0.016623
2023-12-01,Equity Risk Parity,SLB,0.015609
2023-12-01,Equity Risk Parity,SO,0.023323
2023-12-01,Equity Risk Parity,T,0.024772
2023-12-01,Equity Risk Parity,TMUS,0.034551
2023-12-01,Equity Risk Parity,TTWO,0.017454
2023-12-01,Equity Risk Parity,UPS,0.016453
2023-12-01,Equity Risk Parity,USB,0.010282
2023-12-01,Equity Risk Parity,V,0.023944
2023-12-01,Equity Risk Parity,WFC,0.015806
2023-12-01,Equity Risk Parity,WMT,0.038125
2023-12-01,Equity Risk Parity,XOM,0.020119
2020-09-10,Crypto Equal Weight,ADA-USD,0.1
2020-09-10,Crypto Equal Weight,BCH-USD,0.1
2020-09-10,Crypto Equal Weight,BTC-USD,0.1
2020-09-10,Crypto Equal Weight,EOS-USD,0.1
2020-09-10,Crypto Equal Weight,ETC-USD,0.1
2020-09-10,Crypto Equal Weight,ETH-USD,0.1
2020-09-10,Crypto Equal Weight,LTC-USD,0.1
2020-09-10,Crypto Equal Weight,TRX-USD,0.1
2020-09-10,Crypto Equal Weight,XLM-USD,0.1
2020-09-10,Crypto Equal Weight,XRP-USD,0.1
2020-10-01,Crypto Equal Weight,ADA-USD,0.1
2020-10-01,Crypto Equal Weight,BCH-USD,0.1
2020-10-01,Crypto Equal Weight,BTC-USD,0.1
2020-10-01,Crypto Equal Weight,EOS-USD,0.1
2020-10-01,Crypto Equal Weight,ETC-USD,0.1
2020-10-01,Crypto Equal Weight,ETH-USD,0.1
2020-10-01,Crypto Equal Weight,LTC-USD,0.1
2020-10-01,Crypto Equal Weight,TRX-USD,0.1
2020-10-01,Crypto Equal Weight,XLM-USD,0.1
2020-10-01,Crypto Equal Weight,XRP-USD,0.1
2020-11-01,Crypto Equal Weight,ADA-USD,0.1
2020-11-01,Crypto Equal Weight,BCH-USD,0.1
2020-11-01,Crypto Equal Weight,BTC-USD,0.1
2020-11-01,Crypto Equal Weight,EOS-USD,0.1
2020-11-01,Crypto Equal Weight,ETC-USD,0.1
2020-11-01,Crypto Equal Weight,ETH-USD,0.1
2020-11-01,Crypto Equal Weight,LTC-USD,0.1
2020-11-01,Crypto Equal Weight,TRX-USD,0.1
2020-11-01,Crypto Equal Weight,XLM-USD,0.1
2020-11-01,Crypto Equal Weight,XRP-USD,0.1
2020-12-01,Crypto Equal Weight,ADA-USD,0.1
2020-12-01,Crypto Equal Weight,BCH-USD,0.1
2020-12-01,Crypto Equal Weight,BTC-USD,0.1
2020-12-01,Crypto Equal Weight,EOS-USD,0.1
2020-12-01,Crypto Equal Weight,ETC-USD,0.1
2020-12-01,Crypto Equal Weight,ETH-USD,0.1
2020-12-01,Crypto Equal Weight,LTC-USD,0.1
2020-12-01,Crypto Equal Weight,TRX-USD,0.1
2020-12-01,Crypto Equal Weight,XLM-USD,0.1
2020-12-01,Crypto Equal Weight,XRP-USD,0.1
2021-01-01,Crypto Equal Weight,ADA-USD,0.1
2021-01-01,Crypto Equal Weight,BCH-USD,0.1
2021-01-01,Crypto Equal Weight,BTC-USD,0.1
2021-01-01,Crypto Equal Weight,EOS-USD,0.1
2021-01-01,Crypto Equal Weight,ETC-USD,0.1
2021-01-01,Crypto Equal Weight,ETH-USD,0.1
2021-01-01,Crypto Equal Weight,LTC-USD,0.1
2021-01-01,Crypto Equal Weight,TRX-USD,0.1
2021-01-01,Crypto Equal Weight,XLM-USD,0.1
2021-01-01,Crypto Equal Weight,XRP-USD,0.1
2021-02-01,Crypto Equal Weight,ADA-USD,0.1
2021-02-01,Crypto Equal Weight,BCH-USD,0.1
2021-02-01,Crypto Equal Weight,BTC-USD,0.1
2021-02-01,Crypto Equal Weight,EOS-USD,0.1
2021-02-01,Crypto Equal Weight,ETC-USD,0.1
2021-02-01,Crypto Equal Weight,ETH-USD,0.1
2021-02-01,Crypto Equal Weight,LTC-USD,0.1
2021-02-01,Crypto Equal Weight,TRX-USD,0.1
2021-02-01,Crypto Equal Weight,XLM-USD,0.1
2021-02-01,Crypto Equal Weight,XRP-USD,0.1
2021-03-01,Crypto Equal Weight,ADA-USD,0.1
2021-03-01,Crypto Equal Weight,BCH-USD,0.1
2021-03-01,Crypto Equal Weight,BTC-USD,0.1
2021-03-01,Crypto Equal Weight,EOS-USD,0.1
2021-03-01,Crypto Equal Weight,ETC-USD,0.1
2021-03-01,Crypto Equal Weight,ETH-USD,0.1
2021-03-01,Crypto Equal Weight,LTC-USD,0.1
2021-03-01,Crypto Equal Weight,TRX-USD,0.1
2021-03-01,Crypto Equal Weight,XLM-USD,0.1
2021-03-01,Crypto Equal Weight,XRP-USD,0.1
2021-04-01,Crypto Equal Weight,ADA-USD,0.1
2021-04-01,Crypto Equal Weight,BCH-USD,0.1
2021-04-01,Crypto Equal Weight,BTC-USD,0.1
2021-04-01,Crypto Equal Weight,EOS-USD,0.1
2021-04-01,Crypto Equal Weight,ETC-USD,0.1
2021-04-01,Crypto Equal Weight,ETH-USD,0.1
2021-04-01,Crypto Equal Weight,LTC-USD,0.1
2021-04-01,Crypto Equal Weight,TRX-USD,0.1
2021-04-01,Crypto Equal Weight,XLM-USD,0.1
2021-04-01,Crypto Equal Weight,XRP-USD,0.1
2021-05-01,Crypto Equal Weight,ADA-USD,0.1
2021-05-01,Crypto Equal Weight,BCH-USD,0.1
2021-05-01,Crypto Equal Weight,BTC-USD,0.1
2021-05-01,Crypto Equal Weight,EOS-USD,0.1
2021-05-01,Crypto Equal Weight,ETC-USD,0.1
2021-05-01,Crypto Equal Weight,ETH-USD,0.1
2021-05-01,Crypto Equal Weight,LTC-USD,0.1
2021-05-01,Crypto Equal Weight,TRX-USD,0.1
2021-05-01,Crypto Equal Weight,XLM-USD,0.1
2021-05-01,Crypto Equal Weight,XRP-USD,0.1
2021-06-01,Crypto Equal Weight,ADA-USD,0.1
2021-06-01,Crypto Equal Weight,BCH-USD,0.1
2021-06-01,Crypto Equal Weight,BTC-USD,0.1
2021-06-01,Crypto Equal Weight,EOS-USD,0.1
2021-06-01,Crypto Equal Weight,ETC-USD,0.1
2021-06-01,Crypto Equal Weight,ETH-USD,0.1
2021-06-01,Crypto Equal Weight,LTC-USD,0.1
2021-06-01,Crypto Equal Weight,TRX-USD,0.1
2021-06-01,Crypto Equal Weight,XLM-USD,0.1
2021-06-01,Crypto Equal Weight,XRP-USD,0.1
2021-07-01,Crypto Equal Weight,ADA-USD,0.1
2021-07-01,Crypto Equal Weight,BCH-USD,0.1
2021-07-01,Crypto Equal Weight,BTC-USD,0.1
2021-07-01,Crypto Equal Weight,EOS-USD,0.1
2021-07-01,Crypto Equal Weight,ETC-USD,0.1
2021-07-01,Crypto Equal Weight,ETH-USD,0.1
2021-07-01,Crypto Equal Weight,LTC-USD,0.1
2021-07-01,Crypto Equal Weight,TRX-USD,0.1
2021-07-01,Crypto Equal Weight,XLM-USD,0.1
2021-07-01,Crypto Equal Weight,XRP-USD,0.1
2021-08-01,Crypto Equal Weight,ADA-USD,0.1
2021-08-01,Crypto Equal Weight,BCH-USD,0.1
2021-08-01,Crypto Equal Weight,BTC-USD,0.1
2021-08-01,Crypto Equal Weight,EOS-USD,0.1
2021-08-01,Crypto Equal Weight,ETC-USD,0.1
2021-08-01,Crypto Equal Weight,ETH-USD,0.1
2021-08-01,Crypto Equal Weight,LTC-USD,0.1
2021-08-01,Crypto Equal Weight,TRX-USD,0.1
2021-08-01,Crypto Equal Weight,XLM-USD,0.1
2021-08-01,Crypto Equal Weight,XRP-USD,0.1
2021-09-01,Crypto Equal Weight,ADA-USD,0.1
2021-09-01,Crypto Equal Weight,BCH-USD,0.1
2021-09-01,Crypto Equal Weight,BTC-USD,0.1
2021-09-01,Crypto Equal Weight,EOS-USD,0.1
2021-09-01,Crypto Equal Weight,ETC-USD,0.1
2021-09-01,Crypto Equal Weight,ETH-USD,0.1
2021-09-01,Crypto Equal Weight,LTC-USD,0.1
2021-09-01,Crypto Equal Weight,TRX-USD,0.1
2021-09-01,Crypto Equal Weight,XLM-USD,0.1
2021-09-01,Crypto Equal Weight,XRP-USD,0.1
2021-10-01,Crypto Equal Weight,ADA-USD,0.1
2021-10-01,Crypto Equal Weight,BCH-USD,0.1
2021-10-01,Crypto Equal Weight,BTC-USD,0.1
2021-10-01,Crypto Equal Weight,EOS-USD,0.1
2021-10-01,Crypto Equal Weight,ETC-USD,0.1
2021-10-01,Crypto Equal Weight,ETH-USD,0.1
2021-10-01,Crypto Equal Weight,LTC-USD,0.1
2021-10-01,Crypto Equal Weight,TRX-USD,0.1
2021-10-01,Crypto Equal Weight,XLM-USD,0.1
2021-10-01,Crypto Equal Weight,XRP-USD,0.1
2021-11-01,Crypto Equal Weight,ADA-USD,0.1
2021-11-01,Crypto Equal Weight,BCH-USD,0.1
2021-11-01,Crypto Equal Weight,BTC-USD,0.1
2021-11-01,Crypto Equal Weight,EOS-USD,0.1
2021-11-01,Crypto Equal Weight,ETC-USD,0.1
2021-11-01,Crypto Equal Weight,ETH-USD,0.1
2021-11-01,Crypto Equal Weight,LTC-USD,0.1
2021-11-01,Crypto Equal Weight,TRX-USD,0.1
2021-11-01,Crypto Equal Weight,XLM-USD,0.1
2021-11-01,Crypto Equal Weight,XRP-USD,0.1
2021-12-01,Crypto Equal Weight,ADA-USD,0.1
2021-12-01,Crypto Equal Weight,BCH-USD,0.1
2021-12-01,Crypto Equal Weight,BTC-USD,0.1
2021-12-01,Crypto Equal Weight,EOS-USD,0.1
2021-12-01,Crypto Equal Weight,ETC-USD,0.1
2021-12-01,Crypto Equal Weight,ETH-USD,0.1
2021-12-01,Crypto Equal Weight,LTC-USD,0.1
2021-12-01,Crypto Equal Weight,TRX-USD,0.1
2021-12-01,Crypto Equal Weight,XLM-USD,0.1
2021-12-01,Crypto Equal Weight,XRP-USD,0.1
2022-01-01,Crypto Equal Weight,ADA-USD,0.1
2022-01-01,Crypto Equal Weight,BCH-USD,0.1
2022-01-01,Crypto Equal Weight,BTC-USD,0.1
2022-01-01,Crypto Equal Weight,EOS-USD,0.1
2022-01-01,Crypto Equal Weight,ETC-USD,0.1
2022-01-01,Crypto Equal Weight,ETH-USD,0.1
2022-01-01,Crypto Equal Weight,LTC-USD,0.1
2022-01-01,Crypto Equal Weight,TRX-USD,0.1
2022-01-01,Crypto Equal Weight,XLM-USD,0.1
2022-01-01,Crypto Equal Weight,XRP-USD,0.1
2022-02-01,Crypto Equal Weight,ADA-USD,0.1
2022-02-01,Crypto Equal Weight,BCH-USD,0.1
2022-02-01,Crypto Equal Weight,BTC-USD,0.1
2022-02-01,Crypto Equal Weight,EOS-USD,0.1
2022-02-01,Crypto Equal Weight,ETC-USD,0.1
2022-02-01,Crypto Equal Weight,ETH-USD,0.1
2022-02-01,Crypto Equal Weight,LTC-USD,0.1
2022-02-01,Crypto Equal Weight,TRX-USD,0.1
2022-02-01,Crypto Equal Weight,XLM-USD,0.1
2022-02-01,Crypto Equal Weight,XRP-USD,0.1
2022-03-01,Crypto Equal Weight,ADA-USD,0.1
2022-03-01,Crypto Equal Weight,BCH-USD,0.1
2022-03-01,Crypto Equal Weight,BTC-USD,0.1
2022-03-01,Crypto Equal Weight,EOS-USD,0.1
2022-03-01,Crypto Equal Weight,ETC-USD,0.1
2022-03-01,Crypto Equal Weight,ETH-USD,0.1
2022-03-01,Crypto Equal Weight,LTC-USD,0.1
2022-03-01,Crypto Equal Weight,TRX-USD,0.1
2022-03-01,Crypto Equal Weight,XLM-USD,0.1
2022-03-01,Crypto Equal Weight,XRP-USD,0.1
2022-04-01,Crypto Equal Weight,ADA-USD,0.1
2022-04-01,Crypto Equal Weight,BCH-USD,0.1
2022-04-01,Crypto Equal Weight,BTC-USD,0.1
2022-04-01,Crypto Equal Weight,EOS-USD,0.1
2022-04-01,Crypto Equal Weight,ETC-USD,0.1
2022-04-01,Crypto Equal Weight,ETH-USD,0.1
2022-04-01,Crypto Equal Weight,LTC-USD,0.1
2022-04-01,Crypto Equal Weight,TRX-USD,0.1
2022-04-01,Crypto Equal Weight,XLM-USD,0.1
2022-04-01,Crypto Equal Weight,XRP-USD,0.1
2022-05-01,Crypto Equal Weight,ADA-USD,0.1
2022-05-01,Crypto Equal Weight,BCH-USD,0.1
2022-05-01,Crypto Equal Weight,BTC-USD,0.1
2022-05-01,Crypto Equal Weight,EOS-USD,0.1
2022-05-01,Crypto Equal Weight,ETC-USD,0.1
2022-05-01,Crypto Equal Weight,ETH-USD,0.1
2022-05-01,Crypto Equal Weight,LTC-USD,0.1
2022-05-01,Crypto Equal Weight,TRX-USD,0.1
2022-05-01,Crypto Equal Weight,XLM-USD,0.1
2022-05-01,Crypto Equal Weight,XRP-USD,0.1
2022-06-01,Crypto Equal Weight,ADA-USD,0.1
2022-06-01,Crypto Equal Weight,BCH-USD,0.1
2022-06-01,Crypto Equal Weight,BTC-USD,0.1
2022-06-01,Crypto Equal Weight,EOS-USD,0.1
2022-06-01,Crypto Equal Weight,ETC-USD,0.1
2022-06-01,Crypto Equal Weight,ETH-USD,0.1
2022-06-01,Crypto Equal Weight,LTC-USD,0.1
2022-06-01,Crypto Equal Weight,TRX-USD,0.1
2022-06-01,Crypto Equal Weight,XLM-USD,0.1
2022-06-01,Crypto Equal Weight,XRP-USD,0.1
2022-07-01,Crypto Equal Weight,ADA-USD,0.1
2022-07-01,Crypto Equal Weight,BCH-USD,0.1
2022-07-01,Crypto Equal Weight,BTC-USD,0.1
2022-07-01,Crypto Equal Weight,EOS-USD,0.1
2022-07-01,Crypto Equal Weight,ETC-USD,0.1
2022-07-01,Crypto Equal Weight,ETH-USD,0.1
2022-07-01,Crypto Equal Weight,LTC-USD,0.1
2022-07-01,Crypto Equal Weight,TRX-USD,0.1
2022-07-01,Crypto Equal Weight,XLM-USD,0.1
2022-07-01,Crypto Equal Weight,XRP-USD,0.1
2022-08-01,Crypto Equal Weight,ADA-USD,0.1
2022-08-01,Crypto Equal Weight,BCH-USD,0.1
2022-08-01,Crypto Equal Weight,BTC-USD,0.1
2022-08-01,Crypto Equal Weight,EOS-USD,0.1
2022-08-01,Crypto Equal Weight,ETC-USD,0.1
2022-08-01,Crypto Equal Weight,ETH-USD,0.1
2022-08-01,Crypto Equal Weight,LTC-USD,0.1
2022-08-01,Crypto Equal Weight,TRX-USD,0.1
2022-08-01,Crypto Equal Weight,XLM-USD,0.1
2022-08-01,Crypto Equal Weight,XRP-USD,0.1
2022-09-01,Crypto Equal Weight,ADA-USD,0.1
2022-09-01,Crypto Equal Weight,BCH-USD,0.1
2022-09-01,Crypto Equal Weight,BTC-USD,0.1
2022-09-01,Crypto Equal Weight,EOS-USD,0.1
2022-09-01,Crypto Equal Weight,ETC-USD,0.1
2022-09-01,Crypto Equal Weight,ETH-USD,0.1
2022-09-01,Crypto Equal Weight,LTC-USD,0.1
2022-09-01,Crypto Equal Weight,TRX-USD,0.1
2022-09-01,Crypto Equal Weight,XLM-USD,0.1
2022-09-01,Crypto Equal Weight,XRP-USD,0.1
2022-10-01,Crypto Equal Weight,ADA-USD,0.1
2022-10-01,Crypto Equal Weight,BCH-USD,0.1
2022-10-01,Crypto Equal Weight,BTC-USD,0.1
2022-10-01,Crypto Equal Weight,EOS-USD,0.1
2022-10-01,Crypto Equal Weight,ETC-USD,0.1
2022-10-01,Crypto Equal Weight,ETH-USD,0.1
2022-10-01,Crypto Equal Weight,LTC-USD,0.1
2022-10-01,Crypto Equal Weight,TRX-USD,0.1
2022-10-01,Crypto Equal Weight,XLM-USD,0.1
2022-10-01,Crypto Equal Weight,XRP-USD,0.1
2022-11-01,Crypto Equal Weight,ADA-USD,0.1
2022-11-01,Crypto Equal Weight,BCH-USD,0.1
2022-11-01,Crypto Equal Weight,BTC-USD,0.1
2022-11-01,Crypto Equal Weight,EOS-USD,0.1
2022-11-01,Crypto Equal Weight,ETC-USD,0.1
2022-11-01,Crypto Equal Weight,ETH-USD,0.1
2022-11-01,Crypto Equal Weight,LTC-USD,0.1
2022-11-01,Crypto Equal Weight,TRX-USD,0.1
2022-11-01,Crypto Equal Weight,XLM-USD,0.1
2022-11-01,Crypto Equal Weight,XRP-USD,0.1
2022-12-01,Crypto Equal Weight,ADA-USD,0.1
2022-12-01,Crypto Equal Weight,BCH-USD,0.1
2022-12-01,Crypto Equal Weight,BTC-USD,0.1
2022-12-01,Crypto Equal Weight,EOS-USD,0.1
2022-12-01,Crypto Equal Weight,ETC-USD,0.1
2022-12-01,Crypto Equal Weight,ETH-USD,0.1
2022-12-01,Crypto Equal Weight,LTC-USD,0.1
2022-12-01,Crypto Equal Weight,TRX-USD,0.1
2022-12-01,Crypto Equal Weight,XLM-USD,0.1
2022-12-01,Crypto Equal Weight,XRP-USD,0.1
2023-01-01,Crypto Equal Weight,ADA-USD,0.1
2023-01-01,Crypto Equal Weight,BCH-USD,0.1
2023-01-01,Crypto Equal Weight,BTC-USD,0.1
2023-01-01,Crypto Equal Weight,EOS-USD,0.1
2023-01-01,Crypto Equal Weight,ETC-USD,0.1
2023-01-01,Crypto Equal Weight,ETH-USD,0.1
2023-01-01,Crypto Equal Weight,LTC-USD,0.1
2023-01-01,Crypto Equal Weight,TRX-USD,0.1
2023-01-01,Crypto Equal Weight,XLM-USD,0.1
2023-01-01,Crypto Equal Weight,XRP-USD,0.1
2023-02-01,Crypto Equal Weight,ADA-USD,0.1
2023-02-01,Crypto Equal Weight,BCH-USD,0.1
2023-02-01,Crypto Equal Weight,BTC-USD,0.1
2023-02-01,Crypto Equal Weight,EOS-USD,0.1
2023-02-01,Crypto Equal Weight,ETC-USD,0.1
2023-02-01,Crypto Equal Weight,ETH-USD,0.1
2023-02-01,Crypto Equal Weight,LTC-USD,0.1
2023-02-01,Crypto Equal Weight,TRX-USD,0.1
2023-02-01,Crypto Equal Weight,XLM-USD,0.1
2023-02-01,Crypto Equal Weight,XRP-USD,0.1
2023-03-01,Crypto Equal Weight,ADA-USD,0.1
2023-03-01,Crypto Equal Weight,BCH-USD,0.1
2023-03-01,Crypto Equal Weight,BTC-USD,0.1
2023-03-01,Crypto Equal Weight,EOS-USD,0.1
2023-03-01,Crypto Equal Weight,ETC-USD,0.1
2023-03-01,Crypto Equal Weight,ETH-USD,0.1
2023-03-01,Crypto Equal Weight,LTC-USD,0.1
2023-03-01,Crypto Equal Weight,TRX-USD,0.1
2023-03-01,Crypto Equal Weight,XLM-USD,0.1
2023-03-01,Crypto Equal Weight,XRP-USD,0.1
2023-04-01,Crypto Equal Weight,ADA-USD,0.1
2023-04-01,Crypto Equal Weight,BCH-USD,0.1
2023-04-01,Crypto Equal Weight,BTC-USD,0.1
2023-04-01,Crypto Equal Weight,EOS-USD,0.1
2023-04-01,Crypto Equal Weight,ETC-USD,0.1
2023-04-01,Crypto Equal Weight,ETH-USD,0.1
2023-04-01,Crypto Equal Weight,LTC-USD,0.1
2023-04-01,Crypto Equal Weight,TRX-USD,0.1
2023-04-01,Crypto Equal Weight,XLM-USD,0.1
2023-04-01,Crypto Equal Weight,XRP-USD,0.1
2023-05-01,Crypto Equal Weight,ADA-USD,0.1
2023-05-01,Crypto Equal Weight,BCH-USD,0.1
2023-05-01,Crypto Equal Weight,BTC-USD,0.1
2023-05-01,Crypto Equal Weight,EOS-USD,0.1
2023-05-01,Crypto Equal Weight,ETC-USD,0.1
2023-05-01,Crypto Equal Weight,ETH-USD,0.1
2023-05-01,Crypto Equal Weight,LTC-USD,0.1
2023-05-01,Crypto Equal Weight,TRX-USD,0.1
2023-05-01,Crypto Equal Weight,XLM-USD,0.1
2023-05-01,Crypto Equal Weight,XRP-USD,0.1
2023-06-01,Crypto Equal Weight,ADA-USD,0.1
2023-06-01,Crypto Equal Weight,BCH-USD,0.1
2023-06-01,Crypto Equal Weight,BTC-USD,0.1
2023-06-01,Crypto Equal Weight,EOS-USD,0.1
2023-06-01,Crypto Equal Weight,ETC-USD,0.1
2023-06-01,Crypto Equal Weight,ETH-USD,0.1
2023-06-01,Crypto Equal Weight,LTC-USD,0.1
2023-06-01,Crypto Equal Weight,TRX-USD,0.1
2023-06-01,Crypto Equal Weight,XLM-USD,0.1
2023-06-01,Crypto Equal Weight,XRP-USD,0.1
2023-07-01,Crypto Equal Weight,ADA-USD,0.1
2023-07-01,Crypto Equal Weight,BCH-USD,0.1
2023-07-01,Crypto Equal Weight,BTC-USD,0.1
2023-07-01,Crypto Equal Weight,EOS-USD,0.1
2023-07-01,Crypto Equal Weight,ETC-USD,0.1
2023-07-01,Crypto Equal Weight,ETH-USD,0.1
2023-07-01,Crypto Equal Weight,LTC-USD,0.1
2023-07-01,Crypto Equal Weight,TRX-USD,0.1
2023-07-01,Crypto Equal Weight,XLM-USD,0.1
2023-07-01,Crypto Equal Weight,XRP-USD,0.1
2023-08-01,Crypto Equal Weight,ADA-USD,0.1
2023-08-01,Crypto Equal Weight,BCH-USD,0.1
2023-08-01,Crypto Equal Weight,BTC-USD,0.1
2023-08-01,Crypto Equal Weight,EOS-USD,0.1
2023-08-01,Crypto Equal Weight,ETC-USD,0.1
2023-08-01,Crypto Equal Weight,ETH-USD,0.1
2023-08-01,Crypto Equal Weight,LTC-USD,0.1
2023-08-01,Crypto Equal Weight,TRX-USD,0.1
2023-08-01,Crypto Equal Weight,XLM-USD,0.1
2023-08-01,Crypto Equal Weight,XRP-USD,0.1
2023-09-01,Crypto Equal Weight,ADA-USD,0.1
2023-09-01,Crypto Equal Weight,BCH-USD,0.1
2023-09-01,Crypto Equal Weight,BTC-USD,0.1
2023-09-01,Crypto Equal Weight,EOS-USD,0.1
2023-09-01,Crypto Equal Weight,ETC-USD,0.1
2023-09-01,Crypto Equal Weight,ETH-USD,0.1
2023-09-01,Crypto Equal Weight,LTC-USD,0.1
2023-09-01,Crypto Equal Weight,TRX-USD,0.1
2023-09-01,Crypto Equal Weight,XLM-USD,0.1
2023-09-01,Crypto Equal Weight,XRP-USD,0.1
2023-10-01,Crypto Equal Weight,ADA-USD,0.1
2023-10-01,Crypto Equal Weight,BCH-USD,0.1
2023-10-01,Crypto Equal Weight,BTC-USD,0.1
2023-10-01,Crypto Equal Weight,EOS-USD,0.1
2023-10-01,Crypto Equal Weight,ETC-USD,0.1
2023-10-01,Crypto Equal Weight,ETH-USD,0.1
2023-10-01,Crypto Equal Weight,LTC-USD,0.1
2023-10-01,Crypto Equal Weight,TRX-USD,0.1
2023-10-01,Crypto Equal Weight,XLM-USD,0.1
2023-10-01,Crypto Equal Weight,XRP-USD,0.1
2023-11-01,Crypto Equal Weight,ADA-USD,0.1
2023-11-01,Crypto Equal Weight,BCH-USD,0.1
2023-11-01,Crypto Equal Weight,BTC-USD,0.1
2023-11-01,Crypto Equal Weight,EOS-USD,0.1
2023-11-01,Crypto Equal Weight,ETC-USD,0.1
2023-11-01,Crypto Equal Weight,ETH-USD,0.1
2023-11-01,Crypto Equal Weight,LTC-USD,0.1
2023-11-01,Crypto Equal Weight,TRX-USD,0.1
2023-11-01,Crypto Equal Weight,XLM-USD,0.1
2023-11-01,Crypto Equal Weight,XRP-USD,0.1
2023-12-01,Crypto Equal Weight,ADA-USD,0.1
2023-12-01,Crypto Equal Weight,BCH-USD,0.1
2023-12-01,Crypto Equal Weight,BTC-USD,0.1
2023-12-01,Crypto Equal Weight,EOS-USD,0.1
2023-12-01,Crypto Equal Weight,ETC-USD,0.1
2023-12-01,Crypto Equal Weight,ETH-USD,0.1
2023-12-01,Crypto Equal Weight,LTC-USD,0.1
2023-12-01,Crypto Equal Weight,TRX-USD,0.1
2023-12-01,Crypto Equal Weight,XLM-USD,0.1
2023-12-01,Crypto Equal Weight,XRP-USD,0.1
2020-09-10,Crypto Min Variance,BTC-USD,0.652655
2020-09-10,Crypto Min Variance,XRP-USD,0.347345
2020-10-01,Crypto Min Variance,BTC-USD,0.620929
2020-10-01,Crypto Min Variance,XRP-USD,0.379071
2020-11-01,Crypto Min Variance,BTC-USD,0.530184
2020-11-01,Crypto Min Variance,XRP-USD,0.469816
2020-12-01,Crypto Min Variance,BTC-USD,0.768519
2020-12-01,Crypto Min Variance,ETC-USD,0.092812
2020-12-01,Crypto Min Variance,TRX-USD,0.138669
2021-01-01,Crypto Min Variance,BTC-USD,0.804418
2021-01-01,Crypto Min Variance,ETC-USD,0.042186
2021-01-01,Crypto Min Variance,TRX-USD,0.153397
2021-02-01,Crypto Min Variance,BTC-USD,0.741835
2021-02-01,Crypto Min Variance,ETC-USD,0.073504
2021-02-01,Crypto Min Variance,TRX-USD,0.18466
2021-03-01,Crypto Min Variance,ADA-USD,0.027258
2021-03-01,Crypto Min Variance,BTC-USD,0.773034
2021-03-01,Crypto Min Variance,ETC-USD,0.039851
2021-03-01,Crypto Min Variance,TRX-USD,0.147123
2021-03-01,Crypto Min Variance,XRP-USD,0.012735
2021-04-01,Crypto Min Variance,ADA-USD,0.037169
2021-04-01,Crypto Min Variance,BTC-USD,0.777307
2021-04-01,Crypto Min Variance,ETC-USD,0.035747
2021-04-01,Crypto Min Variance,TRX-USD,0.1194
2021-04-01,Crypto Min Variance,XRP-USD,0.030378
2021-05-01,Crypto Min Variance,ADA-USD,0.03108
2021-05-01,Crypto Min Variance,BTC-USD,0.822477
2021-05-01,Crypto Min Variance,ETC-USD,0.076925
2021-05-01,Crypto Min Variance,TRX-USD,0.069518
2021-06-01,Crypto Min Variance,ADA-USD,0.028153
2021-06-01,Crypto Min Variance,BTC-USD,0.966822
2021-06-01,Crypto Min Variance,ETC-USD,0.005026
2021-07-01,Crypto Min Variance,ADA-USD,0.035701
2021-07-01,Crypto Min Variance,BTC-USD,0.951576
2021-07-01,Crypto Min Variance,ETH-USD,0.012724
2021-08-01,Crypto Min Variance,ADA-USD,0.033767
2021-08-01,Crypto Min Variance,BTC-USD,0.966233
2021-09-01,Crypto Min Variance,ADA-USD,0.030372
2021-09-01,Crypto Min Variance,BTC-USD,0.969628
2021-10-01,Crypto Min Variance,ADA-USD,0.019181
2021-10-01,Crypto Min Variance,BTC-USD,0.980819
2021-11-01,Crypto Min Variance,BTC-USD,1.0
2021-12-01,Crypto Min Variance,BTC-USD,1.0
2022-01-01,Crypto Min Variance,BTC-USD,1.0
2022-02-01,Crypto Min Variance,BTC-USD,0.916925
2022-02-01,Crypto Min Variance,TRX-USD,0.083075
2022-03-01,Crypto Min Variance,BTC-USD,0.829243
2022-03-01,Crypto Min Variance,TRX-USD,0.170757
2022-04-01,Crypto Min Variance,BTC-USD,0.728635
2022-04-01,Crypto Min Variance,TRX-USD,0.271365
2022-05-01,Crypto Min Variance,BTC-USD,0.788985
2022-05-01,Crypto Min Variance,TRX-USD,0.211015
2022-06-01,Crypto Min Variance,BTC-USD,0.765601
2022-06-01,Crypto Min Variance,TRX-USD,0.234399
2022-07-01,Crypto Min Variance,BTC-USD,0.774165
2022-07-01,Crypto Min Variance,TRX-USD,0.225835
2022-08-01,Crypto Min Variance,BTC-USD,0.6864
2022-08-01,Crypto Min Variance,TRX-USD,0.3136
2022-09-01,Crypto Min Variance,BTC-USD,0.676502
2022-09-01,Crypto Min Variance,TRX-USD,0.323498
2022-10-01,Crypto Min Variance,BTC-USD,0.622913
2022-10-01,Crypto Min Variance,TRX-USD,0.377087
2022-11-01,Crypto Min Variance,BTC-USD,0.581748
2022-11-01,Crypto Min Variance,TRX-USD,0.364997
2022-11-01,Crypto Min Variance,XRP-USD,0.053255
2022-12-01,Crypto Min Variance,BTC-USD,0.658825
2022-12-01,Crypto Min Variance,TRX-USD,0.341175
2023-01-01,Crypto Min Variance,BTC-USD,0.613339
2023-01-01,Crypto Min Variance,TRX-USD,0.386661
2023-02-01,Crypto Min Variance,BTC-USD,0.253025
2023-02-01,Crypto Min Variance,TRX-USD,0.746975
2023-03-01,Crypto Min Variance,BTC-USD,0.076229
2023-03-01,Crypto Min Variance,TRX-USD,0.923771
2023-04-01,Crypto Min Variance,BTC-USD,0.230271
2023-04-01,Crypto Min Variance,TRX-USD,0.769729
2023-05-01,Crypto Min Variance,BTC-USD,0.269079
2023-05-01,Crypto Min Variance,TRX-USD,0.730921
2023-06-01,Crypto Min Variance,BTC-USD,0.337424
2023-06-01,Crypto Min Variance,TRX-USD,0.623597
2023-06-01,Crypto Min Variance,XLM-USD,0.038979
2023-07-01,Crypto Min Variance,BTC-USD,0.358967
2023-07-01,Crypto Min Variance,TRX-USD,0.5664
2023-07-01,Crypto Min Variance,XLM-USD,0.074634
2023-08-01,Crypto Min Variance,BTC-USD,0.546325
2023-08-01,Crypto Min Variance,TRX-USD,0.453675
2023-09-01,Crypto Min Variance,BTC-USD,0.459573
2023-09-01,Crypto Min Variance,ETH-USD,0.058093
2023-09-01,Crypto Min Variance,TRX-USD,0.482334
2023-10-01,Crypto Min Variance,BTC-USD,0.498559
2023-10-01,Crypto Min Variance,ETH-USD,0.037414
2023-10-01,Crypto Min Variance,TRX-USD,0.464027
2023-11-01,Crypto Min Variance,BTC-USD,0.357436
2023-11-01,Crypto Min Variance,ETH-USD,0.130939
2023-11-01,Crypto Min Variance,TRX-USD,0.511625
2023-12-01,Crypto Min Variance,BTC-USD,0.390087
2023-12-01,Crypto Min Variance,ETH-USD,0.046134
2023-12-01,Crypto Min Variance,TRX-USD,0.56378
2020-09-10,Crypto Max Sharpe,ADA-USD,0.338794
2020-09-10,Crypto Max Sharpe,ETH-USD,0.334817
2020-09-10,Crypto Max Sharpe,TRX-USD,0.32639
2020-10-01,Crypto Max Sharpe,ADA-USD,0.424593
2020-10-01,Crypto Max Sharpe,ETH-USD,0.575407
2020-11-01,Crypto Max Sharpe,ADA-USD,0.537958
2020-11-01,Crypto Max Sharpe,BTC-USD,0.407451
2020-11-01,Crypto Max Sharpe,ETH-USD,0.012133
2020-11-01,Crypto Max Sharpe,TRX-USD,0.042457
2020-12-01,Crypto Max Sharpe,ADA-USD,0.18567
2020-12-01,Crypto Max Sharpe,BTC-USD,0.478666
2020-12-01,Crypto Max Sharpe,ETH-USD,0.154058
2020-12-01,Crypto Max Sharpe,TRX-USD,0.007213
2020-12-01,Crypto Max Sharpe,XLM-USD,0.131184
2020-12-01,Crypto Max Sharpe,XRP-USD,0.043209
2021-01-01,Crypto Max Sharpe,ADA-USD,0.114104
2021-01-01,Crypto Max Sharpe,BTC-USD,0.877578
2021-01-01,Crypto Max Sharpe,ETH-USD,0.008318
2021-02-01,Crypto Max Sharpe,ADA-USD,0.094124
2021-02-01,Crypto Max Sharpe,BTC-USD,0.561137
2021-02-01,Crypto Max Sharpe,ETH-USD,0.337725
2021-02-01,Crypto Max Sharpe,XLM-USD,0.007014
2021-03-01,Crypto Max Sharpe,ADA-USD,0.357071
2021-03-01,Crypto Max Sharpe,BTC-USD,0.642929
2021-04-01,Crypto Max Sharpe,ADA-USD,0.184578
2021-04-01,Crypto Max Sharpe,BTC-USD,0.684072
2021-04-01,Crypto Max Sharpe,ETH-USD,0.011082
2021-04-01,Crypto Max Sharpe,TRX-USD,0.120268
2021-05-01,Crypto Max Sharpe,ADA-USD,0.223886
2021-05-01,Crypto Max Sharpe,BTC-USD,0.492689
2021-05-01,Crypto Max Sharpe,ETC-USD,0.059233
2021-05-01,Crypto Max Sharpe,ETH-USD,0.099063
2021-05-01,Crypto Max Sharpe,TRX-USD,0.073953
2021-05-01,Crypto Max Sharpe,XRP-USD,0.051176
2021-06-01,Crypto Max Sharpe,ADA-USD,0.508972
2021-06-01,Crypto Max Sharpe,BTC-USD,0.070286
2021-06-01,Crypto Max Sharpe,ETC-USD,0.231089
2021-06-01,Crypto Max Sharpe,ETH-USD,0.182367
2021-06-01,Crypto Max Sharpe,XRP-USD,0.007286
2021-07-01,Crypto Max Sharpe,ADA-USD,0.546364
2021-07-01,Crypto Max Sharpe,ETC-USD,0.273198
2021-07-01,Crypto Max Sharpe,ETH-USD,0.180438
2021-08-01,Crypto Max Sharpe,ADA-USD,0.582769
2021-08-01,Crypto Max Sharpe,ETC-USD,0.267554
2021-08-01,Crypto Max Sharpe,ETH-USD,0.149677
2021-09-01,Crypto Max Sharpe,ADA-USD,0.67709
2021-09-01,Crypto Max Sharpe,ETC-USD,0.246865
2021-09-01,Crypto Max Sharpe,ETH-USD,0.076045
2021-10-01,Crypto Max Sharpe,ADA-USD,0.596113
2021-10-01,Crypto Max Sharpe,ETC-USD,0.308568
2021-10-01,Crypto Max Sharpe,XRP-USD,0.095319
2021-11-01,Crypto Max Sharpe,ETC-USD,0.543924
2021-11-01,Crypto Max Sharpe,ETH-USD,0.289858
2021-11-01,Crypto Max Sharpe,XRP-USD,0.166219
2021-12-01,Crypto Max Sharpe,ETC-USD,0.41781
2021-12-01,Crypto Max Sharpe,ETH-USD,0.58219
2022-01-01,Crypto Max Sharpe,ETH-USD,1.0
2022-02-01,Crypto Max Sharpe,ETH-USD,1.0
2022-03-01,Crypto Max Sharpe,BTC-USD,0.065585
2022-03-01,Crypto Max Sharpe,ETH-USD,0.934415
2022-04-01,Crypto Max Sharpe,ETH-USD,0.93908
2022-04-01,Crypto Max Sharpe,XRP-USD,0.06092
2022-05-01,Crypto Max Sharpe,ETH-USD,1.0
2022-06-01,Crypto Max Sharpe,TRX-USD,1.0
2022-07-01,Crypto Max Sharpe,TRX-USD,1.0
2022-08-01,Crypto Max Sharpe,ETC-USD,1.0
2022-09-01,Crypto Max Sharpe,ETC-USD,1.0
2022-10-01,Crypto Max Sharpe,ETC-USD,0.867036
2022-10-01,Crypto Max Sharpe,TRX-USD,0.132964
2022-11-01,Crypto Max Sharpe,ETC-USD,0.47066
2022-11-01,Crypto Max Sharpe,TRX-USD,0.52934
2022-12-01,Crypto Max Sharpe,TRX-USD,1.0
2023-01-01,Crypto Max Sharpe,TRX-USD,1.0
2023-02-01,Crypto Max Sharpe,LTC-USD,1.0
2023-03-01,Crypto Max Sharpe,LTC-USD,1.0
2023-04-01,Crypto Max Sharpe,LTC-USD,0.611899
2023-04-01,Crypto Max Sharpe,XRP-USD,0.388101
2023-05-01,Crypto Max Sharpe,BTC-USD,0.223177
2023-05-01,Crypto Max Sharpe,LTC-USD,0.602474
2023-05-01,Crypto Max Sharpe,XRP-USD,0.17435
2023-06-01,Crypto Max Sharpe,BTC-USD,0.443452
2023-06-01,Crypto Max Sharpe,LTC-USD,0.556548
2023-07-01,Crypto Max Sharpe,BCH-USD,0.685892
2023-07-01,Crypto Max Sharpe,BTC-USD,0.099629
2023-07-01,Crypto Max Sharpe,LTC-USD,0.21448
2023-08-01,Crypto Max Sharpe,BCH-USD,0.242577
2023-08-01,Crypto Max Sharpe,BTC-USD,0.629116
2023-08-01,Crypto Max Sharpe,TRX-USD,0.020533
2023-08-01,Crypto Max Sharpe,XRP-USD,0.107774
2023-09-01,Crypto Max Sharpe,BCH-USD,0.304236
2023-09-01,Crypto Max Sharpe,BTC-USD,0.426057
2023-09-01,Crypto Max Sharpe,TRX-USD,0.177251
2023-09-01,Crypto Max Sharpe,XRP-USD,0.092456
2023-10-01,Crypto Max Sharpe,BCH-USD,0.320259
2023-10-01,Crypto Max Sharpe,TRX-USD,0.612343
2023-10-01,Crypto Max Sharpe,XRP-USD,0.067397
2023-11-01,Crypto Max Sharpe,BCH-USD,0.196919
2023-11-01,Crypto Max Sharpe,BTC-USD,0.250827
2023-11-01,Crypto Max Sharpe,TRX-USD,0.442595
2023-11-01,Crypto Max Sharpe,XRP-USD,0.109659
2023-12-01,Crypto Max Sharpe,BCH-USD,0.153186
2023-12-01,Crypto Max Sharpe,BTC-USD,0.003037
2023-12-01,Crypto Max Sharpe,TRX-USD,0.819234
2023-12-01,Crypto Max Sharpe,XRP-USD,0.024543
2020-09-10,Crypto Risk Parity,ADA-USD,0.088657
2020-09-10,Crypto Risk Parity,BCH-USD,0.086175
2020-09-10,Crypto Risk Parity,BTC-USD,0.124752
2020-09-10,Crypto Risk Parity,EOS-USD,0.093184
2020-09-10,Crypto Risk Parity,ETC-USD,0.093868
2020-09-10,Crypto Risk Parity,ETH-USD,0.092181
2020-09-10,Crypto Risk Parity,LTC-USD,0.096736
2020-09-10,Crypto Risk Parity,TRX-USD,0.100232
2020-09-10,Crypto Risk Parity,XLM-USD,0.107689
2020-09-10,Crypto Risk Parity,XRP-USD,0.116527
2020-10-01,Crypto Risk Parity,ADA-USD,0.086144
2020-10-01,Crypto Risk Parity,BCH-USD,0.091333
2020-10-01,Crypto Risk Parity,BTC-USD,0.122901
2020-10-01,Crypto Risk Parity,EOS-USD,0.095371
2020-10-01,Crypto Risk Parity,ETC-USD,0.097202
2020-10-01,Crypto Risk Parity,ETH-USD,0.0899
2020-10-01,Crypto Risk Parity,LTC-USD,0.097176
2020-10-01,Crypto Risk Parity,TRX-USD,0.099056
2020-10-01,Crypto Risk Parity,XLM-USD,0.105233
2020-10-01,Crypto Risk Parity,XRP-USD,0.115684
2020-11-01,Crypto Risk Parity,ADA-USD,0.085554
2020-11-01,Crypto Risk Parity,BCH-USD,0.092472
2020-11-01,Crypto Risk Parity,BTC-USD,0.119926
2020-11-01,Crypto Risk Parity,EOS-USD,0.097039
2020-11-01,Crypto Risk Parity,ETC-USD,0.099617
2020-11-01,Crypto Risk Parity,ETH-USD,0.088867
2020-11-01,Crypto Risk Parity,LTC-USD,0.09626
2020-11-01,Crypto Risk Parity,TRX-USD,0.101286
2020-11-01,Crypto Risk Parity,XLM-USD,0.103286
2020-11-01,Crypto Risk Parity,XRP-USD,0.115692
2020-12-01,Crypto Risk Parity,ADA-USD,0.083431
2020-12-01,Crypto Risk Parity,BCH-USD,0.094747
2020-12-01,Crypto Risk Parity,BTC-USD,0.146914
2020-12-01,Crypto Risk Parity,EOS-USD,0.095982
2020-12-01,Crypto Risk Parity,ETC-USD,0.109297
2020-12-01,Crypto Risk Parity,ETH-USD,0.095642
2020-12-01,Crypto Risk Parity,LTC-USD,0.098201
2020-12-01,Crypto Risk Parity,TRX-USD,0.108785
2020-12-01,Crypto Risk Parity,XLM-USD,0.081197
2020-12-01,Crypto Risk Parity,XRP-USD,0.085804
2021-01-01,Crypto Risk Parity,ADA-USD,0.084005
2021-01-01,Crypto Risk Parity,BCH-USD,0.097595
2021-01-01,Crypto Risk Parity,BTC-USD,0.162517
2021-01-01,Crypto Risk Parity,EOS-USD,0.09479
2021-01-01,Crypto Risk Parity,ETC-USD,0.107207
2021-01-01,Crypto Risk Parity,ETH-USD,0.105045
2021-01-01,Crypto Risk Parity,LTC-USD,0.094968
2021-01-01,Crypto Risk Parity,TRX-USD,0.107651
2021-01-01,Crypto Risk Parity,XLM-USD,0.074879
2021-01-01,Crypto Risk Parity,XRP-USD,0.071343
2021-02-01,Crypto Risk Parity,ADA-USD,0.081105
2021-02-01,Crypto Risk Parity,BCH-USD,0.090376
2021-02-01,Crypto Risk Parity,BTC-USD,0.164703
2021-02-01,Crypto Risk Parity,EOS-USD,0.09732
2021-02-01,Crypto Risk Parity,ETC-USD,0.110324
2021-02-01,Crypto Risk Parity,ETH-USD,0.099207
2021-02-01,Crypto Risk Parity,LTC-USD,0.095792
2021-02-01,Crypto Risk Parity,TRX-USD,0.117236
2021-02-01,Crypto Risk Parity,XLM-USD,0.066472
2021-02-01,Crypto Risk Parity,XRP-USD,0.077466
2021-03-01,Crypto Risk Parity,ADA-USD,0.090423
2021-03-01,Crypto Risk Parity,BCH-USD,0.091065
2021-03-01,Crypto Risk Parity,BTC-USD,0.164199
2021-03-01,Crypto Risk Parity,EOS-USD,0.094126
2021-03-01,Crypto Risk Parity,ETC-USD,0.09827
2021-03-01,Crypto Risk Parity,ETH-USD,0.105456
2021-03-01,Crypto Risk Parity,LTC-USD,0.095382
2021-03-01,Crypto Risk Parity,TRX-USD,0.110431
2021-03-01,Crypto Risk Parity,XLM-USD,0.069135
2021-03-01,Crypto Risk Parity,XRP-USD,0.081512
2021-04-01,Crypto Risk Parity,ADA-USD,0.092486
2021-04-01,Crypto Risk Parity,BCH-USD,0.092408
2021-04-01,Crypto Risk Parity,BTC-USD,0.160183
2021-04-01,Crypto Risk Parity,EOS-USD,0.091998
2021-04-01,Crypto Risk Parity,ETC-USD,0.097938
2021-04-01,Crypto Risk Parity,ETH-USD,0.105606
2021-04-01,Crypto Risk Parity,LTC-USD,0.098023
2021-04-01,Crypto Risk Parity,TRX-USD,0.105862
2021-04-01,Crypto Risk Parity,XLM-USD,0.071823
2021-04-01,Crypto Risk Parity,XRP-USD,0.083673
2021-05-01,Crypto Risk Parity,ADA-USD,0.098135
2021-05-01,Crypto Risk Parity,BCH-USD,0.090611
2021-05-01,Crypto Risk Parity,BTC-USD,0.164921
2021-05-01,Crypto Risk Parity,EOS-USD,0.088715
2021-05-01,Crypto Risk Parity,ETC-USD,0.096402
2021-05-01,Crypto Risk Parity,ETH-USD,0.113059
2021-05-01,Crypto Risk Parity,LTC-USD,0.100015
2021-05-01,Crypto Risk Parity,TRX-USD,0.10241
2021-05-01,Crypto Risk Parity,XLM-USD,0.071454
2021-05-01,Crypto Risk Parity,XRP-USD,0.074279
2021-06-01,Crypto Risk Parity,ADA-USD,0.102521
2021-06-01,Crypto Risk Parity,BCH-USD,0.082533
2021-06-01,Crypto Risk Parity,BTC-USD,0.17551
2021-06-01,Crypto Risk Parity,EOS-USD,0.07772
2021-06-01,Crypto Risk Parity,ETC-USD,0.084625
2021-06-01,Crypto Risk Parity,ETH-USD,0.117368
2021-06-01,Crypto Risk Parity,LTC-USD,0.098824
2021-06-01,Crypto Risk Parity,TRX-USD,0.099275
2021-06-01,Crypto Risk Parity,XLM-USD,0.080488
2021-06-01,Crypto Risk Parity,XRP-USD,0.081137
2021-07-01,Crypto Risk Parity,ADA-USD,0.103801
2021-07-01,Crypto Risk Parity,BCH-USD,0.084458
2021-07-01,Crypto Risk Parity,BTC-USD,0.170701
2021-07-01,Crypto Risk Parity,EOS-USD,0.07834
2021-07-01,Crypto Risk Parity,ETC-USD,0.083299
2021-07-01,Crypto Risk Parity,ETH-USD,0.117958
2021-07-01,Crypto Risk Parity,LTC-USD,0.099676
2021-07-01,Crypto Risk Parity,TRX-USD,0.098736
2021-07-01,Crypto Risk Parity,XLM-USD,0.081628
2021-07-01,Crypto Risk Parity,XRP-USD,0.081401
2021-08-01,Crypto Risk Parity,ADA-USD,0.104884
2021-08-01,Crypto Risk Parity,BCH-USD,0.084746
2021-08-01,Crypto Risk Parity,BTC-USD,0.167415
2021-08-01,Crypto Risk Parity,EOS-USD,0.078276
2021-08-01,Crypto Risk Parity,ETC-USD,0.082707
2021-08-01,Crypto Risk Parity,ETH-USD,0.117041
2021-08-01,Crypto Risk Parity,LTC-USD,0.099893
2021-08-01,Crypto Risk Parity,TRX-USD,0.098974
2021-08-01,Crypto Risk Parity,XLM-USD,0.082667
2021-08-01,Crypto Risk Parity,XRP-USD,0.083396
2021-09-01,Crypto Risk Parity,ADA-USD,0.103166
2021-09-01,Crypto Risk Parity,BCH-USD,0.084872
2021-09-01,Crypto Risk Parity,BTC-USD,0.166116
2021-09-01,Crypto Risk Parity,EOS-USD,0.076816
2021-09-01,Crypto Risk Parity,ETC-USD,0.081449
2021-09-01,Crypto Risk Parity,ETH-USD,0.115946
2021-09-01,Crypto Risk Parity,LTC-USD,0.100646
2021-09-01,Crypto Risk Parity,TRX-USD,0.09905
2021-09-01,Crypto Risk Parity,XLM-USD,0.086782
2021-09-01,Crypto Risk Parity,XRP-USD,0.085156
2021-10-01,Crypto Risk Parity,ADA-USD,0.107974
2021-10-01,Crypto Risk Parity,BCH-USD,0.086663
2021-10-01,Crypto Risk Parity,BTC-USD,0.159794
2021-10-01,Crypto Risk Parity,EOS-USD,0.075052
2021-10-01,Crypto Risk Parity,ETC-USD,0.078854
2021-10-01,Crypto Risk Parity,ETH-USD,0.1168
2021-10-01,Crypto Risk Parity,LTC-USD,0.098902
2021-10-01,Crypto Risk Parity,TRX-USD,0.094262
2021-10-01,Crypto Risk Parity,XLM-USD,0.096388
2021-10-01,Crypto Risk Parity,XRP-USD,0.085311
2021-11-01,Crypto Risk Parity,ADA-USD,0.109066
2021-11-01,Crypto Risk Parity,BCH-USD,0.085488
2021-11-01,Crypto Risk Parity,BTC-USD,0.160908
2021-11-01,Crypto Risk Parity,EOS-USD,0.074042
2021-11-01,Crypto Risk Parity,ETC-USD,0.079648
2021-11-01,Crypto Risk Parity,ETH-USD,0.114813
2021-11-01,Crypto Risk Parity,LTC-USD,0.099171
2021-11-01,Crypto Risk Parity,TRX-USD,0.094842
2021-11-01,Crypto Risk Parity,XLM-USD,0.097105
2021-11-01,Crypto Risk Parity,XRP-USD,0.084918
2021-12-01,Crypto Risk Parity,ADA-USD,0.109085
2021-12-01,Crypto Risk Parity,BCH-USD,0.085204
2021-12-01,Crypto Risk Parity,BTC-USD,0.163001
2021-12-01,Crypto Risk Parity,EOS-USD,0.07409
2021-12-01,Crypto Risk Parity,ETC-USD,0.080843
2021-12-01,Crypto Risk Parity,ETH-USD,0.116002
2021-12-01,Crypto Risk Parity,LTC-USD,0.095824
2021-12-01,Crypto Risk Parity,TRX-USD,0.094428
2021-12-01,Crypto Risk Parity,XLM-USD,0.097791
2021-12-01,Crypto Risk Parity,XRP-USD,0.083732
2022-01-01,Crypto Risk Parity,ADA-USD,0.102392
2022-01-01,Crypto Risk Parity,BCH-USD,0.08623
2022-01-01,Crypto Risk Parity,BTC-USD,0.155684
2022-01-01,Crypto Risk Parity,EOS-USD,0.074429
2022-01-01,Crypto Risk Parity,ETC-USD,0.080773
2022-01-01,Crypto Risk Parity,ETH-USD,0.113093
2022-01-01,Crypto Risk Parity,LTC-USD,0.094916
2022-01-01,Crypto Risk Parity,TRX-USD,0.101364
2022-01-01,Crypto Risk Parity,XLM-USD,0.099345
2022-01-01,Crypto Risk Parity,XRP-USD,0.091773
2022-02-01,Crypto Risk Parity,ADA-USD,0.095525
2022-02-01,Crypto Risk Parity,BCH-USD,0.105141
2022-02-01,Crypto Risk Parity,BTC-USD,0.134723
2022-02-01,Crypto Risk Parity,EOS-USD,0.087161
2022-02-01,Crypto Risk Parity,ETC-USD,0.092127
2022-02-01,Crypto Risk Parity,ETH-USD,0.103656
2022-02-01,Crypto Risk Parity,LTC-USD,0.093302
2022-02-01,Crypto Risk Parity,TRX-USD,0.103325
2022-02-01,Crypto Risk Parity,XLM-USD,0.095253
2022-02-01,Crypto Risk Parity,XRP-USD,0.089786
2022-03-01,Crypto Risk Parity,ADA-USD,0.096617
2022-03-01,Crypto Risk Parity,BCH-USD,0.10521
2022-03-01,Crypto Risk Parity,BTC-USD,0.13005
2022-03-01,Crypto Risk Parity,EOS-USD,0.08835
2022-03-01,Crypto Risk Parity,ETC-USD,0.091732
2022-03-01,Crypto Risk Parity,ETH-USD,0.104342
2022-03-01,Crypto Risk Parity,LTC-USD,0.09236
2022-03-01,Crypto Risk Parity,TRX-USD,0.107943
2022-03-01,Crypto Risk Parity,XLM-USD,0.094561
2022-03-01,Crypto Risk Parity,XRP-USD,0.088835
2022-04-01,Crypto Risk Parity,ADA-USD,0.095452
2022-04-01,Crypto Risk Parity,BCH-USD,0.101655
2022-04-01,Crypto Risk Parity,BTC-USD,0.127214
2022-04-01,Crypto Risk Parity,EOS-USD,0.088239
2022-04-01,Crypto Risk Parity,ETC-USD,0.092566
2022-04-01,Crypto Risk Parity,ETH-USD,0.105339
2022-04-01,Crypto Risk Parity,LTC-USD,0.090534
2022-04-01,Crypto Risk Parity,TRX-USD,0.1135
2022-04-01,Crypto Risk Parity,XLM-USD,0.093941
2022-04-01,Crypto Risk Parity,XRP-USD,0.091559
2022-05-01,Crypto Risk Parity,ADA-USD,0.095625
2022-05-01,Crypto Risk Parity,BCH-USD,0.100168
2022-05-01,Crypto Risk Parity,BTC-USD,0.126803
2022-05-01,Crypto Risk Parity,EOS-USD,0.085417
2022-05-01,Crypto Risk Parity,ETC-USD,0.090206
2022-05-01,Crypto Risk Parity,ETH-USD,0.105474
2022-05-01,Crypto Risk Parity,LTC-USD,0.090019
2022-05-01,Crypto Risk Parity,TRX-USD,0.114204
2022-05-01,Crypto Risk Parity,XLM-USD,0.094687
2022-05-01,Crypto Risk Parity,XRP-USD,0.097395
2022-06-01,Crypto Risk Parity,ADA-USD,0.085648
2022-06-01,Crypto Risk Parity,BCH-USD,0.098816
2022-06-01,Crypto Risk Parity,BTC-USD,0.128196
2022-06-01,Crypto Risk Parity,EOS-USD,0.08921
2022-06-01,Crypto Risk Parity,ETC-USD,0.089635
2022-06-01,Crypto Risk Parity,ETH-USD,0.106684
2022-06-01,Crypto Risk Parity,LTC-USD,0.089516
2022-06-01,Crypto Risk Parity,TRX-USD,0.117358
2022-06-01,Crypto Risk Parity,XLM-USD,0.095745
2022-06-01,Crypto Risk Parity,XRP-USD,0.099192
2022-07-01,Crypto Risk Parity,ADA-USD,0.084655
2022-07-01,Crypto Risk Parity,BCH-USD,0.098947
2022-07-01,Crypto Risk Parity,BTC-USD,0.126375
2022-07-01,Crypto Risk Parity,EOS-USD,0.090624
2022-07-01,Crypto Risk Parity,ETC-USD,0.087496
2022-07-01,Crypto Risk Parity,ETH-USD,0.10272
2022-07-01,Crypto Risk Parity,LTC-USD,0.088459
2022-07-01,Crypto Risk Parity,TRX-USD,0.12081
2022-07-01,Crypto Risk Parity,XLM-USD,0.098227
2022-07-01,Crypto Risk Parity,XRP-USD,0.101686
2022-08-01,Crypto Risk Parity,ADA-USD,0.085067
2022-08-01,Crypto Risk Parity,BCH-USD,0.096885
2022-08-01,Crypto Risk Parity,BTC-USD,0.123862
2022-08-01,Crypto Risk Parity,EOS-USD,0.092129
2022-08-01,Crypto Risk Parity,ETC-USD,0.076605
2022-08-01,Crypto Risk Parity,ETH-USD,0.096476
2022-08-01,Crypto Risk Parity,LTC-USD,0.092686
2022-08-01,Crypto Risk Parity,TRX-USD,0.13143
2022-08-01,Crypto Risk Parity,XLM-USD,0.101713
2022-08-01,Crypto Risk Parity,XRP-USD,0.103146
2022-09-01,Crypto Risk Parity,ADA-USD,0.085542
2022-09-01,Crypto Risk Parity,BCH-USD,0.095383
2022-09-01,Crypto Risk Parity,BTC-USD,0.124093
2022-09-01,Crypto Risk Parity,EOS-USD,0.091643
2022-09-01,Crypto Risk Parity,ETC-USD,0.074018
2022-09-01,Crypto Risk Parity,ETH-USD,0.092619
2022-09-01,Crypto Risk Parity,LTC-USD,0.094487
2022-09-01,Crypto Risk Parity,TRX-USD,0.134218
2022-09-01,Crypto Risk Parity,XLM-USD,0.103406
2022-09-01,Crypto Risk Parity,XRP-USD,0.104592
2022-10-01,Crypto Risk Parity,ADA-USD,0.089055
2022-10-01,Crypto Risk Parity,BCH-USD,0.093823
2022-10-01,Crypto Risk Parity,BTC-USD,0.123655
2022-10-01,Crypto Risk Parity,EOS-USD,0.086968
2022-10-01,Crypto Risk Parity,ETC-USD,0.072439
2022-10-01,Crypto Risk Parity,ETH-USD,0.092952
2022-10-01,Crypto Risk Parity,LTC-USD,0.094982
2022-10-01,Crypto Risk Parity,TRX-USD,0.14127
2022-10-01,Crypto Risk Parity,XLM-USD,0.103452
2022-10-01,Crypto Risk Parity,XRP-USD,0.101404
2022-11-01,Crypto Risk Parity,ADA-USD,0.086697
2022-11-01,Crypto Risk Parity,BCH-USD,0.092386
2022-11-01,Crypto Risk Parity,BTC-USD,0.123755
2022-11-01,Crypto Risk Parity,EOS-USD,0.085362
2022-11-01,Crypto Risk Parity,ETC-USD,0.070145
2022-11-01,Crypto Risk Parity,ETH-USD,0.091477
2022-11-01,Crypto Risk Parity,LTC-USD,0.095538
2022-11-01,Crypto Risk Parity,TRX-USD,0.144841
2022-11-01,Crypto Risk Parity,XLM-USD,0.1044
2022-11-01,Crypto Risk Parity,XRP-USD,0.105399
2022-12-01,Crypto Risk Parity,ADA-USD,0.089128
2022-12-01,Crypto Risk Parity,BCH-USD,0.095171
2022-12-01,Crypto Risk Parity,BTC-USD,0.127427
2022-12-01,Crypto Risk Parity,EOS-USD,0.086407
2022-12-01,Crypto Risk Parity,ETC-USD,0.071892
2022-12-01,Crypto Risk Parity,ETH-USD,0.089207
2022-12-01,Crypto Risk Parity,LTC-USD,0.09321
2022-12-01,Crypto Risk Parity,TRX-USD,0.145482
2022-12-01,Crypto Risk Parity,XLM-USD,0.103077
2022-12-01,Crypto Risk Parity,XRP-USD,0.098999
2023-01-01,Crypto Risk Parity,ADA-USD,0.088631
2023-01-01,Crypto Risk Parity,BCH-USD,0.094773
2023-01-01,Crypto Risk Parity,BTC-USD,0.127041
2023-01-01,Crypto Risk Parity,EOS-USD,0.087797
2023-01-01,Crypto Risk Parity,ETC-USD,0.071367
2023-01-01,Crypto Risk Parity,ETH-USD,0.087421
2023-01-01,Crypto Risk Parity,LTC-USD,0.09278
2023-01-01,Crypto Risk Parity,TRX-USD,0.148487
2023-01-01,Crypto Risk Parity,XLM-USD,0.103612
2023-01-01,Crypto Risk Parity,XRP-USD,0.09809
2023-02-01,Crypto Risk Parity,ADA-USD,0.092101
2023-02-01,Crypto Risk Parity,BCH-USD,0.091924
2023-02-01,Crypto Risk Parity,BTC-USD,0.118119
2023-02-01,Crypto Risk Parity,EOS-USD,0.085594
2023-02-01,Crypto Risk Parity,ETC-USD,0.066897
2023-02-01,Crypto Risk Parity,ETH-USD,0.079587
2023-02-01,Crypto Risk Parity,LTC-USD,0.092096
2023-02-01,Crypto Risk Parity,TRX-USD,0.173352
2023-02-01,Crypto Risk Parity,XLM-USD,0.102641
2023-02-01,Crypto Risk Parity,XRP-USD,0.097688
2023-03-01,Crypto Risk Parity,ADA-USD,0.093402
2023-03-01,Crypto Risk Parity,BCH-USD,0.091376
2023-03-01,Crypto Risk Parity,BTC-USD,0.120325
2023-03-01,Crypto Risk Parity,EOS-USD,0.082568
2023-03-01,Crypto Risk Parity,ETC-USD,0.063912
2023-03-01,Crypto Risk Parity,ETH-USD,0.080552
2023-03-01,Crypto Risk Parity,LTC-USD,0.094027
2023-03-01,Crypto Risk Parity,TRX-USD,0.17564
2023-03-01,Crypto Risk Parity,XLM-USD,0.103095
2023-03-01,Crypto Risk Parity,XRP-USD,0.095102
2023-04-01,Crypto Risk Parity,ADA-USD,0.094447
2023-04-01,Crypto Risk Parity,BCH-USD,0.093738
2023-04-01,Crypto Risk Parity,BTC-USD,0.120686
2023-04-01,Crypto Risk Parity,EOS-USD,0.083639
2023-04-01,Crypto Risk Parity,ETC-USD,0.069586
2023-04-01,Crypto Risk Parity,ETH-USD,0.088315
2023-04-01,Crypto Risk Parity,LTC-USD,0.093352
2023-04-01,Crypto Risk Parity,TRX-USD,0.157053
2023-04-01,Crypto Risk Parity,XLM-USD,0.104846
2023-04-01,Crypto Risk Parity,XRP-USD,0.094338
2023-05-01,Crypto Risk Parity,ADA-USD,0.092372
2023-05-01,Crypto Risk Parity,BCH-USD,0.099358
2023-05-01,Crypto Risk Parity,BTC-USD,0.119512
2023-05-01,Crypto Risk Parity,EOS-USD,0.085547
2023-05-01,Crypto Risk Parity,ETC-USD,0.076411
2023-05-01,Crypto Risk Parity,ETH-USD,0.090177
2023-05-01,Crypto Risk Parity,LTC-USD,0.091485
2023-05-01,Crypto Risk Parity,TRX-USD,0.154445
2023-05-01,Crypto Risk Parity,XLM-USD,0.101431
2023-05-01,Crypto Risk Parity,XRP-USD,0.089262
2023-06-01,Crypto Risk Parity,ADA-USD,0.089848
2023-06-01,Crypto Risk Parity,BCH-USD,0.101666
2023-06-01,Crypto Risk Parity,BTC-USD,0.11758
2023-06-01,Crypto Risk Parity,EOS-USD,0.095074
2023-06-01,Crypto Risk Parity,ETC-USD,0.079687
2023-06-01,Crypto Risk Parity,ETH-USD,0.091401
2023-06-01,Crypto Risk Parity,LTC-USD,0.089111
2023-06-01,Crypto Risk Parity,TRX-USD,0.148124
2023-06-01,Crypto Risk Parity,XLM-USD,0.101972
2023-06-01,Crypto Risk Parity,XRP-USD,0.085535
2023-07-01,Crypto Risk Parity,ADA-USD,0.091462
2023-07-01,Crypto Risk Parity,BCH-USD,0.084973
2023-07-01,Crypto Risk Parity,BTC-USD,0.122782
2023-07-01,Crypto Risk Parity,EOS-USD,0.08937
2023-07-01,Crypto Risk Parity,ETC-USD,0.077288
2023-07-01,Crypto Risk Parity,ETH-USD,0.096103
2023-07-01,Crypto Risk Parity,LTC-USD,0.083224
2023-07-01,Crypto Risk Parity,TRX-USD,0.15017
2023-07-01,Crypto Risk Parity,XLM-USD,0.106031
2023-07-01,Crypto Risk Parity,XRP-USD,0.098597
2023-08-01,Crypto Risk Parity,ADA-USD,0.086148
2023-08-01,Crypto Risk Parity,BCH-USD,0.093344
2023-08-01,Crypto Risk Parity,BTC-USD,0.139498
2023-08-01,Crypto Risk Parity,EOS-USD,0.091226
2023-08-01,Crypto Risk Parity,ETC-USD,0.084433
2023-08-01,Crypto Risk Parity,ETH-USD,0.117545
2023-08-01,Crypto Risk Parity,LTC-USD,0.086916
2023-08-01,Crypto Risk Parity,TRX-USD,0.155668
2023-08-01,Crypto Risk Parity,XLM-USD,0.074106
2023-08-01,Crypto Risk Parity,XRP-USD,0.071116
2023-09-01,Crypto Risk Parity,ADA-USD,0.087798
2023-09-01,Crypto Risk Parity,BCH-USD,0.087917
2023-09-01,Crypto Risk Parity,BTC-USD,0.136931
2023-09-01,Crypto Risk Parity,EOS-USD,0.09005
2023-09-01,Crypto Risk Parity,ETC-USD,0.087759
2023-09-01,Crypto Risk Parity,ETH-USD,0.122328
2023-09-01,Crypto Risk Parity,LTC-USD,0.087213
2023-09-01,Crypto Risk Parity,TRX-USD,0.158429
2023-09-01,Crypto Risk Parity,XLM-USD,0.072122
2023-09-01,Crypto Risk Parity,XRP-USD,0.069453
2023-10-01,Crypto Risk Parity,ADA-USD,0.089236
2023-10-01,Crypto Risk Parity,BCH-USD,0.084621
2023-10-01,Crypto Risk Parity,BTC-USD,0.138896
2023-10-01,Crypto Risk Parity,EOS-USD,0.089378
2023-10-01,Crypto Risk Parity,ETC-USD,0.091606
2023-10-01,Crypto Risk Parity,ETH-USD,0.123638
2023-10-01,Crypto Risk Parity,LTC-USD,0.085486
2023-10-01,Crypto Risk Parity,TRX-USD,0.158736
2023-10-01,Crypto Risk Parity,XLM-USD,0.070934
2023-10-01,Crypto Risk Parity,XRP-USD,0.067469
2023-11-01,Crypto Risk Parity,ADA-USD,0.091206
2023-11-01,Crypto Risk Parity,BCH-USD,0.081544
2023-11-01,Crypto Risk Parity,BTC-USD,0.135641
2023-11-01,Crypto Risk Parity,EOS-USD,0.090234
2023-11-01,Crypto Risk Parity,ETC-USD,0.092902
2023-11-01,Crypto Risk Parity,ETH-USD,0.124104
2023-11-01,Crypto Risk Parity,LTC-USD,0.083716
2023-11-01,Crypto Risk Parity,TRX-USD,0.168079
2023-11-01,Crypto Risk Parity,XLM-USD,0.068049
2023-11-01,Crypto Risk Parity,XRP-USD,0.064524
2023-12-01,Crypto Risk Parity,ADA-USD,0.08703
2023-12-01,Crypto Risk Parity,BCH-USD,0.08035
2023-12-01,Crypto Risk Parity,BTC-USD,0.139041
2023-12-01,Crypto Risk Parity,EOS-USD,0.084972
2023-12-01,Crypto Risk Parity,ETC-USD,0.09128
2023-12-01,Crypto Risk Parity,ETH-USD,0.121296
2023-12-01,Crypto Risk Parity,LTC-USD,0.083558
2023-12-01,Crypto Risk Parity,TRX-USD,0.18814
2023-12-01,Crypto Risk Parity,XLM-USD,0.063665
2023-12-01,Crypto Risk Parity,XRP-USD,0.060668
2021-01-04,Combined Equal Weight,ABBV,0.016667
2021-01-04,Combined Equal Weight,ABT,0.016667
2021-01-04,Combined Equal Weight,ADBE,0.016667
2021-01-04,Combined Equal Weight,AEP,0.016667
2021-01-04,Combined Equal Weight,AMD,0.016667
2021-01-04,Combined Equal Weight,AMGN,0.016667
2021-01-04,Combined Equal Weight,AMT,0.016667
2021-01-04,Combined Equal Weight,BA,0.016667
2021-01-04,Combined Equal Weight,CAT,0.016667
2021-01-04,Combined Equal Weight,CCI,0.016667
2021-01-04,Combined Equal Weight,CMCSA,0.016667
2021-01-04,Combined Equal Weight,COP,0.016667
2021-01-04,Combined Equal Weight,CVX,0.016667
2021-01-04,Combined Equal Weight,D,0.016667
2021-01-04,Combined Equal Weight,DD,0.016667
2021-01-04,Combined Equal Weight,DIS,0.016667
2021-01-04,Combined Equal Weight,DOW,0.016667
2021-01-04,Combined Equal Weight,DUK,0.016667
2021-01-04,Combined Equal Weight,EA,0.016667
2021-01-04,Combined Equal Weight,GE,0.016667
2021-01-04,Combined Equal Weight,GILD,0.016667
2021-01-04,Combined Equal Weight,GS,0.016667
2021-01-04,Combined Equal Weight,INTC,0.016667
2021-01-04,Combined Equal Weight,KO,0.016667
2021-01-04,Combined Equal Weight,MMM,0.016667
2021-01-04,Combined Equal Weight,MRK,0.016667
2021-01-04,Combined Equal Weight,MS,0.016667
2021-01-04,Combined Equal Weight,NEE,0.016667
2021-01-04,Combined Equal Weight,NEM,0.016667
2021-01-04,Combined Equal Weight,NKE,0.016667
2021-01-04,Combined Equal Weight,NUE,0.016667
2021-01-04,Combined Equal Weight,NVDA,0.016667
2021-01-04,Combined Equal Weight,O,0.016667
2021-01-04,Combined Equal Weight,OXY,0.016667
2021-01-04,Combined Equal Weight,PLD,0.016667
2021-01-04,Combined Equal Weight,PSA,0.016667
2021-01-04,Combined Equal Weight,QCOM,0.016667
2021-01-04,Combined Equal Weight,SBUX,0.016667
2021-01-04,Combined Equal Weight,SHW,0.016667
2021-01-04,Combined Equal Weight,SLB,0.016667
2021-01-04,Combined Equal Weight,SO,0.016667
2021-01-04,Combined Equal Weight,T,0.016667
2021-01-04,Combined Equal Weight,TMUS,0.016667
2021-01-04,Combined Equal Weight,TTWO,0.016667
2021-01-04,Combined Equal Weight,UPS,0.016667
2021-01-04,Combined Equal Weight,USB,0.016667
2021-01-04,Combined Equal Weight,V,0.016667
2021-01-04,Combined Equal Weight,WFC,0.016667
2021-01-04,Combined Equal Weight,WMT,0.016667
2021-01-04,Combined Equal Weight,XOM,0.016667
2021-01-04,Combined Equal Weight,ADA-USD,0.016667
2021-01-04,Combined Equal Weight,BCH-USD,0.016667
2021-01-04,Combined Equal Weight,BTC-USD,0.016667
2021-01-04,Combined Equal Weight,EOS-USD,0.016667
2021-01-04,Combined Equal Weight,ETC-USD,0.016667
2021-01-04,Combined Equal Weight,ETH-USD,0.016667
2021-01-04,Combined Equal Weight,LTC-USD,0.016667
2021-01-04,Combined Equal Weight,TRX-USD,0.016667
2021-01-04,Combined Equal Weight,XLM-USD,0.016667
2021-01-04,Combined Equal Weight,XRP-USD,0.016667
2021-02-01,Combined Equal Weight,ABBV,0.016667
2021-02-01,Combined Equal Weight,ABT,0.016667
2021-02-01,Combined Equal Weight,ADBE,0.016667
2021-02-01,Combined Equal Weight,AEP,0.016667
2021-02-01,Combined Equal Weight,AMD,0.016667
2021-02-01,Combined Equal Weight,AMGN,0.016667
2021-02-01,Combined Equal Weight,AMT,0.016667
2021-02-01,Combined Equal Weight,BA,0.016667
2021-02-01,Combined Equal Weight,CAT,0.016667
2021-02-01,Combined Equal Weight,CCI,0.016667
2021-02-01,Combined Equal Weight,CMCSA,0.016667
2021-02-01,Combined Equal Weight,COP,0.016667
2021-02-01,Combined Equal Weight,CVX,0.016667
2021-02-01,Combined Equal Weight,D,0.016667
2021-02-01,Combined Equal Weight,DD,0.016667
2021-02-01,Combined Equal Weight,DIS,0.016667
2021-02-01,Combined Equal Weight,DOW,0.016667
2021-02-01,Combined Equal Weight,DUK,0.016667
2021-02-01,Combined Equal Weight,EA,0.016667
2021-02-01,Combined Equal Weight,GE,0.016667
2021-02-01,Combined Equal Weight,GILD,0.016667
2021-02-01,Combined Equal Weight,GS,0.016667
2021-02-01,Combined Equal Weight,INTC,0.016667
2021-02-01,Combined Equal Weight,KO,0.016667
2021-02-01,Combined Equal Weight,MMM,0.016667
2021-02-01,Combined Equal Weight,MRK,0.016667
2021-02-01,Combined Equal Weight,MS,0.016667
2021-02-01,Combined Equal Weight,NEE,0.016667
2021-02-01,Combined Equal Weight,NEM,0.016667
2021-02-01,Combined Equal Weight,NKE,0.016667
2021-02-01,Combined Equal Weight,NUE,0.016667
2021-02-01,Combined Equal Weight,NVDA,0.016667
2021-02-01,Combined Equal Weight,O,0.016667
2021-02-01,Combined Equal Weight,OXY,0.016667
2021-02-01,Combined Equal Weight,PLD,0.016667
2021-02-01,Combined Equal Weight,PSA,0.016667
2021-02-01,Combined Equal Weight,QCOM,0.016667
2021-02-01,Combined Equal Weight,SBUX,0.016667
2021-02-01,Combined Equal Weight,SHW,0.016667
2021-02-01,Combined Equal Weight,SLB,0.016667
2021-02-01,Combined Equal Weight,SO,0.016667
2021-02-01,Combined Equal Weight,T,0.016667
2021-02-01,Combined Equal Weight,TMUS,0.016667
2021-02-01,Combined Equal Weight,TTWO,0.016667
2021-02-01,Combined Equal Weight,UPS,0.016667
2021-02-01,Combined Equal Weight,USB,0.016667
2021-02-01,Combined Equal Weight,V,0.016667
2021-02-01,Combined Equal Weight,WFC,0.016667
2021-02-01,Combined Equal Weight,WMT,0.016667
2021-02-01,Combined Equal Weight,XOM,0.016667
2021-02-01,Combined Equal Weight,ADA-USD,0.016667
2021-02-01,Combined Equal Weight,BCH-USD,0.016667
2021-02-01,Combined Equal Weight,BTC-USD,0.016667
2021-02-01,Combined Equal Weight,EOS-USD,0.016667
2021-02-01,Combined Equal Weight,ETC-USD,0.016667
2021-02-01,Combined Equal Weight,ETH-USD,0.016667
2021-02-01,Combined Equal Weight,LTC-USD,0.016667
2021-02-01,Combined Equal Weight,TRX-USD,0.016667
2021-02-01,Combined Equal Weight,XLM-USD,0.016667
2021-02-01,Combined Equal Weight,XRP-USD,0.016667
2021-03-01,Combined Equal Weight,ABBV,0.016667
2021-03-01,Combined Equal Weight,ABT,0.016667
2021-03-01,Combined Equal Weight,ADBE,0.016667
2021-03-01,Combined Equal Weight,AEP,0.016667
2021-03-01,Combined Equal Weight,AMD,0.016667
2021-03-01,Combined Equal Weight,AMGN,0.016667
2021-03-01,Combined Equal Weight,AMT,0.016667
2021-03-01,Combined Equal Weight,BA,0.016667
2021-03-01,Combined Equal Weight,CAT,0.016667
2021-03-01,Combined Equal Weight,CCI,0.016667
2021-03-01,Combined Equal Weight,CMCSA,0.016667
2021-03-01,Combined Equal Weight,COP,0.016667
2021-03-01,Combined Equal Weight,CVX,0.016667
2021-03-01,Combined Equal Weight,D,0.016667
2021-03-01,Combined Equal Weight,DD,0.016667
2021-03-01,Combined Equal Weight,DIS,0.016667
2021-03-01,Combined Equal Weight,DOW,0.016667
2021-03-01,Combined Equal Weight,DUK,0.016667
2021-03-01,Combined Equal Weight,EA,0.016667
2021-03-01,Combined Equal Weight,GE,0.016667
2021-03-01,Combined Equal Weight,GILD,0.016667
2021-03-01,Combined Equal Weight,GS,0.016667
2021-03-01,Combined Equal Weight,INTC,0.016667
2021-03-01,Combined Equal Weight,KO,0.016667
2021-03-01,Combined Equal Weight,MMM,0.016667
2021-03-01,Combined Equal Weight,MRK,0.016667
2021-03-01,Combined Equal Weight,MS,0.016667
2021-03-01,Combined Equal Weight,NEE,0.016667
2021-03-01,Combined Equal Weight,NEM,0.016667
2021-03-01,Combined Equal Weight,NKE,0.016667
2021-03-01,Combined Equal Weight,NUE,0.016667
2021-03-01,Combined Equal Weight,NVDA,0.016667
2021-03-01,Combined Equal Weight,O,0.016667
2021-03-01,Combined Equal Weight,OXY,0.016667
2021-03-01,Combined Equal Weight,PLD,0.016667
2021-03-01,Combined Equal Weight,PSA,0.016667
2021-03-01,Combined Equal Weight,QCOM,0.016667
2021-03-01,Combined Equal Weight,SBUX,0.016667
2021-03-01,Combined Equal Weight,SHW,0.016667
2021-03-01,Combined Equal Weight,SLB,0.016667
2021-03-01,Combined Equal Weight,SO,0.016667
2021-03-01,Combined Equal Weight,T,0.016667
2021-03-01,Combined Equal Weight,TMUS,0.016667
2021-03-01,Combined Equal Weight,TTWO,0.016667
2021-03-01,Combined Equal Weight,UPS,0.016667
2021-03-01,Combined Equal Weight,USB,0.016667
2021-03-01,Combined Equal Weight,V,0.016667
2021-03-01,Combined Equal Weight,WFC,0.016667
2021-03-01,Combined Equal Weight,WMT,0.016667
2021-03-01,Combined Equal Weight,XOM,0.016667
2021-03-01,Combined Equal Weight,ADA-USD,0.016667
2021-03-01,Combined Equal Weight,BCH-USD,0.016667
2021-03-01,Combined Equal Weight,BTC-USD,0.016667
2021-03-01,Combined Equal Weight,EOS-USD,0.016667
2021-03-01,Combined Equal Weight,ETC-USD,0.016667
2021-03-01,Combined Equal Weight,ETH-USD,0.016667
2021-03-01,Combined Equal Weight,LTC-USD,0.016667
2021-03-01,Combined Equal Weight,TRX-USD,0.016667
2021-03-01,Combined Equal Weight,XLM-USD,0.016667
2021-03-01,Combined Equal Weight,XRP-USD,0.016667
2021-04-01,Combined Equal Weight,ABBV,0.016667
2021-04-01,Combined Equal Weight,ABT,0.016667
2021-04-01,Combined Equal Weight,ADBE,0.016667
2021-04-01,Combined Equal Weight,AEP,0.016667
2021-04-01,Combined Equal Weight,AMD,0.016667
2021-04-01,Combined Equal Weight,AMGN,0.016667
2021-04-01,Combined Equal Weight,AMT,0.016667
2021-04-01,Combined Equal Weight,BA,0.016667
2021-04-01,Combined Equal Weight,CAT,0.016667
2021-04-01,Combined Equal Weight,CCI,0.016667
2021-04-01,Combined Equal Weight,CMCSA,0.016667
2021-04-01,Combined Equal Weight,COP,0.016667
2021-04-01,Combined Equal Weight,CVX,0.016667
2021-04-01,Combined Equal Weight,D,0.016667
2021-04-01,Combined Equal Weight,DD,0.016667
2021-04-01,Combined Equal Weight,DIS,0.016667
2021-04-01,Combined Equal Weight,DOW,0.016667
2021-04-01,Combined Equal Weight,DUK,0.016667
2021-04-01,Combined Equal Weight,EA,0.016667
2021-04-01,Combined Equal Weight,GE,0.016667
2021-04-01,Combined Equal Weight,GILD,0.016667
2021-04-01,Combined Equal Weight,GS,0.016667
2021-04-01,Combined Equal Weight,INTC,0.016667
2021-04-01,Combined Equal Weight,KO,0.016667
2021-04-01,Combined Equal Weight,MMM,0.016667
2021-04-01,Combined Equal Weight,MRK,0.016667
2021-04-01,Combined Equal Weight,MS,0.016667
2021-04-01,Combined Equal Weight,NEE,0.016667
2021-04-01,Combined Equal Weight,NEM,0.016667
2021-04-01,Combined Equal Weight,NKE,0.016667
2021-04-01,Combined Equal Weight,NUE,0.016667
2021-04-01,Combined Equal Weight,NVDA,0.016667
2021-04-01,Combined Equal Weight,O,0.016667
2021-04-01,Combined Equal Weight,OXY,0.016667
2021-04-01,Combined Equal Weight,PLD,0.016667
2021-04-01,Combined Equal Weight,PSA,0.016667
2021-04-01,Combined Equal Weight,QCOM,0.016667
2021-04-01,Combined Equal Weight,SBUX,0.016667
2021-04-01,Combined Equal Weight,SHW,0.016667
2021-04-01,Combined Equal Weight,SLB,0.016667
2021-04-01,Combined Equal Weight,SO,0.016667
2021-04-01,Combined Equal Weight,T,0.016667
2021-04-01,Combined Equal Weight,TMUS,0.016667
2021-04-01,Combined Equal Weight,TTWO,0.016667
2021-04-01,Combined Equal Weight,UPS,0.016667
2021-04-01,Combined Equal Weight,USB,0.016667
2021-04-01,Combined Equal Weight,V,0.016667
2021-04-01,Combined Equal Weight,WFC,0.016667
2021-04-01,Combined Equal Weight,WMT,0.016667
2021-04-01,Combined Equal Weight,XOM,0.016667
2021-04-01,Combined Equal Weight,ADA-USD,0.016667
2021-04-01,Combined Equal Weight,BCH-USD,0.016667
2021-04-01,Combined Equal Weight,BTC-USD,0.016667
2021-04-01,Combined Equal Weight,EOS-USD,0.016667
2021-04-01,Combined Equal Weight,ETC-USD,0.016667
2021-04-01,Combined Equal Weight,ETH-USD,0.016667
2021-04-01,Combined Equal Weight,LTC-USD,0.016667
2021-04-01,Combined Equal Weight,TRX-USD,0.016667
2021-04-01,Combined Equal Weight,XLM-USD,0.016667
2021-04-01,Combined Equal Weight,XRP-USD,0.016667
2021-05-03,Combined Equal Weight,ABBV,0.016667
2021-05-03,Combined Equal Weight,ABT,0.016667
2021-05-03,Combined Equal Weight,ADBE,0.016667
2021-05-03,Combined Equal Weight,AEP,0.016667
2021-05-03,Combined Equal Weight,AMD,0.016667
2021-05-03,Combined Equal Weight,AMGN,0.016667
2021-05-03,Combined Equal Weight,AMT,0.016667
2021-05-03,Combined Equal Weight,BA,0.016667
2021-05-03,Combined Equal Weight,CAT,0.016667
2021-05-03,Combined Equal Weight,CCI,0.016667
2021-05-03,Combined Equal Weight,CMCSA,0.016667
2021-05-03,Combined Equal Weight,COP,0.016667
2021-05-03,Combined Equal Weight,CVX,0.016667
2021-05-03,Combined Equal Weight,D,0.016667
2021-05-03,Combined Equal Weight,DD,0.016667
2021-05-03,Combined Equal Weight,DIS,0.016667
2021-05-03,Combined Equal Weight,DOW,0.016667
2021-05-03,Combined Equal Weight,DUK,0.016667
2021-05-03,Combined Equal Weight,EA,0.016667
2021-05-03,Combined Equal Weight,GE,0.016667
2021-05-03,Combined Equal Weight,GILD,0.016667
2021-05-03,Combined Equal Weight,GS,0.016667
2021-05-03,Combined Equal Weight,INTC,0.016667
2021-05-03,Combined Equal Weight,KO,0.016667
2021-05-03,Combined Equal Weight,MMM,0.016667
2021-05-03,Combined Equal Weight,MRK,0.016667
2021-05-03,Combined Equal Weight,MS,0.016667
2021-05-03,Combined Equal Weight,NEE,0.016667
2021-05-03,Combined Equal Weight,NEM,0.016667
2021-05-03,Combined Equal Weight,NKE,0.016667
2021-05-03,Combined Equal Weight,NUE,0.016667
2021-05-03,Combined Equal Weight,NVDA,0.016667
2021-05-03,Combined Equal Weight,O,0.016667
2021-05-03,Combined Equal Weight,OXY,0.016667
2021-05-03,Combined Equal Weight,PLD,0.016667
2021-05-03,Combined Equal Weight,PSA,0.016667
2021-05-03,Combined Equal Weight,QCOM,0.016667
2021-05-03,Combined Equal Weight,SBUX,0.016667
2021-05-03,Combined Equal Weight,SHW,0.016667
2021-05-03,Combined Equal Weight,SLB,0.016667
2021-05-03,Combined Equal Weight,SO,0.016667
2021-05-03,Combined Equal Weight,T,0.016667
2021-05-03,Combined Equal Weight,TMUS,0.016667
2021-05-03,Combined Equal Weight,TTWO,0.016667
2021-05-03,Combined Equal Weight,UPS,0.016667
2021-05-03,Combined Equal Weight,USB,0.016667
2021-05-03,Combined Equal Weight,V,0.016667
2021-05-03,Combined Equal Weight,WFC,0.016667
2021-05-03,Combined Equal Weight,WMT,0.016667
2021-05-03,Combined Equal Weight,XOM,0.016667
2021-05-03,Combined Equal Weight,ADA-USD,0.016667
2021-05-03,Combined Equal Weight,BCH-USD,0.016667
2021-05-03,Combined Equal Weight,BTC-USD,0.016667
2021-05-03,Combined Equal Weight,EOS-USD,0.016667
2021-05-03,Combined Equal Weight,ETC-USD,0.016667
2021-05-03,Combined Equal Weight,ETH-USD,0.016667
2021-05-03,Combined Equal Weight,LTC-USD,0.016667
2021-05-03,Combined Equal Weight,TRX-USD,0.016667
2021-05-03,Combined Equal Weight,XLM-USD,0.016667
2021-05-03,Combined Equal Weight,XRP-USD,0.016667
2021-06-01,Combined Equal Weight,ABBV,0.016667
2021-06-01,Combined Equal Weight,ABT,0.016667
2021-06-01,Combined Equal Weight,ADBE,0.016667
2021-06-01,Combined Equal Weight,AEP,0.016667
2021-06-01,Combined Equal Weight,AMD,0.016667
2021-06-01,Combined Equal Weight,AMGN,0.016667
2021-06-01,Combined Equal Weight,AMT,0.016667
2021-06-01,Combined Equal Weight,BA,0.016667
2021-06-01,Combined Equal Weight,CAT,0.016667
2021-06-01,Combined Equal Weight,CCI,0.016667
2021-06-01,Combined Equal Weight,CMCSA,0.016667
2021-06-01,Combined Equal Weight,COP,0.016667
2021-06-01,Combined Equal Weight,CVX,0.016667
2021-06-01,Combined Equal Weight,D,0.016667
2021-06-01,Combined Equal Weight,DD,0.016667
2021-06-01,Combined Equal Weight,DIS,0.016667
2021-06-01,Combined Equal Weight,DOW,0.016667
2021-06-01,Combined Equal Weight,DUK,0.016667
2021-06-01,Combined Equal Weight,EA,0.016667
2021-06-01,Combined Equal Weight,GE,0.016667
2021-06-01,Combined Equal Weight,GILD,0.016667
2021-06-01,Combined Equal Weight,GS,0.016667
2021-06-01,Combined Equal Weight,INTC,0.016667
2021-06-01,Combined Equal Weight,KO,0.016667
2021-06-01,Combined Equal Weight,MMM,0.016667
2021-06-01,Combined Equal Weight,MRK,0.016667
2021-06-01,Combined Equal Weight,MS,0.016667
2021-06-01,Combined Equal Weight,NEE,0.016667
2021-06-01,Combined Equal Weight,NEM,0.016667
2021-06-01,Combined Equal Weight,NKE,0.016667
2021-06-01,Combined Equal Weight,NUE,0.016667
2021-06-01,Combined Equal Weight,NVDA,0.016667
2021-06-01,Combined Equal Weight,O,0.016667
2021-06-01,Combined Equal Weight,OXY,0.016667
2021-06-01,Combined Equal Weight,PLD,0.016667
2021-06-01,Combined Equal Weight,PSA,0.016667
2021-06-01,Combined Equal Weight,QCOM,0.016667
2021-06-01,Combined Equal Weight,SBUX,0.016667
2021-06-01,Combined Equal Weight,SHW,0.016667
2021-06-01,Combined Equal Weight,SLB,0.016667
2021-06-01,Combined Equal Weight,SO,0.016667
2021-06-01,Combined Equal Weight,T,0.016667
2021-06-01,Combined Equal Weight,TMUS,0.016667
2021-06-01,Combined Equal Weight,TTWO,0.016667
2021-06-01,Combined Equal Weight,UPS,0.016667
2021-06-01,Combined Equal Weight,USB,0.016667
2021-06-01,Combined Equal Weight,V,0.016667
2021-06-01,Combined Equal Weight,WFC,0.016667
2021-06-01,Combined Equal Weight,WMT,0.016667
2021-06-01,Combined Equal Weight,XOM,0.016667
2021-06-01,Combined Equal Weight,ADA-USD,0.016667
2021-06-01,Combined Equal Weight,BCH-USD,0.016667
2021-06-01,Combined Equal Weight,BTC-USD,0.016667
2021-06-01,Combined Equal Weight,EOS-USD,0.016667
2021-06-01,Combined Equal Weight,ETC-USD,0.016667
2021-06-01,Combined Equal Weight,ETH-USD,0.016667
2021-06-01,Combined Equal Weight,LTC-USD,0.016667
2021-06-01,Combined Equal Weight,TRX-USD,0.016667
2021-06-01,Combined Equal Weight,XLM-USD,0.016667
2021-06-01,Combined Equal Weight,XRP-USD,0.016667
2021-07-01,Combined Equal Weight,ABBV,0.016667
2021-07-01,Combined Equal Weight,ABT,0.016667
2021-07-01,Combined Equal Weight,ADBE,0.016667
2021-07-01,Combined Equal Weight,AEP,0.016667
2021-07-01,Combined Equal Weight,AMD,0.016667
2021-07-01,Combined Equal Weight,AMGN,0.016667
2021-07-01,Combined Equal Weight,AMT,0.016667
2021-07-01,Combined Equal Weight,BA,0.016667
2021-07-01,Combined Equal Weight,CAT,0.016667
2021-07-01,Combined Equal Weight,CCI,0.016667
2021-07-01,Combined Equal Weight,CMCSA,0.016667
2021-07-01,Combined Equal Weight,COP,0.016667
2021-07-01,Combined Equal Weight,CVX,0.016667
2021-07-01,Combined Equal Weight,D,0.016667
2021-07-01,Combined Equal Weight,DD,0.016667
2021-07-01,Combined Equal Weight,DIS,0.016667
2021-07-01,Combined Equal Weight,DOW,0.016667
2021-07-01,Combined Equal Weight,DUK,0.016667
2021-07-01,Combined Equal Weight,EA,0.016667
2021-07-01,Combined Equal Weight,GE,0.016667
2021-07-01,Combined Equal Weight,GILD,0.016667
2021-07-01,Combined Equal Weight,GS,0.016667
2021-07-01,Combined Equal Weight,INTC,0.016667
2021-07-01,Combined Equal Weight,KO,0.016667
2021-07-01,Combined Equal Weight,MMM,0.016667
2021-07-01,Combined Equal Weight,MRK,0.016667
2021-07-01,Combined Equal Weight,MS,0.016667
2021-07-01,Combined Equal Weight,NEE,0.016667
2021-07-01,Combined Equal Weight,NEM,0.016667
2021-07-01,Combined Equal Weight,NKE,0.016667
2021-07-01,Combined Equal Weight,NUE,0.016667
2021-07-01,Combined Equal Weight,NVDA,0.016667
2021-07-01,Combined Equal Weight,O,0.016667
2021-07-01,Combined Equal Weight,OXY,0.016667
2021-07-01,Combined Equal Weight,PLD,0.016667
2021-07-01,Combined Equal Weight,PSA,0.016667
2021-07-01,Combined Equal Weight,QCOM,0.016667
2021-07-01,Combined Equal Weight,SBUX,0.016667
2021-07-01,Combined Equal Weight,SHW,0.016667
2021-07-01,Combined Equal Weight,SLB,0.016667
2021-07-01,Combined Equal Weight,SO,0.016667
2021-07-01,Combined Equal Weight,T,0.016667
2021-07-01,Combined Equal Weight,TMUS,0.016667
2021-07-01,Combined Equal Weight,TTWO,0.016667
2021-07-01,Combined Equal Weight,UPS,0.016667
2021-07-01,Combined Equal Weight,USB,0.016667
2021-07-01,Combined Equal Weight,V,0.016667
2021-07-01,Combined Equal Weight,WFC,0.016667
2021-07-01,Combined Equal Weight,WMT,0.016667
2021-07-01,Combined Equal Weight,XOM,0.016667
2021-07-01,Combined Equal Weight,ADA-USD,0.016667
2021-07-01,Combined Equal Weight,BCH-USD,0.016667
2021-07-01,Combined Equal Weight,BTC-USD,0.016667
2021-07-01,Combined Equal Weight,EOS-USD,0.016667
2021-07-01,Combined Equal Weight,ETC-USD,0.016667
2021-07-01,Combined Equal Weight,ETH-USD,0.016667
2021-07-01,Combined Equal Weight,LTC-USD,0.016667
2021-07-01,Combined Equal Weight,TRX-USD,0.016667
2021-07-01,Combined Equal Weight,XLM-USD,0.016667
2021-07-01,Combined Equal Weight,XRP-USD,0.016667
2021-08-02,Combined Equal Weight,ABBV,0.016667
2021-08-02,Combined Equal Weight,ABT,0.016667
2021-08-02,Combined Equal Weight,ADBE,0.016667
2021-08-02,Combined Equal Weight,AEP,0.016667
2021-08-02,Combined Equal Weight,AMD,0.016667
2021-08-02,Combined Equal Weight,AMGN,0.016667
2021-08-02,Combined Equal Weight,AMT,0.016667
2021-08-02,Combined Equal Weight,BA,0.016667
2021-08-02,Combined Equal Weight,CAT,0.016667
2021-08-02,Combined Equal Weight,CCI,0.016667
2021-08-02,Combined Equal Weight,CMCSA,0.016667
2021-08-02,Combined Equal Weight,COP,0.016667
2021-08-02,Combined Equal Weight,CVX,0.016667
2021-08-02,Combined Equal Weight,D,0.016667
2021-08-02,Combined Equal Weight,DD,0.016667
2021-08-02,Combined Equal Weight,DIS,0.016667
2021-08-02,Combined Equal Weight,DOW,0.016667
2021-08-02,Combined Equal Weight,DUK,0.016667
2021-08-02,Combined Equal Weight,EA,0.016667
2021-08-02,Combined Equal Weight,GE,0.016667
2021-08-02,Combined Equal Weight,GILD,0.016667
2021-08-02,Combined Equal Weight,GS,0.016667
2021-08-02,Combined Equal Weight,INTC,0.016667
2021-08-02,Combined Equal Weight,KO,0.016667
2021-08-02,Combined Equal Weight,MMM,0.016667
2021-08-02,Combined Equal Weight,MRK,0.016667
2021-08-02,Combined Equal Weight,MS,0.016667
2021-08-02,Combined Equal Weight,NEE,0.016667
2021-08-02,Combined Equal Weight,NEM,0.016667
2021-08-02,Combined Equal Weight,NKE,0.016667
2021-08-02,Combined Equal Weight,NUE,0.016667
2021-08-02,Combined Equal Weight,NVDA,0.016667
2021-08-02,Combined Equal Weight,O,0.016667
2021-08-02,Combined Equal Weight,OXY,0.016667
2021-08-02,Combined Equal Weight,PLD,0.016667
2021-08-02,Combined Equal Weight,PSA,0.016667
2021-08-02,Combined Equal Weight,QCOM,0.016667
2021-08-02,Combined Equal Weight,SBUX,0.016667
2021-08-02,Combined Equal Weight,SHW,0.016667
2021-08-02,Combined Equal Weight,SLB,0.016667
2021-08-02,Combined Equal Weight,SO,0.016667
2021-08-02,Combined Equal Weight,T,0.016667
2021-08-02,Combined Equal Weight,TMUS,0.016667
2021-08-02,Combined Equal Weight,TTWO,0.016667
2021-08-02,Combined Equal Weight,UPS,0.016667
2021-08-02,Combined Equal Weight,USB,0.016667
2021-08-02,Combined Equal Weight,V,0.016667
2021-08-02,Combined Equal Weight,WFC,0.016667
2021-08-02,Combined Equal Weight,WMT,0.016667
2021-08-02,Combined Equal Weight,XOM,0.016667
2021-08-02,Combined Equal Weight,ADA-USD,0.016667
2021-08-02,Combined Equal Weight,BCH-USD,0.016667
2021-08-02,Combined Equal Weight,BTC-USD,0.016667
2021-08-02,Combined Equal Weight,EOS-USD,0.016667
2021-08-02,Combined Equal Weight,ETC-USD,0.016667
2021-08-02,Combined Equal Weight,ETH-USD,0.016667
2021-08-02,Combined Equal Weight,LTC-USD,0.016667
2021-08-02,Combined Equal Weight,TRX-USD,0.016667
2021-08-02,Combined Equal Weight,XLM-USD,0.016667
2021-08-02,Combined Equal Weight,XRP-USD,0.016667
2021-09-01,Combined Equal Weight,ABBV,0.016667
2021-09-01,Combined Equal Weight,ABT,0.016667
2021-09-01,Combined Equal Weight,ADBE,0.016667
2021-09-01,Combined Equal Weight,AEP,0.016667
2021-09-01,Combined Equal Weight,AMD,0.016667
2021-09-01,Combined Equal Weight,AMGN,0.016667
2021-09-01,Combined Equal Weight,AMT,0.016667
2021-09-01,Combined Equal Weight,BA,0.016667
2021-09-01,Combined Equal Weight,CAT,0.016667
2021-09-01,Combined Equal Weight,CCI,0.016667
2021-09-01,Combined Equal Weight,CMCSA,0.016667
2021-09-01,Combined Equal Weight,COP,0.016667
2021-09-01,Combined Equal Weight,CVX,0.016667
2021-09-01,Combined Equal Weight,D,0.016667
2021-09-01,Combined Equal Weight,DD,0.016667
2021-09-01,Combined Equal Weight,DIS,0.016667
2021-09-01,Combined Equal Weight,DOW,0.016667
2021-09-01,Combined Equal Weight,DUK,0.016667
2021-09-01,Combined Equal Weight,EA,0.016667
2021-09-01,Combined Equal Weight,GE,0.016667
2021-09-01,Combined Equal Weight,GILD,0.016667
2021-09-01,Combined Equal Weight,GS,0.016667
2021-09-01,Combined Equal Weight,INTC,0.016667
2021-09-01,Combined Equal Weight,KO,0.016667
2021-09-01,Combined Equal Weight,MMM,0.016667
2021-09-01,Combined Equal Weight,MRK,0.016667
2021-09-01,Combined Equal Weight,MS,0.016667
2021-09-01,Combined Equal Weight,NEE,0.016667
2021-09-01,Combined Equal Weight,NEM,0.016667
2021-09-01,Combined Equal Weight,NKE,0.016667
2021-09-01,Combined Equal Weight,NUE,0.016667
2021-09-01,Combined Equal Weight,NVDA,0.016667
2021-09-01,Combined Equal Weight,O,0.016667
2021-09-01,Combined Equal Weight,OXY,0.016667
2021-09-01,Combined Equal Weight,PLD,0.016667
2021-09-01,Combined Equal Weight,PSA,0.016667
2021-09-01,Combined Equal Weight,QCOM,0.016667
2021-09-01,Combined Equal Weight,SBUX,0.016667
2021-09-01,Combined Equal Weight,SHW,0.016667
2021-09-01,Combined Equal Weight,SLB,0.016667
2021-09-01,Combined Equal Weight,SO,0.016667
2021-09-01,Combined Equal Weight,T,0.016667
2021-09-01,Combined Equal Weight,TMUS,0.016667
2021-09-01,Combined Equal Weight,TTWO,0.016667
2021-09-01,Combined Equal Weight,UPS,0.016667
2021-09-01,Combined Equal Weight,USB,0.016667
2021-09-01,Combined Equal Weight,V,0.016667
2021-09-01,Combined Equal Weight,WFC,0.016667
2021-09-01,Combined Equal Weight,WMT,0.016667
2021-09-01,Combined Equal Weight,XOM,0.016667
2021-09-01,Combined Equal Weight,ADA-USD,0.016667
2021-09-01,Combined Equal Weight,BCH-USD,0.016667
2021-09-01,Combined Equal Weight,BTC-USD,0.016667
2021-09-01,Combined Equal Weight,EOS-USD,0.016667
2021-09-01,Combined Equal Weight,ETC-USD,0.016667
2021-09-01,Combined Equal Weight,ETH-USD,0.016667
2021-09-01,Combined Equal Weight,LTC-USD,0.016667
2021-09-01,Combined Equal Weight,TRX-USD,0.016667
2021-09-01,Combined Equal Weight,XLM-USD,0.016667
2021-09-01,Combined Equal Weight,XRP-USD,0.016667
2021-10-01,Combined Equal Weight,ABBV,0.016667
2021-10-01,Combined Equal Weight,ABT,0.016667
2021-10-01,Combined Equal Weight,ADBE,0.016667
2021-10-01,Combined Equal Weight,AEP,0.016667
2021-10-01,Combined Equal Weight,AMD,0.016667
2021-10-01,Combined Equal Weight,AMGN,0.016667
2021-10-01,Combined Equal Weight,AMT,0.016667
2021-10-01,Combined Equal Weight,BA,0.016667
2021-10-01,Combined Equal Weight,CAT,0.016667
2021-10-01,Combined Equal Weight,CCI,0.016667
2021-10-01,Combined Equal Weight,CMCSA,0.016667
2021-10-01,Combined Equal Weight,COP,0.016667
2021-10-01,Combined Equal Weight,CVX,0.016667
2021-10-01,Combined Equal Weight,D,0.016667
2021-10-01,Combined Equal Weight,DD,0.016667
2021-10-01,Combined Equal Weight,DIS,0.016667
2021-10-01,Combined Equal Weight,DOW,0.016667
2021-10-01,Combined Equal Weight,DUK,0.016667
2021-10-01,Combined Equal Weight,EA,0.016667
2021-10-01,Combined Equal Weight,GE,0.016667
2021-10-01,Combined Equal Weight,GILD,0.016667
2021-10-01,Combined Equal Weight,GS,0.016667
2021-10-01,Combined Equal Weight,INTC,0.016667
2021-10-01,Combined Equal Weight,KO,0.016667
2021-10-01,Combined Equal Weight,MMM,0.016667
2021-10-01,Combined Equal Weight,MRK,0.016667
2021-10-01,Combined Equal Weight,MS,0.016667
2021-10-01,Combined Equal Weight,NEE,0.016667
2021-10-01,Combined Equal Weight,NEM,0.016667
2021-10-01,Combined Equal Weight,NKE,0.016667
2021-10-01,Combined Equal Weight,NUE,0.016667
2021-10-01,Combined Equal Weight,NVDA,0.016667
2021-10-01,Combined Equal Weight,O,0.016667
2021-10-01,Combined Equal Weight,OXY,0.016667
2021-10-01,Combined Equal Weight,PLD,0.016667
2021-10-01,Combined Equal Weight,PSA,0.016667
2021-10-01,Combined Equal Weight,QCOM,0.016667
2021-10-01,Combined Equal Weight,SBUX,0.016667
2021-10-01,Combined Equal Weight,SHW,0.016667
2021-10-01,Combined Equal Weight,SLB,0.016667
2021-10-01,Combined Equal Weight,SO,0.016667
2021-10-01,Combined Equal Weight,T,0.016667
2021-10-01,Combined Equal Weight,TMUS,0.016667
2021-10-01,Combined Equal Weight,TTWO,0.016667
2021-10-01,Combined Equal Weight,UPS,0.016667
2021-10-01,Combined Equal Weight,USB,0.016667
2021-10-01,Combined Equal Weight,V,0.016667
2021-10-01,Combined Equal Weight,WFC,0.016667
2021-10-01,Combined Equal Weight,WMT,0.016667
2021-10-01,Combined Equal Weight,XOM,0.016667
2021-10-01,Combined Equal Weight,ADA-USD,0.016667
2021-10-01,Combined Equal Weight,BCH-USD,0.016667
2021-10-01,Combined Equal Weight,BTC-USD,0.016667
2021-10-01,Combined Equal Weight,EOS-USD,0.016667
2021-10-01,Combined Equal Weight,ETC-USD,0.016667
2021-10-01,Combined Equal Weight,ETH-USD,0.016667
2021-10-01,Combined Equal Weight,LTC-USD,0.016667
2021-10-01,Combined Equal Weight,TRX-USD,0.016667
2021-10-01,Combined Equal Weight,XLM-USD,0.016667
2021-10-01,Combined Equal Weight,XRP-USD,0.016667
2021-11-01,Combined Equal Weight,ABBV,0.016667
2021-11-01,Combined Equal Weight,ABT,0.016667
2021-11-01,Combined Equal Weight,ADBE,0.016667
2021-11-01,Combined Equal Weight,AEP,0.016667
2021-11-01,Combined Equal Weight,AMD,0.016667
2021-11-01,Combined Equal Weight,AMGN,0.016667
2021-11-01,Combined Equal Weight,AMT,0.016667
2021-11-01,Combined Equal Weight,BA,0.016667
2021-11-01,Combined Equal Weight,CAT,0.016667
2021-11-01,Combined Equal Weight,CCI,0.016667
2021-11-01,Combined Equal Weight,CMCSA,0.016667
2021-11-01,Combined Equal Weight,COP,0.016667
2021-11-01,Combined Equal Weight,CVX,0.016667
2021-11-01,Combined Equal Weight,D,0.016667
2021-11-01,Combined Equal Weight,DD,0.016667
2021-11-01,Combined Equal Weight,DIS,0.016667
2021-11-01,Combined Equal Weight,DOW,0.016667
2021-11-01,Combined Equal Weight,DUK,0.016667
2021-11-01,Combined Equal Weight,EA,0.016667
2021-11-01,Combined Equal Weight,GE,0.016667
2021-11-01,Combined Equal Weight,GILD,0.016667
2021-11-01,Combined Equal Weight,GS,0.016667
2021-11-01,Combined Equal Weight,INTC,0.016667
2021-11-01,Combined Equal Weight,KO,0.016667
2021-11-01,Combined Equal Weight,MMM,0.016667
2021-11-01,Combined Equal Weight,MRK,0.016667
2021-11-01,Combined Equal Weight,MS,0.016667
2021-11-01,Combined Equal Weight,NEE,0.016667
2021-11-01,Combined Equal Weight,NEM,0.016667
2021-11-01,Combined Equal Weight,NKE,0.016667
2021-11-01,Combined Equal Weight,NUE,0.016667
2021-11-01,Combined Equal Weight,NVDA,0.016667
2021-11-01,Combined Equal Weight,O,0.016667
2021-11-01,Combined Equal Weight,OXY,0.016667
2021-11-01,Combined Equal Weight,PLD,0.016667
2021-11-01,Combined Equal Weight,PSA,0.016667
2021-11-01,Combined Equal Weight,QCOM,0.016667
2021-11-01,Combined Equal Weight,SBUX,0.016667
2021-11-01,Combined Equal Weight,SHW,0.016667
2021-11-01,Combined Equal Weight,SLB,0.016667
2021-11-01,Combined Equal Weight,SO,0.016667
2021-11-01,Combined Equal Weight,T,0.016667
2021-11-01,Combined Equal Weight,TMUS,0.016667
2021-11-01,Combined Equal Weight,TTWO,0.016667
2021-11-01,Combined Equal Weight,UPS,0.016667
2021-11-01,Combined Equal Weight,USB,0.016667
2021-11-01,Combined Equal Weight,V,0.016667
2021-11-01,Combined Equal Weight,WFC,0.016667
2021-11-01,Combined Equal Weight,WMT,0.016667
2021-11-01,Combined Equal Weight,XOM,0.016667
2021-11-01,Combined Equal Weight,ADA-USD,0.016667
2021-11-01,Combined Equal Weight,BCH-USD,0.016667
2021-11-01,Combined Equal Weight,BTC-USD,0.016667
2021-11-01,Combined Equal Weight,EOS-USD,0.016667
2021-11-01,Combined Equal Weight,ETC-USD,0.016667
2021-11-01,Combined Equal Weight,ETH-USD,0.016667
2021-11-01,Combined Equal Weight,LTC-USD,0.016667
2021-11-01,Combined Equal Weight,TRX-USD,0.016667
2021-11-01,Combined Equal Weight,XLM-USD,0.016667
2021-11-01,Combined Equal Weight,XRP-USD,0.016667
2021-12-01,Combined Equal Weight,ABBV,0.016667
2021-12-01,Combined Equal Weight,ABT,0.016667
2021-12-01,Combined Equal Weight,ADBE,0.016667
2021-12-01,Combined Equal Weight,AEP,0.016667
2021-12-01,Combined Equal Weight,AMD,0.016667
2021-12-01,Combined Equal Weight,AMGN,0.016667
2021-12-01,Combined Equal Weight,AMT,0.016667
2021-12-01,Combined Equal Weight,BA,0.016667
2021-12-01,Combined Equal Weight,CAT,0.016667
2021-12-01,Combined Equal Weight,CCI,0.016667
2021-12-01,Combined Equal Weight,CMCSA,0.016667
2021-12-01,Combined Equal Weight,COP,0.016667
2021-12-01,Combined Equal Weight,CVX,0.016667
2021-12-01,Combined Equal Weight,D,0.016667
2021-12-01,Combined Equal Weight,DD,0.016667
2021-12-01,Combined Equal Weight,DIS,0.016667
2021-12-01,Combined Equal Weight,DOW,0.016667
2021-12-01,Combined Equal Weight,DUK,0.016667
2021-12-01,Combined Equal Weight,EA,0.016667
2021-12-01,Combined Equal Weight,GE,0.016667
2021-12-01,Combined Equal Weight,GILD,0.016667
2021-12-01,Combined Equal Weight,GS,0.016667
2021-12-01,Combined Equal Weight,INTC,0.016667
2021-12-01,Combined Equal Weight,KO,0.016667
2021-12-01,Combined Equal Weight,MMM,0.016667
2021-12-01,Combined Equal Weight,MRK,0.016667
2021-12-01,Combined Equal Weight,MS,0.016667
2021-12-01,Combined Equal Weight,NEE,0.016667
2021-12-01,Combined Equal Weight,NEM,0.016667
2021-12-01,Combined Equal Weight,NKE,0.016667
2021-12-01,Combined Equal Weight,NUE,0.016667
2021-12-01,Combined Equal Weight,NVDA,0.016667
2021-12-01,Combined Equal Weight,O,0.016667
2021-12-01,Combined Equal Weight,OXY,0.016667
2021-12-01,Combined Equal Weight,PLD,0.016667
2021-12-01,Combined Equal Weight,PSA,0.016667
2021-12-01,Combined Equal Weight,QCOM,0.016667
2021-12-01,Combined Equal Weight,SBUX,0.016667
2021-12-01,Combined Equal Weight,SHW,0.016667
2021-12-01,Combined Equal Weight,SLB,0.016667
2021-12-01,Combined Equal Weight,SO,0.016667
2021-12-01,Combined Equal Weight,T,0.016667
2021-12-01,Combined Equal Weight,TMUS,0.016667
2021-12-01,Combined Equal Weight,TTWO,0.016667
2021-12-01,Combined Equal Weight,UPS,0.016667
2021-12-01,Combined Equal Weight,USB,0.016667
2021-12-01,Combined Equal Weight,V,0.016667
2021-12-01,Combined Equal Weight,WFC,0.016667
2021-12-01,Combined Equal Weight,WMT,0.016667
2021-12-01,Combined Equal Weight,XOM,0.016667
2021-12-01,Combined Equal Weight,ADA-USD,0.016667
2021-12-01,Combined Equal Weight,BCH-USD,0.016667
2021-12-01,Combined Equal Weight,BTC-USD,0.016667
2021-12-01,Combined Equal Weight,EOS-USD,0.016667
2021-12-01,Combined Equal Weight,ETC-USD,0.016667
2021-12-01,Combined Equal Weight,ETH-USD,0.016667
2021-12-01,Combined Equal Weight,LTC-USD,0.016667
2021-12-01,Combined Equal Weight,TRX-USD,0.016667
2021-12-01,Combined Equal Weight,XLM-USD,0.016667
2021-12-01,Combined Equal Weight,XRP-USD,0.016667
2022-01-03,Combined Equal Weight,ABBV,0.016667
2022-01-03,Combined Equal Weight,ABT,0.016667
2022-01-03,Combined Equal Weight,ADBE,0.016667
2022-01-03,Combined Equal Weight,AEP,0.016667
2022-01-03,Combined Equal Weight,AMD,0.016667
2022-01-03,Combined Equal Weight,AMGN,0.016667
2022-01-03,Combined Equal Weight,AMT,0.016667
2022-01-03,Combined Equal Weight,BA,0.016667
2022-01-03,Combined Equal Weight,CAT,0.016667
2022-01-03,Combined Equal Weight,CCI,0.016667
2022-01-03,Combined Equal Weight,CMCSA,0.016667
2022-01-03,Combined Equal Weight,COP,0.016667
2022-01-03,Combined Equal Weight,CVX,0.016667
2022-01-03,Combined Equal Weight,D,0.016667
2022-01-03,Combined Equal Weight,DD,0.016667
2022-01-03,Combined Equal Weight,DIS,0.016667
2022-01-03,Combined Equal Weight,DOW,0.016667
2022-01-03,Combined Equal Weight,DUK,0.016667
2022-01-03,Combined Equal Weight,EA,0.016667
2022-01-03,Combined Equal Weight,GE,0.016667
2022-01-03,Combined Equal Weight,GILD,0.016667
2022-01-03,Combined Equal Weight,GS,0.016667
2022-01-03,Combined Equal Weight,INTC,0.016667
2022-01-03,Combined Equal Weight,KO,0.016667
2022-01-03,Combined Equal Weight,MMM,0.016667
2022-01-03,Combined Equal Weight,MRK,0.016667
2022-01-03,Combined Equal Weight,MS,0.016667
2022-01-03,Combined Equal Weight,NEE,0.016667
2022-01-03,Combined Equal Weight,NEM,0.016667
2022-01-03,Combined Equal Weight,NKE,0.016667
2022-01-03,Combined Equal Weight,NUE,0.016667
2022-01-03,Combined Equal Weight,NVDA,0.016667
2022-01-03,Combined Equal Weight,O,0.016667
2022-01-03,Combined Equal Weight,OXY,0.016667
2022-01-03,Combined Equal Weight,PLD,0.016667
2022-01-03,Combined Equal Weight,PSA,0.016667
2022-01-03,Combined Equal Weight,QCOM,0.016667
2022-01-03,Combined Equal Weight,SBUX,0.016667
2022-01-03,Combined Equal Weight,SHW,0.016667
2022-01-03,Combined Equal Weight,SLB,0.016667
2022-01-03,Combined Equal Weight,SO,0.016667
2022-01-03,Combined Equal Weight,T,0.016667
2022-01-03,Combined Equal Weight,TMUS,0.016667
2022-01-03,Combined Equal Weight,TTWO,0.016667
2022-01-03,Combined Equal Weight,UPS,0.016667
2022-01-03,Combined Equal Weight,USB,0.016667
2022-01-03,Combined Equal Weight,V,0.016667
2022-01-03,Combined Equal Weight,WFC,0.016667
2022-01-03,Combined Equal Weight,WMT,0.016667
2022-01-03,Combined Equal Weight,XOM,0.016667
2022-01-03,Combined Equal Weight,ADA-USD,0.016667
2022-01-03,Combined Equal Weight,BCH-USD,0.016667
2022-01-03,Combined Equal Weight,BTC-USD,0.016667
2022-01-03,Combined Equal Weight,EOS-USD,0.016667
2022-01-03,Combined Equal Weight,ETC-USD,0.016667
2022-01-03,Combined Equal Weight,ETH-USD,0.016667
2022-01-03,Combined Equal Weight,LTC-USD,0.016667
2022-01-03,Combined Equal Weight,TRX-USD,0.016667
2022-01-03,Combined Equal Weight,XLM-USD,0.016667
2022-01-03,Combined Equal Weight,XRP-USD,0.016667
2022-02-01,Combined Equal Weight,ABBV,0.016667
2022-02-01,Combined Equal Weight,ABT,0.016667
2022-02-01,Combined Equal Weight,ADBE,0.016667
2022-02-01,Combined Equal Weight,AEP,0.016667
2022-02-01,Combined Equal Weight,AMD,0.016667
2022-02-01,Combined Equal Weight,AMGN,0.016667
2022-02-01,Combined Equal Weight,AMT,0.016667
2022-02-01,Combined Equal Weight,BA,0.016667
2022-02-01,Combined Equal Weight,CAT,0.016667
2022-02-01,Combined Equal Weight,CCI,0.016667
2022-02-01,Combined Equal Weight,CMCSA,0.016667
2022-02-01,Combined Equal Weight,COP,0.016667
2022-02-01,Combined Equal Weight,CVX,0.016667
2022-02-01,Combined Equal Weight,D,0.016667
2022-02-01,Combined Equal Weight,DD,0.016667
2022-02-01,Combined Equal Weight,DIS,0.016667
2022-02-01,Combined Equal Weight,DOW,0.016667
2022-02-01,Combined Equal Weight,DUK,0.016667
2022-02-01,Combined Equal Weight,EA,0.016667
2022-02-01,Combined Equal Weight,GE,0.016667
2022-02-01,Combined Equal Weight,GILD,0.016667
2022-02-01,Combined Equal Weight,GS,0.016667
2022-02-01,Combined Equal Weight,INTC,0.016667
2022-02-01,Combined Equal Weight,KO,0.016667
2022-02-01,Combined Equal Weight,MMM,0.016667
2022-02-01,Combined Equal Weight,MRK,0.016667
2022-02-01,Combined Equal Weight,MS,0.016667
2022-02-01,Combined Equal Weight,NEE,0.016667
2022-02-01,Combined Equal Weight,NEM,0.016667
2022-02-01,Combined Equal Weight,NKE,0.016667
2022-02-01,Combined Equal Weight,NUE,0.016667
2022-02-01,Combined Equal Weight,NVDA,0.016667
2022-02-01,Combined Equal Weight,O,0.016667
2022-02-01,Combined Equal Weight,OXY,0.016667
2022-02-01,Combined Equal Weight,PLD,0.016667
2022-02-01,Combined Equal Weight,PSA,0.016667
2022-02-01,Combined Equal Weight,QCOM,0.016667
2022-02-01,Combined Equal Weight,SBUX,0.016667
2022-02-01,Combined Equal Weight,SHW,0.016667
2022-02-01,Combined Equal Weight,SLB,0.016667
2022-02-01,Combined Equal Weight,SO,0.016667
2022-02-01,Combined Equal Weight,T,0.016667
2022-02-01,Combined Equal Weight,TMUS,0.016667
2022-02-01,Combined Equal Weight,TTWO,0.016667
2022-02-01,Combined Equal Weight,UPS,0.016667
2022-02-01,Combined Equal Weight,USB,0.016667
2022-02-01,Combined Equal Weight,V,0.016667
2022-02-01,Combined Equal Weight,WFC,0.016667
2022-02-01,Combined Equal Weight,WMT,0.016667
2022-02-01,Combined Equal Weight,XOM,0.016667
2022-02-01,Combined Equal Weight,ADA-USD,0.016667
2022-02-01,Combined Equal Weight,BCH-USD,0.016667
2022-02-01,Combined Equal Weight,BTC-USD,0.016667
2022-02-01,Combined Equal Weight,EOS-USD,0.016667
2022-02-01,Combined Equal Weight,ETC-USD,0.016667
2022-02-01,Combined Equal Weight,ETH-USD,0.016667
2022-02-01,Combined Equal Weight,LTC-USD,0.016667
2022-02-01,Combined Equal Weight,TRX-USD,0.016667
2022-02-01,Combined Equal Weight,XLM-USD,0.016667
2022-02-01,Combined Equal Weight,XRP-USD,0.016667
2022-03-01,Combined Equal Weight,ABBV,0.016667
2022-03-01,Combined Equal Weight,ABT,0.016667
2022-03-01,Combined Equal Weight,ADBE,0.016667
2022-03-01,Combined Equal Weight,AEP,0.016667
2022-03-01,Combined Equal Weight,AMD,0.016667
2022-03-01,Combined Equal Weight,AMGN,0.016667
2022-03-01,Combined Equal Weight,AMT,0.016667
2022-03-01,Combined Equal Weight,BA,0.016667
2022-03-01,Combined Equal Weight,CAT,0.016667
2022-03-01,Combined Equal Weight,CCI,0.016667
2022-03-01,Combined Equal Weight,CMCSA,0.016667
2022-03-01,Combined Equal Weight,COP,0.016667
2022-03-01,Combined Equal Weight,CVX,0.016667
2022-03-01,Combined Equal Weight,D,0.016667
2022-03-01,Combined Equal Weight,DD,0.016667
2022-03-01,Combined Equal Weight,DIS,0.016667
2022-03-01,Combined Equal Weight,DOW,0.016667
2022-03-01,Combined Equal Weight,DUK,0.016667
2022-03-01,Combined Equal Weight,EA,0.016667
2022-03-01,Combined Equal Weight,GE,0.016667
2022-03-01,Combined Equal Weight,GILD,0.016667
2022-03-01,Combined Equal Weight,GS,0.016667
2022-03-01,Combined Equal Weight,INTC,0.016667
2022-03-01,Combined Equal Weight,KO,0.016667
2022-03-01,Combined Equal Weight,MMM,0.016667
2022-03-01,Combined Equal Weight,MRK,0.016667
2022-03-01,Combined Equal Weight,MS,0.016667
2022-03-01,Combined Equal Weight,NEE,0.016667
2022-03-01,Combined Equal Weight,NEM,0.016667
2022-03-01,Combined Equal Weight,NKE,0.016667
2022-03-01,Combined Equal Weight,NUE,0.016667
2022-03-01,Combined Equal Weight,NVDA,0.016667
2022-03-01,Combined Equal Weight,O,0.016667
2022-03-01,Combined Equal Weight,OXY,0.016667
2022-03-01,Combined Equal Weight,PLD,0.016667
2022-03-01,Combined Equal Weight,PSA,0.016667
2022-03-01,Combined Equal Weight,QCOM,0.016667
2022-03-01,Combined Equal Weight,SBUX,0.016667
2022-03-01,Combined Equal Weight,SHW,0.016667
2022-03-01,Combined Equal Weight,SLB,0.016667
2022-03-01,Combined Equal Weight,SO,0.016667
2022-03-01,Combined Equal Weight,T,0.016667
2022-03-01,Combined Equal Weight,TMUS,0.016667
2022-03-01,Combined Equal Weight,TTWO,0.016667
2022-03-01,Combined Equal Weight,UPS,0.016667
2022-03-01,Combined Equal Weight,USB,0.016667
2022-03-01,Combined Equal Weight,V,0.016667
2022-03-01,Combined Equal Weight,WFC,0.016667
2022-03-01,Combined Equal Weight,WMT,0.016667
2022-03-01,Combined Equal Weight,XOM,0.016667
2022-03-01,Combined Equal Weight,ADA-USD,0.016667
2022-03-01,Combined Equal Weight,BCH-USD,0.016667
2022-03-01,Combined Equal Weight,BTC-USD,0.016667
2022-03-01,Combined Equal Weight,EOS-USD,0.016667
2022-03-01,Combined Equal Weight,ETC-USD,0.016667
2022-03-01,Combined Equal Weight,ETH-USD,0.016667
2022-03-01,Combined Equal Weight,LTC-USD,0.016667
2022-03-01,Combined Equal Weight,TRX-USD,0.016667
2022-03-01,Combined Equal Weight,XLM-USD,0.016667
2022-03-01,Combined Equal Weight,XRP-USD,0.016667
2022-04-01,Combined Equal Weight,ABBV,0.016667
2022-04-01,Combined Equal Weight,ABT,0.016667
2022-04-01,Combined Equal Weight,ADBE,0.016667
2022-04-01,Combined Equal Weight,AEP,0.016667
2022-04-01,Combined Equal Weight,AMD,0.016667
2022-04-01,Combined Equal Weight,AMGN,0.016667
2022-04-01,Combined Equal Weight,AMT,0.016667
2022-04-01,Combined Equal Weight,BA,0.016667
2022-04-01,Combined Equal Weight,CAT,0.016667
2022-04-01,Combined Equal Weight,CCI,0.016667
2022-04-01,Combined Equal Weight,CMCSA,0.016667
2022-04-01,Combined Equal Weight,COP,0.016667
2022-04-01,Combined Equal Weight,CVX,0.016667
2022-04-01,Combined Equal Weight,D,0.016667
2022-04-01,Combined Equal Weight,DD,0.016667
2022-04-01,Combined Equal Weight,DIS,0.016667
2022-04-01,Combined Equal Weight,DOW,0.016667
2022-04-01,Combined Equal Weight,DUK,0.016667
2022-04-01,Combined Equal Weight,EA,0.016667
2022-04-01,Combined Equal Weight,GE,0.016667
2022-04-01,Combined Equal Weight,GILD,0.016667
2022-04-01,Combined Equal Weight,GS,0.016667
2022-04-01,Combined Equal Weight,INTC,0.016667
2022-04-01,Combined Equal Weight,KO,0.016667
2022-04-01,Combined Equal Weight,MMM,0.016667
2022-04-01,Combined Equal Weight,MRK,0.016667
2022-04-01,Combined Equal Weight,MS,0.016667
2022-04-01,Combined Equal Weight,NEE,0.016667
2022-04-01,Combined Equal Weight,NEM,0.016667
2022-04-01,Combined Equal Weight,NKE,0.016667
2022-04-01,Combined Equal Weight,NUE,0.016667
2022-04-01,Combined Equal Weight,NVDA,0.016667
2022-04-01,Combined Equal Weight,O,0.016667
2022-04-01,Combined Equal Weight,OXY,0.016667
2022-04-01,Combined Equal Weight,PLD,0.016667
2022-04-01,Combined Equal Weight,PSA,0.016667
2022-04-01,Combined Equal Weight,QCOM,0.016667
2022-04-01,Combined Equal Weight,SBUX,0.016667
2022-04-01,Combined Equal Weight,SHW,0.016667
2022-04-01,Combined Equal Weight,SLB,0.016667
2022-04-01,Combined Equal Weight,SO,0.016667
2022-04-01,Combined Equal Weight,T,0.016667
2022-04-01,Combined Equal Weight,TMUS,0.016667
2022-04-01,Combined Equal Weight,TTWO,0.016667
2022-04-01,Combined Equal Weight,UPS,0.016667
2022-04-01,Combined Equal Weight,USB,0.016667
2022-04-01,Combined Equal Weight,V,0.016667
2022-04-01,Combined Equal Weight,WFC,0.016667
2022-04-01,Combined Equal Weight,WMT,0.016667
2022-04-01,Combined Equal Weight,XOM,0.016667
2022-04-01,Combined Equal Weight,ADA-USD,0.016667
2022-04-01,Combined Equal Weight,BCH-USD,0.016667
2022-04-01,Combined Equal Weight,BTC-USD,0.016667
2022-04-01,Combined Equal Weight,EOS-USD,0.016667
2022-04-01,Combined Equal Weight,ETC-USD,0.016667
2022-04-01,Combined Equal Weight,ETH-USD,0.016667
2022-04-01,Combined Equal Weight,LTC-USD,0.016667
2022-04-01,Combined Equal Weight,TRX-USD,0.016667
2022-04-01,Combined Equal Weight,XLM-USD,0.016667
2022-04-01,Combined Equal Weight,XRP-USD,0.016667
2022-05-02,Combined Equal Weight,ABBV,0.016667
2022-05-02,Combined Equal Weight,ABT,0.016667
2022-05-02,Combined Equal Weight,ADBE,0.016667
2022-05-02,Combined Equal Weight,AEP,0.016667
2022-05-02,Combined Equal Weight,AMD,0.016667
2022-05-02,Combined Equal Weight,AMGN,0.016667
2022-05-02,Combined Equal Weight,AMT,0.016667
2022-05-02,Combined Equal Weight,BA,0.016667
2022-05-02,Combined Equal Weight,CAT,0.016667
2022-05-02,Combined Equal Weight,CCI,0.016667
2022-05-02,Combined Equal Weight,CMCSA,0.016667
2022-05-02,Combined Equal Weight,COP,0.016667
2022-05-02,Combined Equal Weight,CVX,0.016667
2022-05-02,Combined Equal Weight,D,0.016667
2022-05-02,Combined Equal Weight,DD,0.016667
2022-05-02,Combined Equal Weight,DIS,0.016667
2022-05-02,Combined Equal Weight,DOW,0.016667
2022-05-02,Combined Equal Weight,DUK,0.016667
2022-05-02,Combined Equal Weight,EA,0.016667
2022-05-02,Combined Equal Weight,GE,0.016667
2022-05-02,Combined Equal Weight,GILD,0.016667
2022-05-02,Combined Equal Weight,GS,0.016667
2022-05-02,Combined Equal Weight,INTC,0.016667
2022-05-02,Combined Equal Weight,KO,0.016667
2022-05-02,Combined Equal Weight,MMM,0.016667
2022-05-02,Combined Equal Weight,MRK,0.016667
2022-05-02,Combined Equal Weight,MS,0.016667
2022-05-02,Combined Equal Weight,NEE,0.016667
2022-05-02,Combined Equal Weight,NEM,0.016667
2022-05-02,Combined Equal Weight,NKE,0.016667
2022-05-02,Combined Equal Weight,NUE,0.016667
2022-05-02,Combined Equal Weight,NVDA,0.016667
2022-05-02,Combined Equal Weight,O,0.016667
2022-05-02,Combined Equal Weight,OXY,0.016667
2022-05-02,Combined Equal Weight,PLD,0.016667
2022-05-02,Combined Equal Weight,PSA,0.016667
2022-05-02,Combined Equal Weight,QCOM,0.016667
2022-05-02,Combined Equal Weight,SBUX,0.016667
2022-05-02,Combined Equal Weight,SHW,0.016667
2022-05-02,Combined Equal Weight,SLB,0.016667
2022-05-02,Combined Equal Weight,SO,0.016667
2022-05-02,Combined Equal Weight,T,0.016667
2022-05-02,Combined Equal Weight,TMUS,0.016667
2022-05-02,Combined Equal Weight,TTWO,0.016667
2022-05-02,Combined Equal Weight,UPS,0.016667
2022-05-02,Combined Equal Weight,USB,0.016667
2022-05-02,Combined Equal Weight,V,0.016667
2022-05-02,Combined Equal Weight,WFC,0.016667
2022-05-02,Combined Equal Weight,WMT,0.016667
2022-05-02,Combined Equal Weight,XOM,0.016667
2022-05-02,Combined Equal Weight,ADA-USD,0.016667
2022-05-02,Combined Equal Weight,BCH-USD,0.016667
2022-05-02,Combined Equal Weight,BTC-USD,0.016667
2022-05-02,Combined Equal Weight,EOS-USD,0.016667
2022-05-02,Combined Equal Weight,ETC-USD,0.016667
2022-05-02,Combined Equal Weight,ETH-USD,0.016667
2022-05-02,Combined Equal Weight,LTC-USD,0.016667
2022-05-02,Combined Equal Weight,TRX-USD,0.016667
2022-05-02,Combined Equal Weight,XLM-USD,0.016667
2022-05-02,Combined Equal Weight,XRP-USD,0.016667
2022-06-01,Combined Equal Weight,ABBV,0.016667
2022-06-01,Combined Equal Weight,ABT,0.016667
2022-06-01,Combined Equal Weight,ADBE,0.016667
2022-06-01,Combined Equal Weight,AEP,0.016667
2022-06-01,Combined Equal Weight,AMD,0.016667
2022-06-01,Combined Equal Weight,AMGN,0.016667
2022-06-01,Combined Equal Weight,AMT,0.016667
2022-06-01,Combined Equal Weight,BA,0.016667
2022-06-01,Combined Equal Weight,CAT,0.016667
2022-06-01,Combined Equal Weight,CCI,0.016667
2022-06-01,Combined Equal Weight,CMCSA,0.016667
2022-06-01,Combined Equal Weight,COP,0.016667
2022-06-01,Combined Equal Weight,CVX,0.016667
2022-06-01,Combined Equal Weight,D,0.016667
2022-06-01,Combined Equal Weight,DD,0.016667
2022-06-01,Combined Equal Weight,DIS,0.016667
2022-06-01,Combined Equal Weight,DOW,0.016667
2022-06-01,Combined Equal Weight,DUK,0.016667
2022-06-01,Combined Equal Weight,EA,0.016667
2022-06-01,Combined Equal Weight,GE,0.016667
2022-06-01,Combined Equal Weight,GILD,0.016667
2022-06-01,Combined Equal Weight,GS,0.016667
2022-06-01,Combined Equal Weight,INTC,0.016667
2022-06-01,Combined Equal Weight,KO,0.016667
2022-06-01,Combined Equal Weight,MMM,0.016667
2022-06-01,Combined Equal Weight,MRK,0.016667
2022-06-01,Combined Equal Weight,MS,0.016667
2022-06-01,Combined Equal Weight,NEE,0.016667
2022-06-01,Combined Equal Weight,NEM,0.016667
2022-06-01,Combined Equal Weight,NKE,0.016667
2022-06-01,Combined Equal Weight,NUE,0.016667
2022-06-01,Combined Equal Weight,NVDA,0.016667
2022-06-01,Combined Equal Weight,O,0.016667
2022-06-01,Combined Equal Weight,OXY,0.016667
2022-06-01,Combined Equal Weight,PLD,0.016667
2022-06-01,Combined Equal Weight,PSA,0.016667
2022-06-01,Combined Equal Weight,QCOM,0.016667
2022-06-01,Combined Equal Weight,SBUX,0.016667
2022-06-01,Combined Equal Weight,SHW,0.016667
2022-06-01,Combined Equal Weight,SLB,0.016667
2022-06-01,Combined Equal Weight,SO,0.016667
2022-06-01,Combined Equal Weight,T,0.016667
2022-06-01,Combined Equal Weight,TMUS,0.016667
2022-06-01,Combined Equal Weight,TTWO,0.016667
2022-06-01,Combined Equal Weight,UPS,0.016667
2022-06-01,Combined Equal Weight,USB,0.016667
2022-06-01,Combined Equal Weight,V,0.016667
2022-06-01,Combined Equal Weight,WFC,0.016667
2022-06-01,Combined Equal Weight,WMT,0.016667
2022-06-01,Combined Equal Weight,XOM,0.016667
2022-06-01,Combined Equal Weight,ADA-USD,0.016667
2022-06-01,Combined Equal Weight,BCH-USD,0.016667
2022-06-01,Combined Equal Weight,BTC-USD,0.016667
2022-06-01,Combined Equal Weight,EOS-USD,0.016667
2022-06-01,Combined Equal Weight,ETC-USD,0.016667
2022-06-01,Combined Equal Weight,ETH-USD,0.016667
2022-06-01,Combined Equal Weight,LTC-USD,0.016667
2022-06-01,Combined Equal Weight,TRX-USD,0.016667
2022-06-01,Combined Equal Weight,XLM-USD,0.016667
2022-06-01,Combined Equal Weight,XRP-USD,0.016667
2022-07-01,Combined Equal Weight,ABBV,0.016667
2022-07-01,Combined Equal Weight,ABT,0.016667
2022-07-01,Combined Equal Weight,ADBE,0.016667
2022-07-01,Combined Equal Weight,AEP,0.016667
2022-07-01,Combined Equal Weight,AMD,0.016667
2022-07-01,Combined Equal Weight,AMGN,0.016667
2022-07-01,Combined Equal Weight,AMT,0.016667
2022-07-01,Combined Equal Weight,BA,0.016667
2022-07-01,Combined Equal Weight,CAT,0.016667
2022-07-01,Combined Equal Weight,CCI,0.016667
2022-07-01,Combined Equal Weight,CMCSA,0.016667
2022-07-01,Combined Equal Weight,COP,0.016667
2022-07-01,Combined Equal Weight,CVX,0.016667
2022-07-01,Combined Equal Weight,D,0.016667
2022-07-01,Combined Equal Weight,DD,0.016667
2022-07-01,Combined Equal Weight,DIS,0.016667
2022-07-01,Combined Equal Weight,DOW,0.016667
2022-07-01,Combined Equal Weight,DUK,0.016667
2022-07-01,Combined Equal Weight,EA,0.016667
2022-07-01,Combined Equal Weight,GE,0.016667
2022-07-01,Combined Equal Weight,GILD,0.016667
2022-07-01,Combined Equal Weight,GS,0.016667
2022-07-01,Combined Equal Weight,INTC,0.016667
2022-07-01,Combined Equal Weight,KO,0.016667
2022-07-01,Combined Equal Weight,MMM,0.016667
2022-07-01,Combined Equal Weight,MRK,0.016667
2022-07-01,Combined Equal Weight,MS,0.016667
2022-07-01,Combined Equal Weight,NEE,0.016667
2022-07-01,Combined Equal Weight,NEM,0.016667
2022-07-01,Combined Equal Weight,NKE,0.016667
2022-07-01,Combined Equal Weight,NUE,0.016667
2022-07-01,Combined Equal Weight,NVDA,0.016667
2022-07-01,Combined Equal Weight,O,0.016667
2022-07-01,Combined Equal Weight,OXY,0.016667
2022-07-01,Combined Equal Weight,PLD,0.016667
2022-07-01,Combined Equal Weight,PSA,0.016667
2022-07-01,Combined Equal Weight,QCOM,0.016667
2022-07-01,Combined Equal Weight,SBUX,0.016667
2022-07-01,Combined Equal Weight,SHW,0.016667
2022-07-01,Combined Equal Weight,SLB,0.016667
2022-07-01,Combined Equal Weight,SO,0.016667
2022-07-01,Combined Equal Weight,T,0.016667
2022-07-01,Combined Equal Weight,TMUS,0.016667
2022-07-01,Combined Equal Weight,TTWO,0.016667
2022-07-01,Combined Equal Weight,UPS,0.016667
2022-07-01,Combined Equal Weight,USB,0.016667
2022-07-01,Combined Equal Weight,V,0.016667
2022-07-01,Combined Equal Weight,WFC,0.016667
2022-07-01,Combined Equal Weight,WMT,0.016667
2022-07-01,Combined Equal Weight,XOM,0.016667
2022-07-01,Combined Equal Weight,ADA-USD,0.016667
2022-07-01,Combined Equal Weight,BCH-USD,0.016667
2022-07-01,Combined Equal Weight,BTC-USD,0.016667
2022-07-01,Combined Equal Weight,EOS-USD,0.016667
2022-07-01,Combined Equal Weight,ETC-USD,0.016667
2022-07-01,Combined Equal Weight,ETH-USD,0.016667
2022-07-01,Combined Equal Weight,LTC-USD,0.016667
2022-07-01,Combined Equal Weight,TRX-USD,0.016667
2022-07-01,Combined Equal Weight,XLM-USD,0.016667
2022-07-01,Combined Equal Weight,XRP-USD,0.016667
2022-08-01,Combined Equal Weight,ABBV,0.016667
2022-08-01,Combined Equal Weight,ABT,0.016667
2022-08-01,Combined Equal Weight,ADBE,0.016667
2022-08-01,Combined Equal Weight,AEP,0.016667
2022-08-01,Combined Equal Weight,AMD,0.016667
2022-08-01,Combined Equal Weight,AMGN,0.016667
2022-08-01,Combined Equal Weight,AMT,0.016667
2022-08-01,Combined Equal Weight,BA,0.016667
2022-08-01,Combined Equal Weight,CAT,0.016667
2022-08-01,Combined Equal Weight,CCI,0.016667
2022-08-01,Combined Equal Weight,CMCSA,0.016667
2022-08-01,Combined Equal Weight,COP,0.016667
2022-08-01,Combined Equal Weight,CVX,0.016667
2022-08-01,Combined Equal Weight,D,0.016667
2022-08-01,Combined Equal Weight,DD,0.016667
2022-08-01,Combined Equal Weight,DIS,0.016667
2022-08-01,Combined Equal Weight,DOW,0.016667
2022-08-01,Combined Equal Weight,DUK,0.016667
2022-08-01,Combined Equal Weight,EA,0.016667
2022-08-01,Combined Equal Weight,GE,0.016667
2022-08-01,Combined Equal Weight,GILD,0.016667
2022-08-01,Combined Equal Weight,GS,0.016667
2022-08-01,Combined Equal Weight,INTC,0.016667
2022-08-01,Combined Equal Weight,KO,0.016667
2022-08-01,Combined Equal Weight,MMM,0.016667
2022-08-01,Combined Equal Weight,MRK,0.016667
2022-08-01,Combined Equal Weight,MS,0.016667
2022-08-01,Combined Equal Weight,NEE,0.016667
2022-08-01,Combined Equal Weight,NEM,0.016667
2022-08-01,Combined Equal Weight,NKE,0.016667
2022-08-01,Combined Equal Weight,NUE,0.016667
2022-08-01,Combined Equal Weight,NVDA,0.016667
2022-08-01,Combined Equal Weight,O,0.016667
2022-08-01,Combined Equal Weight,OXY,0.016667
2022-08-01,Combined Equal Weight,PLD,0.016667
2022-08-01,Combined Equal Weight,PSA,0.016667
2022-08-01,Combined Equal Weight,QCOM,0.016667
2022-08-01,Combined Equal Weight,SBUX,0.016667
2022-08-01,Combined Equal Weight,SHW,0.016667
2022-08-01,Combined Equal Weight,SLB,0.016667
2022-08-01,Combined Equal Weight,SO,0.016667
2022-08-01,Combined Equal Weight,T,0.016667
2022-08-01,Combined Equal Weight,TMUS,0.016667
2022-08-01,Combined Equal Weight,TTWO,0.016667
2022-08-01,Combined Equal Weight,UPS,0.016667
2022-08-01,Combined Equal Weight,USB,0.016667
2022-08-01,Combined Equal Weight,V,0.016667
2022-08-01,Combined Equal Weight,WFC,0.016667
2022-08-01,Combined Equal Weight,WMT,0.016667
2022-08-01,Combined Equal Weight,XOM,0.016667
2022-08-01,Combined Equal Weight,ADA-USD,0.016667
2022-08-01,Combined Equal Weight,BCH-USD,0.016667
2022-08-01,Combined Equal Weight,BTC-USD,0.016667
2022-08-01,Combined Equal Weight,EOS-USD,0.016667
2022-08-01,Combined Equal Weight,ETC-USD,0.016667
2022-08-01,Combined Equal Weight,ETH-USD,0.016667
2022-08-01,Combined Equal Weight,LTC-USD,0.016667
2022-08-01,Combined Equal Weight,TRX-USD,0.016667
2022-08-01,Combined Equal Weight,XLM-USD,0.016667
2022-08-01,Combined Equal Weight,XRP-USD,0.016667
2022-09-01,Combined Equal Weight,ABBV,0.016667
2022-09-01,Combined Equal Weight,ABT,0.016667
2022-09-01,Combined Equal Weight,ADBE,0.016667
2022-09-01,Combined Equal Weight,AEP,0.016667
2022-09-01,Combined Equal Weight,AMD,0.016667
2022-09-01,Combined Equal Weight,AMGN,0.016667
2022-09-01,Combined Equal Weight,AMT,0.016667
2022-09-01,Combined Equal Weight,BA,0.016667
2022-09-01,Combined Equal Weight,CAT,0.016667
2022-09-01,Combined Equal Weight,CCI,0.016667
2022-09-01,Combined Equal Weight,CMCSA,0.016667
2022-09-01,Combined Equal Weight,COP,0.016667
2022-09-01,Combined Equal Weight,CVX,0.016667
2022-09-01,Combined Equal Weight,D,0.016667
2022-09-01,Combined Equal Weight,DD,0.016667
2022-09-01,Combined Equal Weight,DIS,0.016667
2022-09-01,Combined Equal Weight,DOW,0.016667
2022-09-01,Combined Equal Weight,DUK,0.016667
2022-09-01,Combined Equal Weight,EA,0.016667
2022-09-01,Combined Equal Weight,GE,0.016667
2022-09-01,Combined Equal Weight,GILD,0.016667
2022-09-01,Combined Equal Weight,GS,0.016667
2022-09-01,Combined Equal Weight,INTC,0.016667
2022-09-01,Combined Equal Weight,KO,0.016667
2022-09-01,Combined Equal Weight,MMM,0.016667
2022-09-01,Combined Equal Weight,MRK,0.016667
2022-09-01,Combined Equal Weight,MS,0.016667
2022-09-01,Combined Equal Weight,NEE,0.016667
2022-09-01,Combined Equal Weight,NEM,0.016667
2022-09-01,Combined Equal Weight,NKE,0.016667
2022-09-01,Combined Equal Weight,NUE,0.016667
2022-09-01,Combined Equal Weight,NVDA,0.016667
2022-09-01,Combined Equal Weight,O,0.016667
2022-09-01,Combined Equal Weight,OXY,0.016667
2022-09-01,Combined Equal Weight,PLD,0.016667
2022-09-01,Combined Equal Weight,PSA,0.016667
2022-09-01,Combined Equal Weight,QCOM,0.016667
2022-09-01,Combined Equal Weight,SBUX,0.016667
2022-09-01,Combined Equal Weight,SHW,0.016667
2022-09-01,Combined Equal Weight,SLB,0.016667
2022-09-01,Combined Equal Weight,SO,0.016667
2022-09-01,Combined Equal Weight,T,0.016667
2022-09-01,Combined Equal Weight,TMUS,0.016667
2022-09-01,Combined Equal Weight,TTWO,0.016667
2022-09-01,Combined Equal Weight,UPS,0.016667
2022-09-01,Combined Equal Weight,USB,0.016667
2022-09-01,Combined Equal Weight,V,0.016667
2022-09-01,Combined Equal Weight,WFC,0.016667
2022-09-01,Combined Equal Weight,WMT,0.016667
2022-09-01,Combined Equal Weight,XOM,0.016667
2022-09-01,Combined Equal Weight,ADA-USD,0.016667
2022-09-01,Combined Equal Weight,BCH-USD,0.016667
2022-09-01,Combined Equal Weight,BTC-USD,0.016667
2022-09-01,Combined Equal Weight,EOS-USD,0.016667
2022-09-01,Combined Equal Weight,ETC-USD,0.016667
2022-09-01,Combined Equal Weight,ETH-USD,0.016667
2022-09-01,Combined Equal Weight,LTC-USD,0.016667
2022-09-01,Combined Equal Weight,TRX-USD,0.016667
2022-09-01,Combined Equal Weight,XLM-USD,0.016667
2022-09-01,Combined Equal Weight,XRP-USD,0.016667
2022-10-03,Combined Equal Weight,ABBV,0.016667
2022-10-03,Combined Equal Weight,ABT,0.016667
2022-10-03,Combined Equal Weight,ADBE,0.016667
2022-10-03,Combined Equal Weight,AEP,0.016667
2022-10-03,Combined Equal Weight,AMD,0.016667
2022-10-03,Combined Equal Weight,AMGN,0.016667
2022-10-03,Combined Equal Weight,AMT,0.016667
2022-10-03,Combined Equal Weight,BA,0.016667
2022-10-03,Combined Equal Weight,CAT,0.016667
2022-10-03,Combined Equal Weight,CCI,0.016667
2022-10-03,Combined Equal Weight,CMCSA,0.016667
2022-10-03,Combined Equal Weight,COP,0.016667
2022-10-03,Combined Equal Weight,CVX,0.016667
2022-10-03,Combined Equal Weight,D,0.016667
2022-10-03,Combined Equal Weight,DD,0.016667
2022-10-03,Combined Equal Weight,DIS,0.016667
2022-10-03,Combined Equal Weight,DOW,0.016667
2022-10-03,Combined Equal Weight,DUK,0.016667
2022-10-03,Combined Equal Weight,EA,0.016667
2022-10-03,Combined Equal Weight,GE,0.016667
2022-10-03,Combined Equal Weight,GILD,0.016667
2022-10-03,Combined Equal Weight,GS,0.016667
2022-10-03,Combined Equal Weight,INTC,0.016667
2022-10-03,Combined Equal Weight,KO,0.016667
2022-10-03,Combined Equal Weight,MMM,0.016667
2022-10-03,Combined Equal Weight,MRK,0.016667
2022-10-03,Combined Equal Weight,MS,0.016667
2022-10-03,Combined Equal Weight,NEE,0.016667
2022-10-03,Combined Equal Weight,NEM,0.016667
2022-10-03,Combined Equal Weight,NKE,0.016667
2022-10-03,Combined Equal Weight,NUE,0.016667
2022-10-03,Combined Equal Weight,NVDA,0.016667
2022-10-03,Combined Equal Weight,O,0.016667
2022-10-03,Combined Equal Weight,OXY,0.016667
2022-10-03,Combined Equal Weight,PLD,0.016667
2022-10-03,Combined Equal Weight,PSA,0.016667
2022-10-03,Combined Equal Weight,QCOM,0.016667
2022-10-03,Combined Equal Weight,SBUX,0.016667
2022-10-03,Combined Equal Weight,SHW,0.016667
2022-10-03,Combined Equal Weight,SLB,0.016667
2022-10-03,Combined Equal Weight,SO,0.016667
2022-10-03,Combined Equal Weight,T,0.016667
2022-10-03,Combined Equal Weight,TMUS,0.016667
2022-10-03,Combined Equal Weight,TTWO,0.016667
2022-10-03,Combined Equal Weight,UPS,0.016667
2022-10-03,Combined Equal Weight,USB,0.016667
2022-10-03,Combined Equal Weight,V,0.016667
2022-10-03,Combined Equal Weight,WFC,0.016667
2022-10-03,Combined Equal Weight,WMT,0.016667
2022-10-03,Combined Equal Weight,XOM,0.016667
2022-10-03,Combined Equal Weight,ADA-USD,0.016667
2022-10-03,Combined Equal Weight,BCH-USD,0.016667
2022-10-03,Combined Equal Weight,BTC-USD,0.016667
2022-10-03,Combined Equal Weight,EOS-USD,0.016667
2022-10-03,Combined Equal Weight,ETC-USD,0.016667
2022-10-03,Combined Equal Weight,ETH-USD,0.016667
2022-10-03,Combined Equal Weight,LTC-USD,0.016667
2022-10-03,Combined Equal Weight,TRX-USD,0.016667
2022-10-03,Combined Equal Weight,XLM-USD,0.016667
2022-10-03,Combined Equal Weight,XRP-USD,0.016667
2022-11-01,Combined Equal Weight,ABBV,0.016667
2022-11-01,Combined Equal Weight,ABT,0.016667
2022-11-01,Combined Equal Weight,ADBE,0.016667
2022-11-01,Combined Equal Weight,AEP,0.016667
2022-11-01,Combined Equal Weight,AMD,0.016667
2022-11-01,Combined Equal Weight,AMGN,0.016667
2022-11-01,Combined Equal Weight,AMT,0.016667
2022-11-01,Combined Equal Weight,BA,0.016667
2022-11-01,Combined Equal Weight,CAT,0.016667
2022-11-01,Combined Equal Weight,CCI,0.016667
2022-11-01,Combined Equal Weight,CMCSA,0.016667
2022-11-01,Combined Equal Weight,COP,0.016667
2022-11-01,Combined Equal Weight,CVX,0.016667
2022-11-01,Combined Equal Weight,D,0.016667
2022-11-01,Combined Equal Weight,DD,0.016667
2022-11-01,Combined Equal Weight,DIS,0.016667
2022-11-01,Combined Equal Weight,DOW,0.016667
2022-11-01,Combined Equal Weight,DUK,0.016667
2022-11-01,Combined Equal Weight,EA,0.016667
2022-11-01,Combined Equal Weight,GE,0.016667
2022-11-01,Combined Equal Weight,GILD,0.016667
2022-11-01,Combined Equal Weight,GS,0.016667
2022-11-01,Combined Equal Weight,INTC,0.016667
2022-11-01,Combined Equal Weight,KO,0.016667
2022-11-01,Combined Equal Weight,MMM,0.016667
2022-11-01,Combined Equal Weight,MRK,0.016667
2022-11-01,Combined Equal Weight,MS,0.016667
2022-11-01,Combined Equal Weight,NEE,0.016667
2022-11-01,Combined Equal Weight,NEM,0.016667
2022-11-01,Combined Equal Weight,NKE,0.016667
2022-11-01,Combined Equal Weight,NUE,0.016667
2022-11-01,Combined Equal Weight,NVDA,0.016667
2022-11-01,Combined Equal Weight,O,0.016667
2022-11-01,Combined Equal Weight,OXY,0.016667
2022-11-01,Combined Equal Weight,PLD,0.016667
2022-11-01,Combined Equal Weight,PSA,0.016667
2022-11-01,Combined Equal Weight,QCOM,0.016667
2022-11-01,Combined Equal Weight,SBUX,0.016667
2022-11-01,Combined Equal Weight,SHW,0.016667
2022-11-01,Combined Equal Weight,SLB,0.016667
2022-11-01,Combined Equal Weight,SO,0.016667
2022-11-01,Combined Equal Weight,T,0.016667
2022-11-01,Combined Equal Weight,TMUS,0.016667
2022-11-01,Combined Equal Weight,TTWO,0.016667
2022-11-01,Combined Equal Weight,UPS,0.016667
2022-11-01,Combined Equal Weight,USB,0.016667
2022-11-01,Combined Equal Weight,V,0.016667
2022-11-01,Combined Equal Weight,WFC,0.016667
2022-11-01,Combined Equal Weight,WMT,0.016667
2022-11-01,Combined Equal Weight,XOM,0.016667
2022-11-01,Combined Equal Weight,ADA-USD,0.016667
2022-11-01,Combined Equal Weight,BCH-USD,0.016667
2022-11-01,Combined Equal Weight,BTC-USD,0.016667
2022-11-01,Combined Equal Weight,EOS-USD,0.016667
2022-11-01,Combined Equal Weight,ETC-USD,0.016667
2022-11-01,Combined Equal Weight,ETH-USD,0.016667
2022-11-01,Combined Equal Weight,LTC-USD,0.016667
2022-11-01,Combined Equal Weight,TRX-USD,0.016667
2022-11-01,Combined Equal Weight,XLM-USD,0.016667
2022-11-01,Combined Equal Weight,XRP-USD,0.016667
2022-12-01,Combined Equal Weight,ABBV,0.016667
2022-12-01,Combined Equal Weight,ABT,0.016667
2022-12-01,Combined Equal Weight,ADBE,0.016667
2022-12-01,Combined Equal Weight,AEP,0.016667
2022-12-01,Combined Equal Weight,AMD,0.016667
2022-12-01,Combined Equal Weight,AMGN,0.016667
2022-12-01,Combined Equal Weight,AMT,0.016667
2022-12-01,Combined Equal Weight,BA,0.016667
2022-12-01,Combined Equal Weight,CAT,0.016667
2022-12-01,Combined Equal Weight,CCI,0.016667
2022-12-01,Combined Equal Weight,CMCSA,0.016667
2022-12-01,Combined Equal Weight,COP,0.016667
2022-12-01,Combined Equal Weight,CVX,0.016667
2022-12-01,Combined Equal Weight,D,0.016667
2022-12-01,Combined Equal Weight,DD,0.016667
2022-12-01,Combined Equal Weight,DIS,0.016667
2022-12-01,Combined Equal Weight,DOW,0.016667
2022-12-01,Combined Equal Weight,DUK,0.016667
2022-12-01,Combined Equal Weight,EA,0.016667
2022-12-01,Combined Equal Weight,GE,0.016667
2022-12-01,Combined Equal Weight,GILD,0.016667
2022-12-01,Combined Equal Weight,GS,0.016667
2022-12-01,Combined Equal Weight,INTC,0.016667
2022-12-01,Combined Equal Weight,KO,0.016667
2022-12-01,Combined Equal Weight,MMM,0.016667
2022-12-01,Combined Equal Weight,MRK,0.016667
2022-12-01,Combined Equal Weight,MS,0.016667
2022-12-01,Combined Equal Weight,NEE,0.016667
2022-12-01,Combined Equal Weight,NEM,0.016667
2022-12-01,Combined Equal Weight,NKE,0.016667
2022-12-01,Combined Equal Weight,NUE,0.016667
2022-12-01,Combined Equal Weight,NVDA,0.016667
2022-12-01,Combined Equal Weight,O,0.016667
2022-12-01,Combined Equal Weight,OXY,0.016667
2022-12-01,Combined Equal Weight,PLD,0.016667
2022-12-01,Combined Equal Weight,PSA,0.016667
2022-12-01,Combined Equal Weight,QCOM,0.016667
2022-12-01,Combined Equal Weight,SBUX,0.016667
2022-12-01,Combined Equal Weight,SHW,0.016667
2022-12-01,Combined Equal Weight,SLB,0.016667
2022-12-01,Combined Equal Weight,SO,0.016667
2022-12-01,Combined Equal Weight,T,0.016667
2022-12-01,Combined Equal Weight,TMUS,0.016667
2022-12-01,Combined Equal Weight,TTWO,0.016667
2022-12-01,Combined Equal Weight,UPS,0.016667
2022-12-01,Combined Equal Weight,USB,0.016667
2022-12-01,Combined Equal Weight,V,0.016667
2022-12-01,Combined Equal Weight,WFC,0.016667
2022-12-01,Combined Equal Weight,WMT,0.016667
2022-12-01,Combined Equal Weight,XOM,0.016667
2022-12-01,Combined Equal Weight,ADA-USD,0.016667
2022-12-01,Combined Equal Weight,BCH-USD,0.016667
2022-12-01,Combined Equal Weight,BTC-USD,0.016667
2022-12-01,Combined Equal Weight,EOS-USD,0.016667
2022-12-01,Combined Equal Weight,ETC-USD,0.016667
2022-12-01,Combined Equal Weight,ETH-USD,0.016667
2022-12-01,Combined Equal Weight,LTC-USD,0.016667
2022-12-01,Combined Equal Weight,TRX-USD,0.016667
2022-12-01,Combined Equal Weight,XLM-USD,0.016667
2022-12-01,Combined Equal Weight,XRP-USD,0.016667
2023-01-03,Combined Equal Weight,ABBV,0.016667
2023-01-03,Combined Equal Weight,ABT,0.016667
2023-01-03,Combined Equal Weight,ADBE,0.016667
2023-01-03,Combined Equal Weight,AEP,0.016667
2023-01-03,Combined Equal Weight,AMD,0.016667
2023-01-03,Combined Equal Weight,AMGN,0.016667
2023-01-03,Combined Equal Weight,AMT,0.016667
2023-01-03,Combined Equal Weight,BA,0.016667
2023-01-03,Combined Equal Weight,CAT,0.016667
2023-01-03,Combined Equal Weight,CCI,0.016667
2023-01-03,Combined Equal Weight,CMCSA,0.016667
2023-01-03,Combined Equal Weight,COP,0.016667
2023-01-03,Combined Equal Weight,CVX,0.016667
2023-01-03,Combined Equal Weight,D,0.016667
2023-01-03,Combined Equal Weight,DD,0.016667
2023-01-03,Combined Equal Weight,DIS,0.016667
2023-01-03,Combined Equal Weight,DOW,0.016667
2023-01-03,Combined Equal Weight,DUK,0.016667
2023-01-03,Combined Equal Weight,EA,0.016667
2023-01-03,Combined Equal Weight,GE,0.016667
2023-01-03,Combined Equal Weight,GILD,0.016667
2023-01-03,Combined Equal Weight,GS,0.016667
2023-01-03,Combined Equal Weight,INTC,0.016667
2023-01-03,Combined Equal Weight,KO,0.016667
2023-01-03,Combined Equal Weight,MMM,0.016667
2023-01-03,Combined Equal Weight,MRK,0.016667
2023-01-03,Combined Equal Weight,MS,0.016667
2023-01-03,Combined Equal Weight,NEE,0.016667
2023-01-03,Combined Equal Weight,NEM,0.016667
2023-01-03,Combined Equal Weight,NKE,0.016667
2023-01-03,Combined Equal Weight,NUE,0.016667
2023-01-03,Combined Equal Weight,NVDA,0.016667
2023-01-03,Combined Equal Weight,O,0.016667
2023-01-03,Combined Equal Weight,OXY,0.016667
2023-01-03,Combined Equal Weight,PLD,0.016667
2023-01-03,Combined Equal Weight,PSA,0.016667
2023-01-03,Combined Equal Weight,QCOM,0.016667
2023-01-03,Combined Equal Weight,SBUX,0.016667
2023-01-03,Combined Equal Weight,SHW,0.016667
2023-01-03,Combined Equal Weight,SLB,0.016667
2023-01-03,Combined Equal Weight,SO,0.016667
2023-01-03,Combined Equal Weight,T,0.016667
2023-01-03,Combined Equal Weight,TMUS,0.016667
2023-01-03,Combined Equal Weight,TTWO,0.016667
2023-01-03,Combined Equal Weight,UPS,0.016667
2023-01-03,Combined Equal Weight,USB,0.016667
2023-01-03,Combined Equal Weight,V,0.016667
2023-01-03,Combined Equal Weight,WFC,0.016667
2023-01-03,Combined Equal Weight,WMT,0.016667
2023-01-03,Combined Equal Weight,XOM,0.016667
2023-01-03,Combined Equal Weight,ADA-USD,0.016667
2023-01-03,Combined Equal Weight,BCH-USD,0.016667
2023-01-03,Combined Equal Weight,BTC-USD,0.016667
2023-01-03,Combined Equal Weight,EOS-USD,0.016667
2023-01-03,Combined Equal Weight,ETC-USD,0.016667
2023-01-03,Combined Equal Weight,ETH-USD,0.016667
2023-01-03,Combined Equal Weight,LTC-USD,0.016667
2023-01-03,Combined Equal Weight,TRX-USD,0.016667
2023-01-03,Combined Equal Weight,XLM-USD,0.016667
2023-01-03,Combined Equal Weight,XRP-USD,0.016667
2023-02-01,Combined Equal Weight,ABBV,0.016667
2023-02-01,Combined Equal Weight,ABT,0.016667
2023-02-01,Combined Equal Weight,ADBE,0.016667
2023-02-01,Combined Equal Weight,AEP,0.016667
2023-02-01,Combined Equal Weight,AMD,0.016667
2023-02-01,Combined Equal Weight,AMGN,0.016667
2023-02-01,Combined Equal Weight,AMT,0.016667
2023-02-01,Combined Equal Weight,BA,0.016667
2023-02-01,Combined Equal Weight,CAT,0.016667
2023-02-01,Combined Equal Weight,CCI,0.016667
2023-02-01,Combined Equal Weight,CMCSA,0.016667
2023-02-01,Combined Equal Weight,COP,0.016667
2023-02-01,Combined Equal Weight,CVX,0.016667
2023-02-01,Combined Equal Weight,D,0.016667
2023-02-01,Combined Equal Weight,DD,0.016667
2023-02-01,Combined Equal Weight,DIS,0.016667
2023-02-01,Combined Equal Weight,DOW,0.016667
2023-02-01,Combined Equal Weight,DUK,0.016667
2023-02-01,Combined Equal Weight,EA,0.016667
2023-02-01,Combined Equal Weight,GE,0.016667
2023-02-01,Combined Equal Weight,GILD,0.016667
2023-02-01,Combined Equal Weight,GS,0.016667
2023-02-01,Combined Equal Weight,INTC,0.016667
2023-02-01,Combined Equal Weight,KO,0.016667
2023-02-01,Combined Equal Weight,MMM,0.016667
2023-02-01,Combined Equal Weight,MRK,0.016667
2023-02-01,Combined Equal Weight,MS,0.016667
2023-02-01,Combined Equal Weight,NEE,0.016667
2023-02-01,Combined Equal Weight,NEM,0.016667
2023-02-01,Combined Equal Weight,NKE,0.016667
2023-02-01,Combined Equal Weight,NUE,0.016667
2023-02-01,Combined Equal Weight,NVDA,0.016667
2023-02-01,Combined Equal Weight,O,0.016667
2023-02-01,Combined Equal Weight,OXY,0.016667
2023-02-01,Combined Equal Weight,PLD,0.016667
2023-02-01,Combined Equal Weight,PSA,0.016667
2023-02-01,Combined Equal Weight,QCOM,0.016667
2023-02-01,Combined Equal Weight,SBUX,0.016667
2023-02-01,Combined Equal Weight,SHW,0.016667
2023-02-01,Combined Equal Weight,SLB,0.016667
2023-02-01,Combined Equal Weight,SO,0.016667
2023-02-01,Combined Equal Weight,T,0.016667
2023-02-01,Combined Equal Weight,TMUS,0.016667
2023-02-01,Combined Equal Weight,TTWO,0.016667
2023-02-01,Combined Equal Weight,UPS,0.016667
2023-02-01,Combined Equal Weight,USB,0.016667
2023-02-01,Combined Equal Weight,V,0.016667
2023-02-01,Combined Equal Weight,WFC,0.016667
2023-02-01,Combined Equal Weight,WMT,0.016667
2023-02-01,Combined Equal Weight,XOM,0.016667
2023-02-01,Combined Equal Weight,ADA-USD,0.016667
2023-02-01,Combined Equal Weight,BCH-USD,0.016667
2023-02-01,Combined Equal Weight,BTC-USD,0.016667
2023-02-01,Combined Equal Weight,EOS-USD,0.016667
2023-02-01,Combined Equal Weight,ETC-USD,0.016667
2023-02-01,Combined Equal Weight,ETH-USD,0.016667
2023-02-01,Combined Equal Weight,LTC-USD,0.016667
2023-02-01,Combined Equal Weight,TRX-USD,0.016667
2023-02-01,Combined Equal Weight,XLM-USD,0.016667
2023-02-01,Combined Equal Weight,XRP-USD,0.016667
2023-03-01,Combined Equal Weight,ABBV,0.016667
2023-03-01,Combined Equal Weight,ABT,0.016667
2023-03-01,Combined Equal Weight,ADBE,0.016667
2023-03-01,Combined Equal Weight,AEP,0.016667
2023-03-01,Combined Equal Weight,AMD,0.016667
2023-03-01,Combined Equal Weight,AMGN,0.016667
2023-03-01,Combined Equal Weight,AMT,0.016667
2023-03-01,Combined Equal Weight,BA,0.016667
2023-03-01,Combined Equal Weight,CAT,0.016667
2023-03-01,Combined Equal Weight,CCI,0.016667
2023-03-01,Combined Equal Weight,CMCSA,0.016667
2023-03-01,Combined Equal Weight,COP,0.016667
2023-03-01,Combined Equal Weight,CVX,0.016667
2023-03-01,Combined Equal Weight,D,0.016667
2023-03-01,Combined Equal Weight,DD,0.016667
2023-03-01,Combined Equal Weight,DIS,0.016667
2023-03-01,Combined Equal Weight,DOW,0.016667
2023-03-01,Combined Equal Weight,DUK,0.016667
2023-03-01,Combined Equal Weight,EA,0.016667
2023-03-01,Combined Equal Weight,GE,0.016667
2023-03-01,Combined Equal Weight,GILD,0.016667
2023-03-01,Combined Equal Weight,GS,0.016667
2023-03-01,Combined Equal Weight,INTC,0.016667
2023-03-01,Combined Equal Weight,KO,0.016667
2023-03-01,Combined Equal Weight,MMM,0.016667
2023-03-01,Combined Equal Weight,MRK,0.016667
2023-03-01,Combined Equal Weight,MS,0.016667
2023-03-01,Combined Equal Weight,NEE,0.016667
2023-03-01,Combined Equal Weight,NEM,0.016667
2023-03-01,Combined Equal Weight,NKE,0.016667
2023-03-01,Combined Equal Weight,NUE,0.016667
2023-03-01,Combined Equal Weight,NVDA,0.016667
2023-03-01,Combined Equal Weight,O,0.016667
2023-03-01,Combined Equal Weight,OXY,0.016667
2023-03-01,Combined Equal Weight,PLD,0.016667
2023-03-01,Combined Equal Weight,PSA,0.016667
2023-03-01,Combined Equal Weight,QCOM,0.016667
2023-03-01,Combined Equal Weight,SBUX,0.016667
2023-03-01,Combined Equal Weight,SHW,0.016667
2023-03-01,Combined Equal Weight,SLB,0.016667
2023-03-01,Combined Equal Weight,SO,0.016667
2023-03-01,Combined Equal Weight,T,0.016667
2023-03-01,Combined Equal Weight,TMUS,0.016667
2023-03-01,Combined Equal Weight,TTWO,0.016667
2023-03-01,Combined Equal Weight,UPS,0.016667
2023-03-01,Combined Equal Weight,USB,0.016667
2023-03-01,Combined Equal Weight,V,0.016667
2023-03-01,Combined Equal Weight,WFC,0.016667
2023-03-01,Combined Equal Weight,WMT,0.016667
2023-03-01,Combined Equal Weight,XOM,0.016667
2023-03-01,Combined Equal Weight,ADA-USD,0.016667
2023-03-01,Combined Equal Weight,BCH-USD,0.016667
2023-03-01,Combined Equal Weight,BTC-USD,0.016667
2023-03-01,Combined Equal Weight,EOS-USD,0.016667
2023-03-01,Combined Equal Weight,ETC-USD,0.016667
2023-03-01,Combined Equal Weight,ETH-USD,0.016667
2023-03-01,Combined Equal Weight,LTC-USD,0.016667
2023-03-01,Combined Equal Weight,TRX-USD,0.016667
2023-03-01,Combined Equal Weight,XLM-USD,0.016667
2023-03-01,Combined Equal Weight,XRP-USD,0.016667
2023-04-03,Combined Equal Weight,ABBV,0.016667
2023-04-03,Combined Equal Weight,ABT,0.016667
2023-04-03,Combined Equal Weight,ADBE,0.016667
2023-04-03,Combined Equal Weight,AEP,0.016667
2023-04-03,Combined Equal Weight,AMD,0.016667
2023-04-03,Combined Equal Weight,AMGN,0.016667
2023-04-03,Combined Equal Weight,AMT,0.016667
2023-04-03,Combined Equal Weight,BA,0.016667
2023-04-03,Combined Equal Weight,CAT,0.016667
2023-04-03,Combined Equal Weight,CCI,0.016667
2023-04-03,Combined Equal Weight,CMCSA,0.016667
2023-04-03,Combined Equal Weight,COP,0.016667
2023-04-03,Combined Equal Weight,CVX,0.016667
2023-04-03,Combined Equal Weight,D,0.016667
2023-04-03,Combined Equal Weight,DD,0.016667
2023-04-03,Combined Equal Weight,DIS,0.016667
2023-04-03,Combined Equal Weight,DOW,0.016667
2023-04-03,Combined Equal Weight,DUK,0.016667
2023-04-03,Combined Equal Weight,EA,0.016667
2023-04-03,Combined Equal Weight,GE,0.016667
2023-04-03,Combined Equal Weight,GILD,0.016667
2023-04-03,Combined Equal Weight,GS,0.016667
2023-04-03,Combined Equal Weight,INTC,0.016667
2023-04-03,Combined Equal Weight,KO,0.016667
2023-04-03,Combined Equal Weight,MMM,0.016667
2023-04-03,Combined Equal Weight,MRK,0.016667
2023-04-03,Combined Equal Weight,MS,0.016667
2023-04-03,Combined Equal Weight,NEE,0.016667
2023-04-03,Combined Equal Weight,NEM,0.016667
2023-04-03,Combined Equal Weight,NKE,0.016667
2023-04-03,Combined Equal Weight,NUE,0.016667
2023-04-03,Combined Equal Weight,NVDA,0.016667
2023-04-03,Combined Equal Weight,O,0.016667
2023-04-03,Combined Equal Weight,OXY,0.016667
2023-04-03,Combined Equal Weight,PLD,0.016667
2023-04-03,Combined Equal Weight,PSA,0.016667
2023-04-03,Combined Equal Weight,QCOM,0.016667
2023-04-03,Combined Equal Weight,SBUX,0.016667
2023-04-03,Combined Equal Weight,SHW,0.016667
2023-04-03,Combined Equal Weight,SLB,0.016667
2023-04-03,Combined Equal Weight,SO,0.016667
2023-04-03,Combined Equal Weight,T,0.016667
2023-04-03,Combined Equal Weight,TMUS,0.016667
2023-04-03,Combined Equal Weight,TTWO,0.016667
2023-04-03,Combined Equal Weight,UPS,0.016667
2023-04-03,Combined Equal Weight,USB,0.016667
2023-04-03,Combined Equal Weight,V,0.016667
2023-04-03,Combined Equal Weight,WFC,0.016667
2023-04-03,Combined Equal Weight,WMT,0.016667
2023-04-03,Combined Equal Weight,XOM,0.016667
2023-04-03,Combined Equal Weight,ADA-USD,0.016667
2023-04-03,Combined Equal Weight,BCH-USD,0.016667
2023-04-03,Combined Equal Weight,BTC-USD,0.016667
2023-04-03,Combined Equal Weight,EOS-USD,0.016667
2023-04-03,Combined Equal Weight,ETC-USD,0.016667
2023-04-03,Combined Equal Weight,ETH-USD,0.016667
2023-04-03,Combined Equal Weight,LTC-USD,0.016667
2023-04-03,Combined Equal Weight,TRX-USD,0.016667
2023-04-03,Combined Equal Weight,XLM-USD,0.016667
2023-04-03,Combined Equal Weight,XRP-USD,0.016667
2023-05-01,Combined Equal Weight,ABBV,0.016667
2023-05-01,Combined Equal Weight,ABT,0.016667
2023-05-01,Combined Equal Weight,ADBE,0.016667
2023-05-01,Combined Equal Weight,AEP,0.016667
2023-05-01,Combined Equal Weight,AMD,0.016667
2023-05-01,Combined Equal Weight,AMGN,0.016667
2023-05-01,Combined Equal Weight,AMT,0.016667
2023-05-01,Combined Equal Weight,BA,0.016667
2023-05-01,Combined Equal Weight,CAT,0.016667
2023-05-01,Combined Equal Weight,CCI,0.016667
2023-05-01,Combined Equal Weight,CMCSA,0.016667
2023-05-01,Combined Equal Weight,COP,0.016667
2023-05-01,Combined Equal Weight,CVX,0.016667
2023-05-01,Combined Equal Weight,D,0.016667
2023-05-01,Combined Equal Weight,DD,0.016667
2023-05-01,Combined Equal Weight,DIS,0.016667
2023-05-01,Combined Equal Weight,DOW,0.016667
2023-05-01,Combined Equal Weight,DUK,0.016667
2023-05-01,Combined Equal Weight,EA,0.016667
2023-05-01,Combined Equal Weight,GE,0.016667
2023-05-01,Combined Equal Weight,GILD,0.016667
2023-05-01,Combined Equal Weight,GS,0.016667
2023-05-01,Combined Equal Weight,INTC,0.016667
2023-05-01,Combined Equal Weight,KO,0.016667
2023-05-01,Combined Equal Weight,MMM,0.016667
2023-05-01,Combined Equal Weight,MRK,0.016667
2023-05-01,Combined Equal Weight,MS,0.016667
2023-05-01,Combined Equal Weight,NEE,0.016667
2023-05-01,Combined Equal Weight,NEM,0.016667
2023-05-01,Combined Equal Weight,NKE,0.016667
2023-05-01,Combined Equal Weight,NUE,0.016667
2023-05-01,Combined Equal Weight,NVDA,0.016667
2023-05-01,Combined Equal Weight,O,0.016667
2023-05-01,Combined Equal Weight,OXY,0.016667
2023-05-01,Combined Equal Weight,PLD,0.016667
2023-05-01,Combined Equal Weight,PSA,0.016667
2023-05-01,Combined Equal Weight,QCOM,0.016667
2023-05-01,Combined Equal Weight,SBUX,0.016667
2023-05-01,Combined Equal Weight,SHW,0.016667
2023-05-01,Combined Equal Weight,SLB,0.016667
2023-05-01,Combined Equal Weight,SO,0.016667
2023-05-01,Combined Equal Weight,T,0.016667
2023-05-01,Combined Equal Weight,TMUS,0.016667
2023-05-01,Combined Equal Weight,TTWO,0.016667
2023-05-01,Combined Equal Weight,UPS,0.016667
2023-05-01,Combined Equal Weight,USB,0.016667
2023-05-01,Combined Equal Weight,V,0.016667
2023-05-01,Combined Equal Weight,WFC,0.016667
2023-05-01,Combined Equal Weight,WMT,0.016667
2023-05-01,Combined Equal Weight,XOM,0.016667
2023-05-01,Combined Equal Weight,ADA-USD,0.016667
2023-05-01,Combined Equal Weight,BCH-USD,0.016667
2023-05-01,Combined Equal Weight,BTC-USD,0.016667
2023-05-01,Combined Equal Weight,EOS-USD,0.016667
2023-05-01,Combined Equal Weight,ETC-USD,0.016667
2023-05-01,Combined Equal Weight,ETH-USD,0.016667
2023-05-01,Combined Equal Weight,LTC-USD,0.016667
2023-05-01,Combined Equal Weight,TRX-USD,0.016667
2023-05-01,Combined Equal Weight,XLM-USD,0.016667
2023-05-01,Combined Equal Weight,XRP-USD,0.016667
2023-06-01,Combined Equal Weight,ABBV,0.016667
2023-06-01,Combined Equal Weight,ABT,0.016667
2023-06-01,Combined Equal Weight,ADBE,0.016667
2023-06-01,Combined Equal Weight,AEP,0.016667
2023-06-01,Combined Equal Weight,AMD,0.016667
2023-06-01,Combined Equal Weight,AMGN,0.016667
2023-06-01,Combined Equal Weight,AMT,0.016667
2023-06-01,Combined Equal Weight,BA,0.016667
2023-06-01,Combined Equal Weight,CAT,0.016667
2023-06-01,Combined Equal Weight,CCI,0.016667
2023-06-01,Combined Equal Weight,CMCSA,0.016667
2023-06-01,Combined Equal Weight,COP,0.016667
2023-06-01,Combined Equal Weight,CVX,0.016667
2023-06-01,Combined Equal Weight,D,0.016667
2023-06-01,Combined Equal Weight,DD,0.016667
2023-06-01,Combined Equal Weight,DIS,0.016667
2023-06-01,Combined Equal Weight,DOW,0.016667
2023-06-01,Combined Equal Weight,DUK,0.016667
2023-06-01,Combined Equal Weight,EA,0.016667
2023-06-01,Combined Equal Weight,GE,0.016667
2023-06-01,Combined Equal Weight,GILD,0.016667
2023-06-01,Combined Equal Weight,GS,0.016667
2023-06-01,Combined Equal Weight,INTC,0.016667
2023-06-01,Combined Equal Weight,KO,0.016667
2023-06-01,Combined Equal Weight,MMM,0.016667
2023-06-01,Combined Equal Weight,MRK,0.016667
2023-06-01,Combined Equal Weight,MS,0.016667
2023-06-01,Combined Equal Weight,NEE,0.016667
2023-06-01,Combined Equal Weight,NEM,0.016667
2023-06-01,Combined Equal Weight,NKE,0.016667
2023-06-01,Combined Equal Weight,NUE,0.016667
2023-06-01,Combined Equal Weight,NVDA,0.016667
2023-06-01,Combined Equal Weight,O,0.016667
2023-06-01,Combined Equal Weight,OXY,0.016667
2023-06-01,Combined Equal Weight,PLD,0.016667
2023-06-01,Combined Equal Weight,PSA,0.016667
2023-06-01,Combined Equal Weight,QCOM,0.016667
2023-06-01,Combined Equal Weight,SBUX,0.016667
2023-06-01,Combined Equal Weight,SHW,0.016667
2023-06-01,Combined Equal Weight,SLB,0.016667
2023-06-01,Combined Equal Weight,SO,0.016667
2023-06-01,Combined Equal Weight,T,0.016667
2023-06-01,Combined Equal Weight,TMUS,0.016667
2023-06-01,Combined Equal Weight,TTWO,0.016667
2023-06-01,Combined Equal Weight,UPS,0.016667
2023-06-01,Combined Equal Weight,USB,0.016667
2023-06-01,Combined Equal Weight,V,0.016667
2023-06-01,Combined Equal Weight,WFC,0.016667
2023-06-01,Combined Equal Weight,WMT,0.016667
2023-06-01,Combined Equal Weight,XOM,0.016667
2023-06-01,Combined Equal Weight,ADA-USD,0.016667
2023-06-01,Combined Equal Weight,BCH-USD,0.016667
2023-06-01,Combined Equal Weight,BTC-USD,0.016667
2023-06-01,Combined Equal Weight,EOS-USD,0.016667
2023-06-01,Combined Equal Weight,ETC-USD,0.016667
2023-06-01,Combined Equal Weight,ETH-USD,0.016667
2023-06-01,Combined Equal Weight,LTC-USD,0.016667
2023-06-01,Combined Equal Weight,TRX-USD,0.016667
2023-06-01,Combined Equal Weight,XLM-USD,0.016667
2023-06-01,Combined Equal Weight,XRP-USD,0.016667
2023-07-03,Combined Equal Weight,ABBV,0.016667
2023-07-03,Combined Equal Weight,ABT,0.016667
2023-07-03,Combined Equal Weight,ADBE,0.016667
2023-07-03,Combined Equal Weight,AEP,0.016667
2023-07-03,Combined Equal Weight,AMD,0.016667
2023-07-03,Combined Equal Weight,AMGN,0.016667
2023-07-03,Combined Equal Weight,AMT,0.016667
2023-07-03,Combined Equal Weight,BA,0.016667
2023-07-03,Combined Equal Weight,CAT,0.016667
2023-07-03,Combined Equal Weight,CCI,0.016667
2023-07-03,Combined Equal Weight,CMCSA,0.016667
2023-07-03,Combined Equal Weight,COP,0.016667
2023-07-03,Combined Equal Weight,CVX,0.016667
2023-07-03,Combined Equal Weight,D,0.016667
2023-07-03,Combined Equal Weight,DD,0.016667
2023-07-03,Combined Equal Weight,DIS,0.016667
2023-07-03,Combined Equal Weight,DOW,0.016667
2023-07-03,Combined Equal Weight,DUK,0.016667
2023-07-03,Combined Equal Weight,EA,0.016667
2023-07-03,Combined Equal Weight,GE,0.016667
2023-07-03,Combined Equal Weight,GILD,0.016667
2023-07-03,Combined Equal Weight,GS,0.016667
2023-07-03,Combined Equal Weight,INTC,0.016667
2023-07-03,Combined Equal Weight,KO,0.016667
2023-07-03,Combined Equal Weight,MMM,0.016667
2023-07-03,Combined Equal Weight,MRK,0.016667
2023-07-03,Combined Equal Weight,MS,0.016667
2023-07-03,Combined Equal Weight,NEE,0.016667
2023-07-03,Combined Equal Weight,NEM,0.016667
2023-07-03,Combined Equal Weight,NKE,0.016667
2023-07-03,Combined Equal Weight,NUE,0.016667
2023-07-03,Combined Equal Weight,NVDA,0.016667
2023-07-03,Combined Equal Weight,O,0.016667
2023-07-03,Combined Equal Weight,OXY,0.016667
2023-07-03,Combined Equal Weight,PLD,0.016667
2023-07-03,Combined Equal Weight,PSA,0.016667
2023-07-03,Combined Equal Weight,QCOM,0.016667
2023-07-03,Combined Equal Weight,SBUX,0.016667
2023-07-03,Combined Equal Weight,SHW,0.016667
2023-07-03,Combined Equal Weight,SLB,0.016667
2023-07-03,Combined Equal Weight,SO,0.016667
2023-07-03,Combined Equal Weight,T,0.016667
2023-07-03,Combined Equal Weight,TMUS,0.016667
2023-07-03,Combined Equal Weight,TTWO,0.016667
2023-07-03,Combined Equal Weight,UPS,0.016667
2023-07-03,Combined Equal Weight,USB,0.016667
2023-07-03,Combined Equal Weight,V,0.016667
2023-07-03,Combined Equal Weight,WFC,0.016667
2023-07-03,Combined Equal Weight,WMT,0.016667
2023-07-03,Combined Equal Weight,XOM,0.016667
2023-07-03,Combined Equal Weight,ADA-USD,0.016667
2023-07-03,Combined Equal Weight,BCH-USD,0.016667
2023-07-03,Combined Equal Weight,BTC-USD,0.016667
2023-07-03,Combined Equal Weight,EOS-USD,0.016667
2023-07-03,Combined Equal Weight,ETC-USD,0.016667
2023-07-03,Combined Equal Weight,ETH-USD,0.016667
2023-07-03,Combined Equal Weight,LTC-USD,0.016667
2023-07-03,Combined Equal Weight,TRX-USD,0.016667
2023-07-03,Combined Equal Weight,XLM-USD,0.016667
2023-07-03,Combined Equal Weight,XRP-USD,0.016667
2023-08-01,Combined Equal Weight,ABBV,0.016667
2023-08-01,Combined Equal Weight,ABT,0.016667
2023-08-01,Combined Equal Weight,ADBE,0.016667
2023-08-01,Combined Equal Weight,AEP,0.016667
2023-08-01,Combined Equal Weight,AMD,0.016667
2023-08-01,Combined Equal Weight,AMGN,0.016667
2023-08-01,Combined Equal Weight,AMT,0.016667
2023-08-01,Combined Equal Weight,BA,0.016667
2023-08-01,Combined Equal Weight,CAT,0.016667
2023-08-01,Combined Equal Weight,CCI,0.016667
2023-08-01,Combined Equal Weight,CMCSA,0.016667
2023-08-01,Combined Equal Weight,COP,0.016667
2023-08-01,Combined Equal Weight,CVX,0.016667
2023-08-01,Combined Equal Weight,D,0.016667
2023-08-01,Combined Equal Weight,DD,0.016667
2023-08-01,Combined Equal Weight,DIS,0.016667
2023-08-01,Combined Equal Weight,DOW,0.016667
2023-08-01,Combined Equal Weight,DUK,0.016667
2023-08-01,Combined Equal Weight,EA,0.016667
2023-08-01,Combined Equal Weight,GE,0.016667
2023-08-01,Combined Equal Weight,GILD,0.016667
2023-08-01,Combined Equal Weight,GS,0.016667
2023-08-01,Combined Equal Weight,INTC,0.016667
2023-08-01,Combined Equal Weight,KO,0.016667
2023-08-01,Combined Equal Weight,MMM,0.016667
2023-08-01,Combined Equal Weight,MRK,0.016667
2023-08-01,Combined Equal Weight,MS,0.016667
2023-08-01,Combined Equal Weight,NEE,0.016667
2023-08-01,Combined Equal Weight,NEM,0.016667
2023-08-01,Combined Equal Weight,NKE,0.016667
2023-08-01,Combined Equal Weight,NUE,0.016667
2023-08-01,Combined Equal Weight,NVDA,0.016667
2023-08-01,Combined Equal Weight,O,0.016667
2023-08-01,Combined Equal Weight,OXY,0.016667
2023-08-01,Combined Equal Weight,PLD,0.016667
2023-08-01,Combined Equal Weight,PSA,0.016667
2023-08-01,Combined Equal Weight,QCOM,0.016667
2023-08-01,Combined Equal Weight,SBUX,0.016667
2023-08-01,Combined Equal Weight,SHW,0.016667
2023-08-01,Combined Equal Weight,SLB,0.016667
2023-08-01,Combined Equal Weight,SO,0.016667
2023-08-01,Combined Equal Weight,T,0.016667
2023-08-01,Combined Equal Weight,TMUS,0.016667
2023-08-01,Combined Equal Weight,TTWO,0.016667
2023-08-01,Combined Equal Weight,UPS,0.016667
2023-08-01,Combined Equal Weight,USB,0.016667
2023-08-01,Combined Equal Weight,V,0.016667
2023-08-01,Combined Equal Weight,WFC,0.016667
2023-08-01,Combined Equal Weight,WMT,0.016667
2023-08-01,Combined Equal Weight,XOM,0.016667
2023-08-01,Combined Equal Weight,ADA-USD,0.016667
2023-08-01,Combined Equal Weight,BCH-USD,0.016667
2023-08-01,Combined Equal Weight,BTC-USD,0.016667
2023-08-01,Combined Equal Weight,EOS-USD,0.016667
2023-08-01,Combined Equal Weight,ETC-USD,0.016667
2023-08-01,Combined Equal Weight,ETH-USD,0.016667
2023-08-01,Combined Equal Weight,LTC-USD,0.016667
2023-08-01,Combined Equal Weight,TRX-USD,0.016667
2023-08-01,Combined Equal Weight,XLM-USD,0.016667
2023-08-01,Combined Equal Weight,XRP-USD,0.016667
2023-09-01,Combined Equal Weight,ABBV,0.016667
2023-09-01,Combined Equal Weight,ABT,0.016667
2023-09-01,Combined Equal Weight,ADBE,0.016667
2023-09-01,Combined Equal Weight,AEP,0.016667
2023-09-01,Combined Equal Weight,AMD,0.016667
2023-09-01,Combined Equal Weight,AMGN,0.016667
2023-09-01,Combined Equal Weight,AMT,0.016667
2023-09-01,Combined Equal Weight,BA,0.016667
2023-09-01,Combined Equal Weight,CAT,0.016667
2023-09-01,Combined Equal Weight,CCI,0.016667
2023-09-01,Combined Equal Weight,CMCSA,0.016667
2023-09-01,Combined Equal Weight,COP,0.016667
2023-09-01,Combined Equal Weight,CVX,0.016667
2023-09-01,Combined Equal Weight,D,0.016667
2023-09-01,Combined Equal Weight,DD,0.016667
2023-09-01,Combined Equal Weight,DIS,0.016667
2023-09-01,Combined Equal Weight,DOW,0.016667
2023-09-01,Combined Equal Weight,DUK,0.016667
2023-09-01,Combined Equal Weight,EA,0.016667
2023-09-01,Combined Equal Weight,GE,0.016667
2023-09-01,Combined Equal Weight,GILD,0.016667
2023-09-01,Combined Equal Weight,GS,0.016667
2023-09-01,Combined Equal Weight,INTC,0.016667
2023-09-01,Combined Equal Weight,KO,0.016667
2023-09-01,Combined Equal Weight,MMM,0.016667
2023-09-01,Combined Equal Weight,MRK,0.016667
2023-09-01,Combined Equal Weight,MS,0.016667
2023-09-01,Combined Equal Weight,NEE,0.016667
2023-09-01,Combined Equal Weight,NEM,0.016667
2023-09-01,Combined Equal Weight,NKE,0.016667
2023-09-01,Combined Equal Weight,NUE,0.016667
2023-09-01,Combined Equal Weight,NVDA,0.016667
2023-09-01,Combined Equal Weight,O,0.016667
2023-09-01,Combined Equal Weight,OXY,0.016667
2023-09-01,Combined Equal Weight,PLD,0.016667
2023-09-01,Combined Equal Weight,PSA,0.016667
2023-09-01,Combined Equal Weight,QCOM,0.016667
2023-09-01,Combined Equal Weight,SBUX,0.016667
2023-09-01,Combined Equal Weight,SHW,0.016667
2023-09-01,Combined Equal Weight,SLB,0.016667
2023-09-01,Combined Equal Weight,SO,0.016667
2023-09-01,Combined Equal Weight,T,0.016667
2023-09-01,Combined Equal Weight,TMUS,0.016667
2023-09-01,Combined Equal Weight,TTWO,0.016667
2023-09-01,Combined Equal Weight,UPS,0.016667
2023-09-01,Combined Equal Weight,USB,0.016667
2023-09-01,Combined Equal Weight,V,0.016667
2023-09-01,Combined Equal Weight,WFC,0.016667
2023-09-01,Combined Equal Weight,WMT,0.016667
2023-09-01,Combined Equal Weight,XOM,0.016667
2023-09-01,Combined Equal Weight,ADA-USD,0.016667
2023-09-01,Combined Equal Weight,BCH-USD,0.016667
2023-09-01,Combined Equal Weight,BTC-USD,0.016667
2023-09-01,Combined Equal Weight,EOS-USD,0.016667
2023-09-01,Combined Equal Weight,ETC-USD,0.016667
2023-09-01,Combined Equal Weight,ETH-USD,0.016667
2023-09-01,Combined Equal Weight,LTC-USD,0.016667
2023-09-01,Combined Equal Weight,TRX-USD,0.016667
2023-09-01,Combined Equal Weight,XLM-USD,0.016667
2023-09-01,Combined Equal Weight,XRP-USD,0.016667
2023-10-02,Combined Equal Weight,ABBV,0.016667
2023-10-02,Combined Equal Weight,ABT,0.016667
2023-10-02,Combined Equal Weight,ADBE,0.016667
2023-10-02,Combined Equal Weight,AEP,0.016667
2023-10-02,Combined Equal Weight,AMD,0.016667
2023-10-02,Combined Equal Weight,AMGN,0.016667
2023-10-02,Combined Equal Weight,AMT,0.016667
2023-10-02,Combined Equal Weight,BA,0.016667
2023-10-02,Combined Equal Weight,CAT,0.016667
2023-10-02,Combined Equal Weight,CCI,0.016667
2023-10-02,Combined Equal Weight,CMCSA,0.016667
2023-10-02,Combined Equal Weight,COP,0.016667
2023-10-02,Combined Equal Weight,CVX,0.016667
2023-10-02,Combined Equal Weight,D,0.016667
2023-10-02,Combined Equal Weight,DD,0.016667
2023-10-02,Combined Equal Weight,DIS,0.016667
2023-10-02,Combined Equal Weight,DOW,0.016667
2023-10-02,Combined Equal Weight,DUK,0.016667
2023-10-02,Combined Equal Weight,EA,0.016667
2023-10-02,Combined Equal Weight,GE,0.016667
2023-10-02,Combined Equal Weight,GILD,0.016667
2023-10-02,Combined Equal Weight,GS,0.016667
2023-10-02,Combined Equal Weight,INTC,0.016667
2023-10-02,Combined Equal Weight,KO,0.016667
2023-10-02,Combined Equal Weight,MMM,0.016667
2023-10-02,Combined Equal Weight,MRK,0.016667
2023-10-02,Combined Equal Weight,MS,0.016667
2023-10-02,Combined Equal Weight,NEE,0.016667
2023-10-02,Combined Equal Weight,NEM,0.016667
2023-10-02,Combined Equal Weight,NKE,0.016667
2023-10-02,Combined Equal Weight,NUE,0.016667
2023-10-02,Combined Equal Weight,NVDA,0.016667
2023-10-02,Combined Equal Weight,O,0.016667
2023-10-02,Combined Equal Weight,OXY,0.016667
2023-10-02,Combined Equal Weight,PLD,0.016667
2023-10-02,Combined Equal Weight,PSA,0.016667
2023-10-02,Combined Equal Weight,QCOM,0.016667
2023-10-02,Combined Equal Weight,SBUX,0.016667
2023-10-02,Combined Equal Weight,SHW,0.016667
2023-10-02,Combined Equal Weight,SLB,0.016667
2023-10-02,Combined Equal Weight,SO,0.016667
2023-10-02,Combined Equal Weight,T,0.016667
2023-10-02,Combined Equal Weight,TMUS,0.016667
2023-10-02,Combined Equal Weight,TTWO,0.016667
2023-10-02,Combined Equal Weight,UPS,0.016667
2023-10-02,Combined Equal Weight,USB,0.016667
2023-10-02,Combined Equal Weight,V,0.016667
2023-10-02,Combined Equal Weight,WFC,0.016667
2023-10-02,Combined Equal Weight,WMT,0.016667
2023-10-02,Combined Equal Weight,XOM,0.016667
2023-10-02,Combined Equal Weight,ADA-USD,0.016667
2023-10-02,Combined Equal Weight,BCH-USD,0.016667
2023-10-02,Combined Equal Weight,BTC-USD,0.016667
2023-10-02,Combined Equal Weight,EOS-USD,0.016667
2023-10-02,Combined Equal Weight,ETC-USD,0.016667
2023-10-02,Combined Equal Weight,ETH-USD,0.016667
2023-10-02,Combined Equal Weight,LTC-USD,0.016667
2023-10-02,Combined Equal Weight,TRX-USD,0.016667
2023-10-02,Combined Equal Weight,XLM-USD,0.016667
2023-10-02,Combined Equal Weight,XRP-USD,0.016667
2023-11-01,Combined Equal Weight,ABBV,0.016667
2023-11-01,Combined Equal Weight,ABT,0.016667
2023-11-01,Combined Equal Weight,ADBE,0.016667
2023-11-01,Combined Equal Weight,AEP,0.016667
2023-11-01,Combined Equal Weight,AMD,0.016667
2023-11-01,Combined Equal Weight,AMGN,0.016667
2023-11-01,Combined Equal Weight,AMT,0.016667
2023-11-01,Combined Equal Weight,BA,0.016667
2023-11-01,Combined Equal Weight,CAT,0.016667
2023-11-01,Combined Equal Weight,CCI,0.016667
2023-11-01,Combined Equal Weight,CMCSA,0.016667
2023-11-01,Combined Equal Weight,COP,0.016667
2023-11-01,Combined Equal Weight,CVX,0.016667
2023-11-01,Combined Equal Weight,D,0.016667
2023-11-01,Combined Equal Weight,DD,0.016667
2023-11-01,Combined Equal Weight,DIS,0.016667
2023-11-01,Combined Equal Weight,DOW,0.016667
2023-11-01,Combined Equal Weight,DUK,0.016667
2023-11-01,Combined Equal Weight,EA,0.016667
2023-11-01,Combined Equal Weight,GE,0.016667
2023-11-01,Combined Equal Weight,GILD,0.016667
2023-11-01,Combined Equal Weight,GS,0.016667
2023-11-01,Combined Equal Weight,INTC,0.016667
2023-11-01,Combined Equal Weight,KO,0.016667
2023-11-01,Combined Equal Weight,MMM,0.016667
2023-11-01,Combined Equal Weight,MRK,0.016667
2023-11-01,Combined Equal Weight,MS,0.016667
2023-11-01,Combined Equal Weight,NEE,0.016667
2023-11-01,Combined Equal Weight,NEM,0.016667
2023-11-01,Combined Equal Weight,NKE,0.016667
2023-11-01,Combined Equal Weight,NUE,0.016667
2023-11-01,Combined Equal Weight,NVDA,0.016667
2023-11-01,Combined Equal Weight,O,0.016667
2023-11-01,Combined Equal Weight,OXY,0.016667
2023-11-01,Combined Equal Weight,PLD,0.016667
2023-11-01,Combined Equal Weight,PSA,0.016667
2023-11-01,Combined Equal Weight,QCOM,0.016667
2023-11-01,Combined Equal Weight,SBUX,0.016667
2023-11-01,Combined Equal Weight,SHW,0.016667
2023-11-01,Combined Equal Weight,SLB,0.016667
2023-11-01,Combined Equal Weight,SO,0.016667
2023-11-01,Combined Equal Weight,T,0.016667
2023-11-01,Combined Equal Weight,TMUS,0.016667
2023-11-01,Combined Equal Weight,TTWO,0.016667
2023-11-01,Combined Equal Weight,UPS,0.016667
2023-11-01,Combined Equal Weight,USB,0.016667
2023-11-01,Combined Equal Weight,V,0.016667
2023-11-01,Combined Equal Weight,WFC,0.016667
2023-11-01,Combined Equal Weight,WMT,0.016667
2023-11-01,Combined Equal Weight,XOM,0.016667
2023-11-01,Combined Equal Weight,ADA-USD,0.016667
2023-11-01,Combined Equal Weight,BCH-USD,0.016667
2023-11-01,Combined Equal Weight,BTC-USD,0.016667
2023-11-01,Combined Equal Weight,EOS-USD,0.016667
2023-11-01,Combined Equal Weight,ETC-USD,0.016667
2023-11-01,Combined Equal Weight,ETH-USD,0.016667
2023-11-01,Combined Equal Weight,LTC-USD,0.016667
2023-11-01,Combined Equal Weight,TRX-USD,0.016667
2023-11-01,Combined Equal Weight,XLM-USD,0.016667
2023-11-01,Combined Equal Weight,XRP-USD,0.016667
2023-12-01,Combined Equal Weight,ABBV,0.016667
2023-12-01,Combined Equal Weight,ABT,0.016667
2023-12-01,Combined Equal Weight,ADBE,0.016667
2023-12-01,Combined Equal Weight,AEP,0.016667
2023-12-01,Combined Equal Weight,AMD,0.016667
2023-12-01,Combined Equal Weight,AMGN,0.016667
2023-12-01,Combined Equal Weight,AMT,0.016667
2023-12-01,Combined Equal Weight,BA,0.016667
2023-12-01,Combined Equal Weight,CAT,0.016667
2023-12-01,Combined Equal Weight,CCI,0.016667
2023-12-01,Combined Equal Weight,CMCSA,0.016667
2023-12-01,Combined Equal Weight,COP,0.016667
2023-12-01,Combined Equal Weight,CVX,0.016667
2023-12-01,Combined Equal Weight,D,0.016667
2023-12-01,Combined Equal Weight,DD,0.016667
2023-12-01,Combined Equal Weight,DIS,0.016667
2023-12-01,Combined Equal Weight,DOW,0.016667
2023-12-01,Combined Equal Weight,DUK,0.016667
2023-12-01,Combined Equal Weight,EA,0.016667
2023-12-01,Combined Equal Weight,GE,0.016667
2023-12-01,Combined Equal Weight,GILD,0.016667
2023-12-01,Combined Equal Weight,GS,0.016667
2023-12-01,Combined Equal Weight,INTC,0.016667
2023-12-01,Combined Equal Weight,KO,0.016667
2023-12-01,Combined Equal Weight,MMM,0.016667
2023-12-01,Combined Equal Weight,MRK,0.016667
2023-12-01,Combined Equal Weight,MS,0.016667
2023-12-01,Combined Equal Weight,NEE,0.016667
2023-12-01,Combined Equal Weight,NEM,0.016667
2023-12-01,Combined Equal Weight,NKE,0.016667
2023-12-01,Combined Equal Weight,NUE,0.016667
2023-12-01,Combined Equal Weight,NVDA,0.016667
2023-12-01,Combined Equal Weight,O,0.016667
2023-12-01,Combined Equal Weight,OXY,0.016667
2023-12-01,Combined Equal Weight,PLD,0.016667
2023-12-01,Combined Equal Weight,PSA,0.016667
2023-12-01,Combined Equal Weight,QCOM,0.016667
2023-12-01,Combined Equal Weight,SBUX,0.016667
2023-12-01,Combined Equal Weight,SHW,0.016667
2023-12-01,Combined Equal Weight,SLB,0.016667
2023-12-01,Combined Equal Weight,SO,0.016667
2023-12-01,Combined Equal Weight,T,0.016667
2023-12-01,Combined Equal Weight,TMUS,0.016667
2023-12-01,Combined Equal Weight,TTWO,0.016667
2023-12-01,Combined Equal Weight,UPS,0.016667
2023-12-01,Combined Equal Weight,USB,0.016667
2023-12-01,Combined Equal Weight,V,0.016667
2023-12-01,Combined Equal Weight,WFC,0.016667
2023-12-01,Combined Equal Weight,WMT,0.016667
2023-12-01,Combined Equal Weight,XOM,0.016667
2023-12-01,Combined Equal Weight,ADA-USD,0.016667
2023-12-01,Combined Equal Weight,BCH-USD,0.016667
2023-12-01,Combined Equal Weight,BTC-USD,0.016667
2023-12-01,Combined Equal Weight,EOS-USD,0.016667
2023-12-01,Combined Equal Weight,ETC-USD,0.016667
2023-12-01,Combined Equal Weight,ETH-USD,0.016667
2023-12-01,Combined Equal Weight,LTC-USD,0.016667
2023-12-01,Combined Equal Weight,TRX-USD,0.016667
2023-12-01,Combined Equal Weight,XLM-USD,0.016667
2023-12-01,Combined Equal Weight,XRP-USD,0.016667
2021-01-04,Combined Min Variance,ABBV,0.162224
2021-01-04,Combined Min Variance,EA,0.073427
2021-01-04,Combined Min Variance,GILD,0.127456
2021-01-04,Combined Min Variance,MMM,0.078412
2021-01-04,Combined Min Variance,MRK,0.058489
2021-01-04,Combined Min Variance,NEM,0.137053
2021-01-04,Combined Min Variance,NKE,0.005424
2021-01-04,Combined Min Variance,PSA,0.075529
2021-01-04,Combined Min Variance,TTWO,0.037446
2021-01-04,Combined Min Variance,UPS,0.014183
2021-01-04,Combined Min Variance,WMT,0.230357
2021-02-01,Combined Min Variance,ABBV,0.148235
2021-02-01,Combined Min Variance,EA,0.086947
2021-02-01,Combined Min Variance,GILD,0.119944
2021-02-01,Combined Min Variance,MMM,0.101331
2021-02-01,Combined Min Variance,MRK,0.067891
2021-02-01,Combined Min Variance,NEM,0.128287
2021-02-01,Combined Min Variance,PSA,0.080964
2021-02-01,Combined Min Variance,TTWO,0.031771
2021-02-01,Combined Min Variance,UPS,0.00735
2021-02-01,Combined Min Variance,WMT,0.22728
2021-03-01,Combined Min Variance,ABBV,0.179502
2021-03-01,Combined Min Variance,EA,0.093657
2021-03-01,Combined Min Variance,GILD,0.131783
2021-03-01,Combined Min Variance,MMM,0.078119
2021-03-01,Combined Min Variance,MRK,0.023035
2021-03-01,Combined Min Variance,NEM,0.132117
2021-03-01,Combined Min Variance,PSA,0.116853
2021-03-01,Combined Min Variance,TTWO,0.014504
2021-03-01,Combined Min Variance,UPS,0.02153
2021-03-01,Combined Min Variance,WMT,0.2089
2021-04-01,Combined Min Variance,ABBV,0.11209
2021-04-01,Combined Min Variance,D,0.061501
2021-04-01,Combined Min Variance,DIS,0.003823
2021-04-01,Combined Min Variance,EA,0.091145
2021-04-01,Combined Min Variance,GILD,0.053833
2021-04-01,Combined Min Variance,MMM,0.106928
2021-04-01,Combined Min Variance,MRK,0.043906
2021-04-01,Combined Min Variance,PSA,0.120538
2021-04-01,Combined Min Variance,T,0.091963
2021-04-01,Combined Min Variance,TTWO,0.073063
2021-04-01,Combined Min Variance,WMT,0.226357
2021-04-01,Combined Min Variance,BTC-USD,0.002933
2021-04-01,Combined Min Variance,TRX-USD,0.011919
2021-05-03,Combined Min Variance,ABBV,0.088577
2021-05-03,Combined Min Variance,AEP,0.057447
2021-05-03,Combined Min Variance,D,0.084011
2021-05-03,Combined Min Variance,DUK,0.010874
2021-05-03,Combined Min Variance,EA,0.064069
2021-05-03,Combined Min Variance,GILD,0.044039
2021-05-03,Combined Min Variance,MMM,0.074364
2021-05-03,Combined Min Variance,MRK,0.103239
2021-05-03,Combined Min Variance,NKE,0.024318
2021-05-03,Combined Min Variance,PSA,0.061437
2021-05-03,Combined Min Variance,T,0.114664
2021-05-03,Combined Min Variance,TTWO,0.058692
2021-05-03,Combined Min Variance,WMT,0.198827
2021-05-03,Combined Min Variance,BTC-USD,0.00554
2021-05-03,Combined Min Variance,TRX-USD,0.0099
2021-06-01,Combined Min Variance,ABBV,0.048789
2021-06-01,Combined Min Variance,AEP,0.090911
2021-06-01,Combined Min Variance,D,0.052154
2021-06-01,Combined Min Variance,DIS,0.009323
2021-06-01,Combined Min Variance,DUK,0.012904
2021-06-01,Combined Min Variance,EA,0.061816
2021-06-01,Combined Min Variance,GILD,0.058311
2021-06-01,Combined Min Variance,MMM,0.086458
2021-06-01,Combined Min Variance,MRK,0.117186
2021-06-01,Combined Min Variance,NKE,0.024531
2021-06-01,Combined Min Variance,PSA,0.086934
2021-06-01,Combined Min Variance,T,0.116606
2021-06-01,Combined Min Variance,TTWO,0.058301
2021-06-01,Combined Min Variance,WMT,0.171566
2021-06-01,Combined Min Variance,TRX-USD,0.00421
2021-07-01,Combined Min Variance,ABBV,0.04092
2021-07-01,Combined Min Variance,AEP,0.071608
2021-07-01,Combined Min Variance,AMD,0.005494
2021-07-01,Combined Min Variance,CCI,0.05321
2021-07-01,Combined Min Variance,D,0.026435
2021-07-01,Combined Min Variance,DIS,0.014134
2021-07-01,Combined Min Variance,EA,0.024485
2021-07-01,Combined Min Variance,GILD,0.029793
2021-07-01,Combined Min Variance,GS,0.020537
2021-07-01,Combined Min Variance,MMM,0.097205
2021-07-01,Combined Min Variance,MRK,0.130417
2021-07-01,Combined Min Variance,NKE,0.036633
2021-07-01,Combined Min Variance,PSA,0.102158
2021-07-01,Combined Min Variance,SBUX,0.021295
2021-07-01,Combined Min Variance,T,0.164419
2021-07-01,Combined Min Variance,TTWO,0.052467
2021-07-01,Combined Min Variance,WMT,0.101382
2021-07-01,Combined Min Variance,TRX-USD,0.00741
2021-08-02,Combined Min Variance,ABBV,0.032265
2021-08-02,Combined Min Variance,ABT,0.0072
2021-08-02,Combined Min Variance,AEP,0.080944
2021-08-02,Combined Min Variance,AMD,0.000557
2021-08-02,Combined Min Variance,CAT,0.003167
2021-08-02,Combined Min Variance,CCI,0.065345
2021-08-02,Combined Min Variance,DIS,0.014027
2021-08-02,Combined Min Variance,DUK,0.012216
2021-08-02,Combined Min Variance,EA,0.020863
2021-08-02,Combined Min Variance,GILD,0.02361
2021-08-02,Combined Min Variance,GS,0.023425
2021-08-02,Combined Min Variance,MMM,0.086776
2021-08-02,Combined Min Variance,MRK,0.141301
2021-08-02,Combined Min Variance,NKE,0.034207
2021-08-02,Combined Min Variance,PSA,0.102916
2021-08-02,Combined Min Variance,SBUX,0.013032
2021-08-02,Combined Min Variance,T,0.165689
2021-08-02,Combined Min Variance,TTWO,0.06031
2021-08-02,Combined Min Variance,WMT,0.105099
2021-08-02,Combined Min Variance,TRX-USD,0.007051
2021-09-01,Combined Min Variance,ABBV,0.024749
2021-09-01,Combined Min Variance,ABT,0.005888
2021-09-01,Combined Min Variance,AEP,0.092076
2021-09-01,Combined Min Variance,AMD,0.009533
2021-09-01,Combined Min Variance,CAT,0.000537
2021-09-01,Combined Min Variance,CCI,0.068353
2021-09-01,Combined Min Variance,DIS,0.013418
2021-09-01,Combined Min Variance,DUK,0.009927
2021-09-01,Combined Min Variance,EA,0.020643
2021-09-01,Combined Min Variance,GILD,0.020276
2021-09-01,Combined Min Variance,GS,0.030531
2021-09-01,Combined Min Variance,MMM,0.080156
2021-09-01,Combined Min Variance,MRK,0.127877
2021-09-01,Combined Min Variance,NKE,0.031026
2021-09-01,Combined Min Variance,PSA,0.114423
2021-09-01,Combined Min Variance,SBUX,0.000968
2021-09-01,Combined Min Variance,T,0.164478
2021-09-01,Combined Min Variance,TTWO,0.061774
2021-09-01,Combined Min Variance,WMT,0.115941
2021-09-01,Combined Min Variance,TRX-USD,0.007426
2021-10-01,Combined Min Variance,ABT,0.033415
2021-10-01,Combined Min Variance,AEP,0.053087
2021-10-01,Combined Min Variance,AMD,0.02009
2021-10-01,Combined Min Variance,CCI,0.090252
2021-10-01,Combined Min Variance,DD,0.000885
2021-10-01,Combined Min Variance,DIS,0.007715
2021-10-01,Combined Min Variance,DUK,0.045576
2021-10-01,Combined Min Variance,EA,0.045655
2021-10-01,Combined Min Variance,GILD,0.006666
2021-10-01,Combined Min Variance,GS,0.044593
2021-10-01,Combined Min Variance,INTC,0.002143
2021-10-01,Combined Min Variance,KO,0.001633
2021-10-01,Combined Min Variance,MMM,0.082561
2021-10-01,Combined Min Variance,MRK,0.145914
2021-10-01,Combined Min Variance,OXY,0.002421
2021-10-01,Combined Min Variance,PSA,0.093858
2021-10-01,Combined Min Variance,SBUX,0.02024
2021-10-01,Combined Min Variance,SLB,0.001757
2021-10-01,Combined Min Variance,T,0.133703
2021-10-01,Combined Min Variance,TTWO,0.040306
2021-10-01,Combined Min Variance,WMT,0.127529
2021-11-01,Combined Min Variance,ABBV,0.016367
2021-11-01,Combined Min Variance,ABT,0.055877
2021-11-01,Combined Min Variance,AEP,0.04724
2021-11-01,Combined Min Variance,AMD,0.035205
2021-11-01,Combined Min Variance,CCI,0.055783
2021-11-01,Combined Min Variance,COP,0.000915
2021-11-01,Combined Min Variance,DUK,0.054349
2021-11-01,Combined Min Variance,EA,0.052693
2021-11-01,Combined Min Variance,GILD,0.044565
2021-11-01,Combined Min Variance,GS,0.063038
2021-11-01,Combined Min Variance,INTC,0.000147
2021-11-01,Combined Min Variance,KO,0.063298
2021-11-01,Combined Min Variance,MMM,0.064048
2021-11-01,Combined Min Variance,MRK,0.073178
2021-11-01,Combined Min Variance,NEM,0.001483
2021-11-01,Combined Min Variance,OXY,0.004139
2021-11-01,Combined Min Variance,PSA,0.10198
2021-11-01,Combined Min Variance,SBUX,0.01333
2021-11-01,Combined Min Variance,T,0.110092
2021-11-01,Combined Min Variance,TMUS,0.001124
2021-11-01,Combined Min Variance,TTWO,0.027052
2021-11-01,Combined Min Variance,UPS,0.007706
2021-11-01,Combined Min Variance,WMT,0.10639
2021-12-01,Combined Min Variance,ABBV,0.031372
2021-12-01,Combined Min Variance,ABT,0.076645
2021-12-01,Combined Min Variance,AEP,0.053322
2021-12-01,Combined Min Variance,AMD,0.025858
2021-12-01,Combined Min Variance,CCI,0.000647
2021-12-01,Combined Min Variance,COP,0.012405
2021-12-01,Combined Min Variance,CVX,0.012946
2021-12-01,Combined Min Variance,DIS,0.004938
2021-12-01,Combined Min Variance,DUK,0.06655
2021-12-01,Combined Min Variance,EA,0.067803
2021-12-01,Combined Min Variance,GILD,0.039565
2021-12-01,Combined Min Variance,GS,0.051405
2021-12-01,Combined Min Variance,INTC,0.00659
2021-12-01,Combined Min Variance,KO,0.033775
2021-12-01,Combined Min Variance,MMM,0.063272
2021-12-01,Combined Min Variance,MRK,0.034179
2021-12-01,Combined Min Variance,NEM,0.014994
2021-12-01,Combined Min Variance,NKE,0.001562
2021-12-01,Combined Min Variance,O,0.004451
2021-12-01,Combined Min Variance,PSA,0.126041
2021-12-01,Combined Min Variance,SBUX,0.011622
2021-12-01,Combined Min Variance,SHW,0.027526
2021-12-01,Combined Min Variance,SO,0.011095
2021-12-01,Combined Min Variance,T,0.087894
2021-12-01,Combined Min Variance,TTWO,0.021398
2021-12-01,Combined Min Variance,UPS,0.000746
2021-12-01,Combined Min Variance,WMT,0.111398
2022-01-03,Combined Min Variance,ABBV,0.022008
2022-01-03,Combined Min Variance,ABT,0.068284
2022-01-03,Combined Min Variance,ADBE,0.011485
2022-01-03,Combined Min Variance,AEP,0.053793
2022-01-03,Combined Min Variance,AMD,0.022344
2022-01-03,Combined Min Variance,CVX,0.017129
2022-01-03,Combined Min Variance,DIS,0.024477
2022-01-03,Combined Min Variance,DUK,0.070138
2022-01-03,Combined Min Variance,EA,0.05929
2022-01-03,Combined Min Variance,GILD,0.069338
2022-01-03,Combined Min Variance,GS,0.044539
2022-01-03,Combined Min Variance,INTC,0.007947
2022-01-03,Combined Min Variance,KO,0.025448
2022-01-03,Combined Min Variance,MMM,0.076053
2022-01-03,Combined Min Variance,MRK,0.048747
2022-01-03,Combined Min Variance,NEM,0.013889
2022-01-03,Combined Min Variance,NKE,0.009634
2022-01-03,Combined Min Variance,O,0.006465
2022-01-03,Combined Min Variance,OXY,0.004194
2022-01-03,Combined Min Variance,PSA,0.114222
2022-01-03,Combined Min Variance,SHW,0.006823
2022-01-03,Combined Min Variance,SO,0.013173
2022-01-03,Combined Min Variance,T,0.073564
2022-01-03,Combined Min Variance,TTWO,0.019721
2022-01-03,Combined Min Variance,UPS,0.004207
2022-01-03,Combined Min Variance,WMT,0.113091
2022-02-01,Combined Min Variance,ABBV,0.047153
2022-02-01,Combined Min Variance,ABT,0.03517
2022-02-01,Combined Min Variance,ADBE,0.007465
2022-02-01,Combined Min Variance,AEP,0.038919
2022-02-01,Combined Min Variance,AMD,0.008265
2022-02-01,Combined Min Variance,CAT,0.017945
2022-02-01,Combined Min Variance,CVX,0.07589
2022-02-01,Combined Min Variance,DIS,0.014473
2022-02-01,Combined Min Variance,DUK,0.058212
2022-02-01,Combined Min Variance,EA,0.06342
2022-02-01,Combined Min Variance,GILD,0.068932
2022-02-01,Combined Min Variance,GS,0.003672
2022-02-01,Combined Min Variance,INTC,0.013928
2022-02-01,Combined Min Variance,KO,0.030106
2022-02-01,Combined Min Variance,MMM,0.016335
2022-02-01,Combined Min Variance,MRK,0.063104
2022-02-01,Combined Min Variance,MS,0.019823
2022-02-01,Combined Min Variance,NEM,0.012273
2022-02-01,Combined Min Variance,NKE,0.017085
2022-02-01,Combined Min Variance,O,0.00768
2022-02-01,Combined Min Variance,PSA,0.105126
2022-02-01,Combined Min Variance,SBUX,0.024573
2022-02-01,Combined Min Variance,SHW,0.01317
2022-02-01,Combined Min Variance,SO,0.100584
2022-02-01,Combined Min Variance,T,0.009448
2022-02-01,Combined Min Variance,TTWO,0.031494
2022-02-01,Combined Min Variance,UPS,0.002638
2022-02-01,Combined Min Variance,WMT,0.093117
2022-03-01,Combined Min Variance,ABBV,0.034876
2022-03-01,Combined Min Variance,ABT,0.013572
2022-03-01,Combined Min Variance,ADBE,0.01039
2022-03-01,Combined Min Variance,AEP,0.041995
2022-03-01,Combined Min Variance,CAT,0.013238
2022-03-01,Combined Min Variance,CVX,0.059078
2022-03-01,Combined Min Variance,DIS,0.067323
2022-03-01,Combined Min Variance,DUK,0.007428
2022-03-01,Combined Min Variance,EA,0.068441
2022-03-01,Combined Min Variance,GILD,0.139376
2022-03-01,Combined Min Variance,GS,0.002352
2022-03-01,Combined Min Variance,INTC,0.000214
2022-03-01,Combined Min Variance,KO,0.090959
2022-03-01,Combined Min Variance,MRK,0.047272
2022-03-01,Combined Min Variance,MS,0.010314
2022-03-01,Combined Min Variance,NEM,0.022033
2022-03-01,Combined Min Variance,NKE,0.022475
2022-03-01,Combined Min Variance,O,0.005556
2022-03-01,Combined Min Variance,OXY,0.003944
2022-03-01,Combined Min Variance,PSA,0.068922
2022-03-01,Combined Min Variance,SO,0.088369
2022-03-01,Combined Min Variance,TTWO,0.040214
2022-03-01,Combined Min Variance,UPS,0.01178
2022-03-01,Combined Min Variance,WMT,0.129878
2022-04-01,Combined Min Variance,ABBV,0.045623
2022-04-01,Combined Min Variance,ABT,4.5e-05
2022-04-01,Combined Min Variance,ADBE,0.010649
2022-04-01,Combined Min Variance,AEP,0.012973
2022-04-01,Combined Min Variance,AMD,0.002525
2022-04-01,Combined Min Variance,CAT,0.028902
2022-04-01,Combined Min Variance,CVX,0.085628
2022-04-01,Combined Min Variance,DIS,0.049129
2022-04-01,Combined Min Variance,DUK,0.016094
2022-04-01,Combined Min Variance,EA,0.074303
2022-04-01,Combined Min Variance,GILD,0.141455
2022-04-01,Combined Min Variance,INTC,0.001508
2022-04-01,Combined Min Variance,KO,0.08794
2022-04-01,Combined Min Variance,MRK,0.050629
2022-04-01,Combined Min Variance,NEE,0.01913
2022-04-01,Combined Min Variance,NEM,0.035543
2022-04-01,Combined Min Variance,NKE,0.013891
2022-04-01,Combined Min Variance,O,0.007664
2022-04-01,Combined Min Variance,PSA,0.04944
2022-04-01,Combined Min Variance,SHW,0.008297
2022-04-01,Combined Min Variance,SO,0.094828
2022-04-01,Combined Min Variance,TMUS,0.014309
2022-04-01,Combined Min Variance,TTWO,0.033454
2022-04-01,Combined Min Variance,WMT,0.115293
2022-04-01,Combined Min Variance,BTC-USD,0.000748
2022-05-02,Combined Min Variance,ABBV,0.01916
2022-05-02,Combined Min Variance,ADBE,0.016107
2022-05-02,Combined Min Variance,AMGN,0.009968
2022-05-02,Combined Min Variance,CAT,0.042904
2022-05-02,Combined Min Variance,CVX,0.064283
2022-05-02,Combined Min Variance,DIS,0.039977
2022-05-02,Combined Min Variance,DUK,0.08801
2022-05-02,Combined Min Variance,EA,0.093757
2022-05-02,Combined Min Variance,GILD,0.128517
2022-05-02,Combined Min Variance,KO,0.11014
2022-05-02,Combined Min Variance,MRK,0.055146
2022-05-02,Combined Min Variance,NEM,0.048133
2022-05-02,Combined Min Variance,SHW,0.06886
2022-05-02,Combined Min Variance,SO,0.068197
2022-05-02,Combined Min Variance,TTWO,0.038885
2022-05-02,Combined Min Variance,WMT,0.107956
2022-06-01,Combined Min Variance,ABBV,0.065643
2022-06-01,Combined Min Variance,AMGN,0.034634
2022-06-01,Combined Min Variance,CAT,0.015532
2022-06-01,Combined Min Variance,CVX,0.034241
2022-06-01,Combined Min Variance,DIS,0.053423
2022-06-01,Combined Min Variance,DUK,0.157855
2022-06-01,Combined Min Variance,EA,0.093365
2022-06-01,Combined Min Variance,GILD,0.172125
2022-06-01,Combined Min Variance,INTC,0.000848
2022-06-01,Combined Min Variance,MRK,0.069253
2022-06-01,Combined Min Variance,NEM,0.063129
2022-06-01,Combined Min Variance,SHW,0.053787
2022-06-01,Combined Min Variance,SO,0.058279
2022-06-01,Combined Min Variance,TTWO,0.025404
2022-06-01,Combined Min Variance,UPS,0.005147
2022-06-01,Combined Min Variance,WMT,0.086941
2022-06-01,Combined Min Variance,BTC-USD,0.010393
2022-07-01,Combined Min Variance,ABBV,0.04432
2022-07-01,Combined Min Variance,AMGN,0.070424
2022-07-01,Combined Min Variance,CAT,0.00875
2022-07-01,Combined Min Variance,CVX,0.046901
2022-07-01,Combined Min Variance,DIS,0.051793
2022-07-01,Combined Min Variance,DUK,0.172707
2022-07-01,Combined Min Variance,EA,0.091383
2022-07-01,Combined Min Variance,GILD,0.174185
2022-07-01,Combined Min Variance,KO,0.031258
2022-07-01,Combined Min Variance,MMM,0.002306
2022-07-01,Combined Min Variance,MRK,0.060886
2022-07-01,Combined Min Variance,NEM,0.062057
2022-07-01,Combined Min Variance,SHW,0.028025
2022-07-01,Combined Min Variance,SO,0.008585
2022-07-01,Combined Min Variance,TTWO,0.027265
2022-07-01,Combined Min Variance,UPS,0.008829
2022-07-01,Combined Min Variance,WMT,0.110325
2022-08-01,Combined Min Variance,ABBV,0.055768
2022-08-01,Combined Min Variance,AEP,0.000449
2022-08-01,Combined Min Variance,AMGN,0.073369
2022-08-01,Combined Min Variance,CVX,0.047997
2022-08-01,Combined Min Variance,DIS,0.05159
2022-08-01,Combined Min Variance,DUK,0.158641
2022-08-01,Combined Min Variance,EA,0.095347
2022-08-01,Combined Min Variance,GILD,0.169881
2022-08-01,Combined Min Variance,KO,0.030174
2022-08-01,Combined Min Variance,MMM,0.032324
2022-08-01,Combined Min Variance,MRK,0.061469
2022-08-01,Combined Min Variance,NEM,0.059641
2022-08-01,Combined Min Variance,SHW,0.022266
2022-08-01,Combined Min Variance,SO,0.005432
2022-08-01,Combined Min Variance,TTWO,0.027345
2022-08-01,Combined Min Variance,WMT,0.108306
2022-09-01,Combined Min Variance,ABBV,0.054136
2022-09-01,Combined Min Variance,AMGN,0.13331
2022-09-01,Combined Min Variance,CVX,0.073924
2022-09-01,Combined Min Variance,DIS,0.02959
2022-09-01,Combined Min Variance,DUK,0.10924
2022-09-01,Combined Min Variance,EA,0.101092
2022-09-01,Combined Min Variance,GILD,0.14093
2022-09-01,Combined Min Variance,KO,0.034098
2022-09-01,Combined Min Variance,MRK,0.064991
2022-09-01,Combined Min Variance,NEM,0.059364
2022-09-01,Combined Min Variance,O,0.018647
2022-09-01,Combined Min Variance,SHW,0.02592
2022-09-01,Combined Min Variance,SO,0.038722
2022-09-01,Combined Min Variance,TTWO,0.012325
2022-09-01,Combined Min Variance,UPS,0.004972
2022-09-01,Combined Min Variance,WMT,0.09874
2022-10-03,Combined Min Variance,ABBV,0.073343
2022-10-03,Combined Min Variance,AMGN,0.163614
2022-10-03,Combined Min Variance,CVX,0.077872
2022-10-03,Combined Min Variance,DUK,0.056642
2022-10-03,Combined Min Variance,EA,0.09413
2022-10-03,Combined Min Variance,GILD,0.096929
2022-10-03,Combined Min Variance,KO,0.064669
2022-10-03,Combined Min Variance,MMM,0.020646
2022-10-03,Combined Min Variance,MRK,0.079272
2022-10-03,Combined Min Variance,NEM,0.055497
2022-10-03,Combined Min Variance,O,0.073913
2022-10-03,Combined Min Variance,SHW,0.013458
2022-10-03,Combined Min Variance,TTWO,0.013793
2022-10-03,Combined Min Variance,UPS,0.001005
2022-10-03,Combined Min Variance,WMT,0.115217
2022-11-01,Combined Min Variance,ABBV,0.08875
2022-11-01,Combined Min Variance,AMGN,0.17314
2022-11-01,Combined Min Variance,CVX,0.070107
2022-11-01,Combined Min Variance,DUK,0.020675
2022-11-01,Combined Min Variance,EA,0.106484
2022-11-01,Combined Min Variance,GILD,0.039263
2022-11-01,Combined Min Variance,KO,0.07999
2022-11-01,Combined Min Variance,MRK,0.133178
2022-11-01,Combined Min Variance,NEM,0.054945
2022-11-01,Combined Min Variance,O,0.08095
2022-11-01,Combined Min Variance,SO,0.002997
2022-11-01,Combined Min Variance,TTWO,0.018346
2022-11-01,Combined Min Variance,UPS,0.014574
2022-11-01,Combined Min Variance,WMT,0.110841
2022-11-01,Combined Min Variance,XLM-USD,0.005761
2022-12-01,Combined Min Variance,ABBV,0.064621
2022-12-01,Combined Min Variance,AMGN,0.169802
2022-12-01,Combined Min Variance,CVX,0.060146
2022-12-01,Combined Min Variance,D,0.007808
2022-12-01,Combined Min Variance,DUK,0.009188
2022-12-01,Combined Min Variance,EA,0.10529
2022-12-01,Combined Min Variance,GILD,0.027366
2022-12-01,Combined Min Variance,KO,0.094925
2022-12-01,Combined Min Variance,MRK,0.237407
2022-12-01,Combined Min Variance,NEM,0.015279
2022-12-01,Combined Min Variance,O,0.043047
2022-12-01,Combined Min Variance,TTWO,0.036401
2022-12-01,Combined Min Variance,WMT,0.112629
2022-12-01,Combined Min Variance,XOM,0.016089
2023-01-03,Combined Min Variance,ABBV,0.07762
2023-01-03,Combined Min Variance,AMGN,0.175874
2023-01-03,Combined Min Variance,CVX,0.051777
2023-01-03,Combined Min Variance,D,0.015683
2023-01-03,Combined Min Variance,DUK,0.02024
2023-01-03,Combined Min Variance,EA,0.104537
2023-01-03,Combined Min Variance,GILD,0.010835
2023-01-03,Combined Min Variance,KO,0.090953
2023-01-03,Combined Min Variance,MRK,0.220566
2023-01-03,Combined Min Variance,NEM,0.014628
2023-01-03,Combined Min Variance,O,0.05985
2023-01-03,Combined Min Variance,T,0.003396
2023-01-03,Combined Min Variance,TTWO,0.035001
2023-01-03,Combined Min Variance,WMT,0.107728
2023-01-03,Combined Min Variance,XOM,0.008692
2023-01-03,Combined Min Variance,TRX-USD,0.00262
2023-02-01,Combined Min Variance,ABBV,0.061754
2023-02-01,Combined Min Variance,AMGN,0.179924
2023-02-01,Combined Min Variance,CVX,0.051446
2023-02-01,Combined Min Variance,D,0.032195
2023-02-01,Combined Min Variance,DUK,0.011339
2023-02-01,Combined Min Variance,EA,0.132058
2023-02-01,Combined Min Variance,KO,0.075961
2023-02-01,Combined Min Variance,MRK,0.213041
2023-02-01,Combined Min Variance,NEM,0.006305
2023-02-01,Combined Min Variance,O,0.070678
2023-02-01,Combined Min Variance,T,0.02937
2023-02-01,Combined Min Variance,TTWO,0.022582
2023-02-01,Combined Min Variance,WMT,0.102189
2023-02-01,Combined Min Variance,XOM,0.006321
2023-02-01,Combined Min Variance,TRX-USD,0.004838
2023-03-01,Combined Min Variance,ABBV,0.049192
2023-03-01,Combined Min Variance,AMGN,0.199858
2023-03-01,Combined Min Variance,CVX,0.061481
2023-03-01,Combined Min Variance,D,0.006824
2023-03-01,Combined Min Variance,DUK,0.044787
2023-03-01,Combined Min Variance,EA,0.094155
2023-03-01,Combined Min Variance,KO,0.084102
2023-03-01,Combined Min Variance,MRK,0.204759
2023-03-01,Combined Min Variance,NEM,0.001157
2023-03-01,Combined Min Variance,O,0.086938
2023-03-01,Combined Min Variance,T,0.04362
2023-03-01,Combined Min Variance,TTWO,0.027539
2023-03-01,Combined Min Variance,WMT,0.095588
2023-04-03,Combined Min Variance,ABBV,0.055466
2023-04-03,Combined Min Variance,AMGN,0.190933
2023-04-03,Combined Min Variance,CVX,0.032554
2023-04-03,Combined Min Variance,D,0.013722
2023-04-03,Combined Min Variance,DUK,0.012559
2023-04-03,Combined Min Variance,EA,0.104437
2023-04-03,Combined Min Variance,KO,0.133428
2023-04-03,Combined Min Variance,MRK,0.188547
2023-04-03,Combined Min Variance,NEM,0.00603
2023-04-03,Combined Min Variance,O,0.071928
2023-04-03,Combined Min Variance,T,0.051579
2023-04-03,Combined Min Variance,TTWO,0.024144
2023-04-03,Combined Min Variance,WMT,0.105182
2023-04-03,Combined Min Variance,XOM,0.009492
2023-05-01,Combined Min Variance,ABBV,0.077401
2023-05-01,Combined Min Variance,AMGN,0.179021
2023-05-01,Combined Min Variance,CVX,0.042019
2023-05-01,Combined Min Variance,D,0.008502
2023-05-01,Combined Min Variance,EA,0.078506
2023-05-01,Combined Min Variance,KO,0.151282
2023-05-01,Combined Min Variance,MRK,0.176751
2023-05-01,Combined Min Variance,NEM,0.004447
2023-05-01,Combined Min Variance,O,0.103434
2023-05-01,Combined Min Variance,T,0.036094
2023-05-01,Combined Min Variance,TTWO,0.022842
2023-05-01,Combined Min Variance,WMT,0.119703
2023-06-01,Combined Min Variance,ABBV,0.050327
2023-06-01,Combined Min Variance,AMGN,0.080692
2023-06-01,Combined Min Variance,CVX,0.039209
2023-06-01,Combined Min Variance,EA,0.125436
2023-06-01,Combined Min Variance,KO,0.282856
2023-06-01,Combined Min Variance,MRK,0.158115
2023-06-01,Combined Min Variance,O,0.085427
2023-06-01,Combined Min Variance,T,0.024339
2023-06-01,Combined Min Variance,WMT,0.153191
2023-06-01,Combined Min Variance,XOM,0.000407
2023-07-03,Combined Min Variance,ABBV,0.087282
2023-07-03,Combined Min Variance,AMGN,0.012537
2023-07-03,Combined Min Variance,CVX,0.018437
2023-07-03,Combined Min Variance,EA,0.119899
2023-07-03,Combined Min Variance,KO,0.229134
2023-07-03,Combined Min Variance,MRK,0.174044
2023-07-03,Combined Min Variance,O,0.111932
2023-07-03,Combined Min Variance,OXY,0.001854
2023-07-03,Combined Min Variance,T,0.045153
2023-07-03,Combined Min Variance,TMUS,0.032481
2023-07-03,Combined Min Variance,WMT,0.133745
2023-07-03,Combined Min Variance,XOM,0.008124
2023-07-03,Combined Min Variance,TRX-USD,0.025378
2023-08-01,Combined Min Variance,ABBV,0.086961
2023-08-01,Combined Min Variance,AMGN,0.01443
2023-08-01,Combined Min Variance,CVX,0.015961
2023-08-01,Combined Min Variance,EA,0.113919
2023-08-01,Combined Min Variance,KO,0.227439
2023-08-01,Combined Min Variance,MRK,0.157947
2023-08-01,Combined Min Variance,O,0.115903
2023-08-01,Combined Min Variance,OXY,0.009078
2023-08-01,Combined Min Variance,T,0.028253
2023-08-01,Combined Min Variance,TMUS,0.055916
2023-08-01,Combined Min Variance,V,0.004945
2023-08-01,Combined Min Variance,WMT,0.13432
2023-08-01,Combined Min Variance,XOM,0.010903
2023-08-01,Combined Min Variance,TRX-USD,0.024026
2023-09-01,Combined Min Variance,ABBV,0.074862
2023-09-01,Combined Min Variance,AMGN,0.038676
2023-09-01,Combined Min Variance,EA,0.078379
2023-09-01,Combined Min Variance,GE,0.000106
2023-09-01,Combined Min Variance,KO,0.250414
2023-09-01,Combined Min Variance,MRK,0.137076
2023-09-01,Combined Min Variance,O,0.090264
2023-09-01,Combined Min Variance,OXY,0.013352
2023-09-01,Combined Min Variance,T,0.033322
2023-09-01,Combined Min Variance,TMUS,0.039199
2023-09-01,Combined Min Variance,TTWO,0.010485
2023-09-01,Combined Min Variance,V,0.012927
2023-09-01,Combined Min Variance,WMT,0.178472
2023-09-01,Combined Min Variance,XOM,0.020434
2023-09-01,Combined Min Variance,TRX-USD,0.022033
2023-10-02,Combined Min Variance,ABBV,0.062085
2023-10-02,Combined Min Variance,AMGN,0.044508
2023-10-02,Combined Min Variance,CVX,0.03275
2023-10-02,Combined Min Variance,EA,0.07853
2023-10-02,Combined Min Variance,GE,0.008723
2023-10-02,Combined Min Variance,KO,0.278239
2023-10-02,Combined Min Variance,MRK,0.112683
2023-10-02,Combined Min Variance,O,0.05805
2023-10-02,Combined Min Variance,OXY,0.01048
2023-10-02,Combined Min Variance,T,0.027568
2023-10-02,Combined Min Variance,TMUS,0.066782
2023-10-02,Combined Min Variance,TTWO,0.010004
2023-10-02,Combined Min Variance,V,0.024168
2023-10-02,Combined Min Variance,WMT,0.15646
2023-10-02,Combined Min Variance,XOM,0.00309
2023-10-02,Combined Min Variance,TRX-USD,0.025882
2023-11-01,Combined Min Variance,ABBV,0.076616
2023-11-01,Combined Min Variance,AMGN,0.033795
2023-11-01,Combined Min Variance,CMCSA,0.000635
2023-11-01,Combined Min Variance,CVX,0.046885
2023-11-01,Combined Min Variance,DD,0.018362
2023-11-01,Combined Min Variance,EA,0.066507
2023-11-01,Combined Min Variance,GE,0.008696
2023-11-01,Combined Min Variance,GS,0.005426
2023-11-01,Combined Min Variance,KO,0.175951
2023-11-01,Combined Min Variance,MRK,0.121323
2023-11-01,Combined Min Variance,NVDA,0.003692
2023-11-01,Combined Min Variance,O,0.099773
2023-11-01,Combined Min Variance,T,0.04079
2023-11-01,Combined Min Variance,TMUS,0.063152
2023-11-01,Combined Min Variance,V,0.039243
2023-11-01,Combined Min Variance,WMT,0.19433
2023-11-01,Combined Min Variance,TRX-USD,0.004825
2023-12-01,Combined Min Variance,ABBV,0.088932
2023-12-01,Combined Min Variance,ABT,0.018993
2023-12-01,Combined Min Variance,AMD,0.007564
2023-12-01,Combined Min Variance,AMGN,0.00964
2023-12-01,Combined Min Variance,CVX,0.028063
2023-12-01,Combined Min Variance,DD,0.00359
2023-12-01,Combined Min Variance,DUK,0.003619
2023-12-01,Combined Min Variance,EA,0.040742
2023-12-01,Combined Min Variance,GE,0.013347
2023-12-01,Combined Min Variance,INTC,0.002762
2023-12-01,Combined Min Variance,KO,0.180913
2023-12-01,Combined Min Variance,MRK,0.102841
2023-12-01,Combined Min Variance,NEM,0.009161
2023-12-01,Combined Min Variance,NVDA,0.011336
2023-12-01,Combined Min Variance,O,0.084366
2023-12-01,Combined Min Variance,OXY,0.025729
2023-12-01,Combined Min Variance,T,0.034671
2023-12-01,Combined Min Variance,TMUS,0.064873
2023-12-01,Combined Min Variance,V,0.073993
2023-12-01,Combined Min Variance,WMT,0.170082
2023-12-01,Combined Min Variance,BTC-USD,0.011867
2023-12-01,Combined Min Variance,TRX-USD,0.012914
2021-01-04,Combined Max Sharpe,NEM,0.073266
2021-01-04,Combined Max Sharpe,NVDA,0.085024
2021-01-04,Combined Max Sharpe,TTWO,0.082504
2021-01-04,Combined Max Sharpe,UPS,0.12421
2021-01-04,Combined Max Sharpe,BTC-USD,0.575555
2021-01-04,Combined Max Sharpe,XLM-USD,0.059439
2021-02-01,Combined Max Sharpe,NEM,0.040364
2021-02-01,Combined Max Sharpe,NVDA,0.245245
2021-02-01,Combined Max Sharpe,UPS,0.122765
2021-02-01,Combined Max Sharpe,BTC-USD,0.428208
2021-02-01,Combined Max Sharpe,XLM-USD,0.163417
2021-03-01,Combined Max Sharpe,ABT,0.036781
2021-03-01,Combined Max Sharpe,CAT,0.020998
2021-03-01,Combined Max Sharpe,TTWO,0.03437
2021-03-01,Combined Max Sharpe,UPS,0.372973
2021-03-01,Combined Max Sharpe,ADA-USD,0.120007
2021-03-01,Combined Max Sharpe,BTC-USD,0.365901
2021-03-01,Combined Max Sharpe,XLM-USD,0.048971
2021-04-01,Combined Max Sharpe,ABBV,0.149295
2021-04-01,Combined Max Sharpe,ABT,0.029912
2021-04-01,Combined Max Sharpe,CAT,0.015667
2021-04-01,Combined Max Sharpe,DD,0.066209
2021-04-01,Combined Max Sharpe,EA,0.080141
2021-04-01,Combined Max Sharpe,GS,0.02054
2021-04-01,Combined Max Sharpe,MS,0.128808
2021-04-01,Combined Max Sharpe,NUE,0.027245
2021-04-01,Combined Max Sharpe,PSA,0.012654
2021-04-01,Combined Max Sharpe,TTWO,0.029531
2021-04-01,Combined Max Sharpe,UPS,0.107903
2021-04-01,Combined Max Sharpe,ADA-USD,0.061568
2021-04-01,Combined Max Sharpe,BTC-USD,0.218904
2021-04-01,Combined Max Sharpe,TRX-USD,0.051624
2021-05-03,Combined Max Sharpe,ABBV,0.130418
2021-05-03,Combined Max Sharpe,CAT,0.080358
2021-05-03,Combined Max Sharpe,MS,0.120008
2021-05-03,Combined Max Sharpe,NVDA,0.026649
2021-05-03,Combined Max Sharpe,PSA,0.161016
2021-05-03,Combined Max Sharpe,SHW,0.080801
2021-05-03,Combined Max Sharpe,TTWO,0.019484
2021-05-03,Combined Max Sharpe,UPS,0.164921
2021-05-03,Combined Max Sharpe,ADA-USD,0.046831
2021-05-03,Combined Max Sharpe,BTC-USD,0.142791
2021-05-03,Combined Max Sharpe,TRX-USD,0.026722
2021-06-01,Combined Max Sharpe,CAT,0.145739
2021-06-01,Combined Max Sharpe,GE,0.068833
2021-06-01,Combined Max Sharpe,MS,0.134478
2021-06-01,Combined Max Sharpe,NUE,0.025995
2021-06-01,Combined Max Sharpe,NVDA,0.018756
2021-06-01,Combined Max Sharpe,PSA,0.205245
2021-06-01,Combined Max Sharpe,TTWO,0.10648
2021-06-01,Combined Max Sharpe,UPS,0.199121
2021-06-01,Combined Max Sharpe,ADA-USD,0.025973
2021-06-01,Combined Max Sharpe,BTC-USD,0.022354
2021-06-01,Combined Max Sharpe,ETC-USD,0.032015
2021-06-01,Combined Max Sharpe,ETH-USD,0.011484
2021-06-01,Combined Max Sharpe,TRX-USD,0.003528
2021-07-01,Combined Max Sharpe,AMD,0.039492
2021-07-01,Combined Max Sharpe,CAT,0.009873
2021-07-01,Combined Max Sharpe,GE,0.090424
2021-07-01,Combined Max Sharpe,GS,0.150084
2021-07-01,Combined Max Sharpe,MS,0.019359
2021-07-01,Combined Max Sharpe,NKE,0.06379
2021-07-01,Combined Max Sharpe,NUE,0.067728
2021-07-01,Combined Max Sharpe,NVDA,0.073221
2021-07-01,Combined Max Sharpe,PSA,0.343114
2021-07-01,Combined Max Sharpe,UPS,0.090753
2021-07-01,Combined Max Sharpe,ADA-USD,0.006621
2021-07-01,Combined Max Sharpe,BTC-USD,0.014426
2021-07-01,Combined Max Sharpe,ETC-USD,0.022417
2021-07-01,Combined Max Sharpe,TRX-USD,0.008699
2021-08-02,Combined Max Sharpe,ABBV,0.004784
2021-08-02,Combined Max Sharpe,DUK,0.008586
2021-08-02,Combined Max Sharpe,GE,0.078207
2021-08-02,Combined Max Sharpe,GS,0.096501
2021-08-02,Combined Max Sharpe,MS,0.049836
2021-08-02,Combined Max Sharpe,NKE,0.129806
2021-08-02,Combined Max Sharpe,NUE,0.094731
2021-08-02,Combined Max Sharpe,NVDA,0.073825
2021-08-02,Combined Max Sharpe,PSA,0.386558
2021-08-02,Combined Max Sharpe,SBUX,0.026206
2021-08-02,Combined Max Sharpe,BTC-USD,0.026812
2021-08-02,Combined Max Sharpe,ETC-USD,0.01459
2021-08-02,Combined Max Sharpe,TRX-USD,0.009559
2021-09-01,Combined Max Sharpe,ABBV,0.021258
2021-09-01,Combined Max Sharpe,DUK,0.046872
2021-09-01,Combined Max Sharpe,GE,0.070744
2021-09-01,Combined Max Sharpe,GS,0.180966
2021-09-01,Combined Max Sharpe,MS,0.001761
2021-09-01,Combined Max Sharpe,NKE,0.066384
2021-09-01,Combined Max Sharpe,NUE,0.081516
2021-09-01,Combined Max Sharpe,NVDA,0.059349
2021-09-01,Combined Max Sharpe,OXY,0.006869
2021-09-01,Combined Max Sharpe,PSA,0.405362
2021-09-01,Combined Max Sharpe,ADA-USD,0.027503
2021-09-01,Combined Max Sharpe,BTC-USD,0.014721
2021-09-01,Combined Max Sharpe,ETC-USD,0.012191
2021-09-01,Combined Max Sharpe,TRX-USD,0.004502
2021-10-01,Combined Max Sharpe,ABBV,0.004295
2021-10-01,Combined Max Sharpe,GE,0.11209
2021-10-01,Combined Max Sharpe,MS,0.178405
2021-10-01,Combined Max Sharpe,NUE,0.016701
2021-10-01,Combined Max Sharpe,NVDA,0.086425
2021-10-01,Combined Max Sharpe,OXY,0.053693
2021-10-01,Combined Max Sharpe,PSA,0.459815
2021-10-01,Combined Max Sharpe,WFC,0.02573
2021-10-01,Combined Max Sharpe,ADA-USD,0.040072
2021-10-01,Combined Max Sharpe,BTC-USD,0.009071
2021-10-01,Combined Max Sharpe,ETC-USD,0.013701
2021-11-01,Combined Max Sharpe,ABBV,0.056223
2021-11-01,Combined Max Sharpe,ABT,0.063488
2021-11-01,Combined Max Sharpe,AMD,0.012217
2021-11-01,Combined Max Sharpe,EA,0.00164
2021-11-01,Combined Max Sharpe,GS,0.144009
2021-11-01,Combined Max Sharpe,MRK,0.018092
2021-11-01,Combined Max Sharpe,MS,0.011288
2021-11-01,Combined Max Sharpe,NVDA,0.073037
2021-11-01,Combined Max Sharpe,OXY,0.060366
2021-11-01,Combined Max Sharpe,PLD,0.043873
2021-11-01,Combined Max Sharpe,PSA,0.360083
2021-11-01,Combined Max Sharpe,SHW,0.017378
2021-11-01,Combined Max Sharpe,WFC,0.101131
2021-11-01,Combined Max Sharpe,ADA-USD,0.033437
2021-11-01,Combined Max Sharpe,ETC-USD,0.003738
2021-12-01,Combined Max Sharpe,ABT,0.002839
2021-12-01,Combined Max Sharpe,COP,0.044971
2021-12-01,Combined Max Sharpe,GILD,0.08447
2021-12-01,Combined Max Sharpe,GS,0.1074
2021-12-01,Combined Max Sharpe,NUE,0.039162
2021-12-01,Combined Max Sharpe,NVDA,0.145425
2021-12-01,Combined Max Sharpe,PLD,0.038507
2021-12-01,Combined Max Sharpe,PSA,0.388211
2021-12-01,Combined Max Sharpe,SHW,0.0203
2021-12-01,Combined Max Sharpe,WFC,0.077114
2021-12-01,Combined Max Sharpe,XOM,0.025242
2021-12-01,Combined Max Sharpe,ADA-USD,0.023498
2021-12-01,Combined Max Sharpe,ETC-USD,0.002859
2022-01-03,Combined Max Sharpe,ABT,0.061537
2022-01-03,Combined Max Sharpe,COP,0.086399
2022-01-03,Combined Max Sharpe,GILD,0.110873
2022-01-03,Combined Max Sharpe,NUE,0.097448
2022-01-03,Combined Max Sharpe,NVDA,0.085801
2022-01-03,Combined Max Sharpe,PLD,0.101717
2022-01-03,Combined Max Sharpe,PSA,0.381613
2022-01-03,Combined Max Sharpe,SHW,0.026005
2022-01-03,Combined Max Sharpe,WFC,0.027645
2022-01-03,Combined Max Sharpe,ADA-USD,0.012703
2022-01-03,Combined Max Sharpe,ETC-USD,0.00826
2022-02-01,Combined Max Sharpe,ABBV,0.11395
2022-02-01,Combined Max Sharpe,COP,0.169487
2022-02-01,Combined Max Sharpe,MS,0.001019
2022-02-01,Combined Max Sharpe,NUE,0.067585
2022-02-01,Combined Max Sharpe,NVDA,0.056679
2022-02-01,Combined Max Sharpe,PLD,0.070576
2022-02-01,Combined Max Sharpe,PSA,0.410211
2022-02-01,Combined Max Sharpe,SO,0.031152
2022-02-01,Combined Max Sharpe,WFC,0.062116
2022-02-01,Combined Max Sharpe,ETC-USD,0.017224
2022-03-01,Combined Max Sharpe,ABBV,0.180127
2022-03-01,Combined Max Sharpe,AEP,0.032156
2022-03-01,Combined Max Sharpe,COP,0.157886
2022-03-01,Combined Max Sharpe,KO,0.039677
2022-03-01,Combined Max Sharpe,NEM,0.014366
2022-03-01,Combined Max Sharpe,NUE,0.093496
2022-03-01,Combined Max Sharpe,NVDA,0.051328
2022-03-01,Combined Max Sharpe,PSA,0.409429
2022-03-01,Combined Max Sharpe,ETC-USD,0.021536
2022-04-01,Combined Max Sharpe,ABBV,0.299439
2022-04-01,Combined Max Sharpe,COP,0.084558
2022-04-01,Combined Max Sharpe,CVX,0.091865
2022-04-01,Combined Max Sharpe,NEE,0.001824
2022-04-01,Combined Max Sharpe,NEM,0.049559
2022-04-01,Combined Max Sharpe,NUE,0.03169
2022-04-01,Combined Max Sharpe,NVDA,0.059367
2022-04-01,Combined Max Sharpe,OXY,0.009476
2022-04-01,Combined Max Sharpe,PLD,0.025272
2022-04-01,Combined Max Sharpe,PSA,0.328293
2022-04-01,Combined Max Sharpe,ETC-USD,0.018658
2022-05-02,Combined Max Sharpe,ABBV,0.196684
2022-05-02,Combined Max Sharpe,COP,0.173246
2022-05-02,Combined Max Sharpe,CVX,0.085215
2022-05-02,Combined Max Sharpe,KO,0.024275
2022-05-02,Combined Max Sharpe,MRK,0.080673
2022-05-02,Combined Max Sharpe,NUE,0.104853
2022-05-02,Combined Max Sharpe,OXY,0.013341
2022-05-02,Combined Max Sharpe,PLD,0.222256
2022-05-02,Combined Max Sharpe,PSA,0.099458
2022-06-01,Combined Max Sharpe,ABBV,0.253471
2022-06-01,Combined Max Sharpe,AEP,0.110861
2022-06-01,Combined Max Sharpe,AMD,0.040267
2022-06-01,Combined Max Sharpe,COP,0.051367
2022-06-01,Combined Max Sharpe,CVX,0.193153
2022-06-01,Combined Max Sharpe,MRK,0.134046
2022-06-01,Combined Max Sharpe,OXY,0.067711
2022-06-01,Combined Max Sharpe,SO,0.149123
2022-07-01,Combined Max Sharpe,ABBV,0.465932
2022-07-01,Combined Max Sharpe,CVX,0.115146
2022-07-01,Combined Max Sharpe,KO,0.050537
2022-07-01,Combined Max Sharpe,MRK,0.033291
2022-07-01,Combined Max Sharpe,OXY,0.11072
2022-07-01,Combined Max Sharpe,SO,0.224375
2022-08-01,Combined Max Sharpe,ABBV,0.23984
2022-08-01,Combined Max Sharpe,CVX,0.210398
2022-08-01,Combined Max Sharpe,MRK,0.058194
2022-08-01,Combined Max Sharpe,NUE,0.022425
2022-08-01,Combined Max Sharpe,OXY,0.167733
2022-08-01,Combined Max Sharpe,SO,0.30141
2022-09-01,Combined Max Sharpe,ABBV,0.081744
2022-09-01,Combined Max Sharpe,AMGN,0.062415
2022-09-01,Combined Max Sharpe,COP,0.064204
2022-09-01,Combined Max Sharpe,CVX,0.130464
2022-09-01,Combined Max Sharpe,MRK,0.033049
2022-09-01,Combined Max Sharpe,OXY,0.228898
2022-09-01,Combined Max Sharpe,SO,0.335255
2022-09-01,Combined Max Sharpe,XOM,0.063972
2022-10-03,Combined Max Sharpe,ABBV,0.532685
2022-10-03,Combined Max Sharpe,CVX,0.150401
2022-10-03,Combined Max Sharpe,MRK,0.050751
2022-10-03,Combined Max Sharpe,OXY,0.214563
2022-10-03,Combined Max Sharpe,SO,0.014121
2022-10-03,Combined Max Sharpe,XOM,0.037478
2022-11-01,Combined Max Sharpe,ABBV,0.177253
2022-11-01,Combined Max Sharpe,AMGN,0.387271
2022-11-01,Combined Max Sharpe,CVX,0.059745
2022-11-01,Combined Max Sharpe,GILD,0.051737
2022-11-01,Combined Max Sharpe,OXY,0.103215
2022-11-01,Combined Max Sharpe,TMUS,0.009203
2022-11-01,Combined Max Sharpe,XOM,0.211577
2022-12-01,Combined Max Sharpe,ABBV,0.063472
2022-12-01,Combined Max Sharpe,AMGN,0.270617
2022-12-01,Combined Max Sharpe,MRK,0.386544
2022-12-01,Combined Max Sharpe,OXY,0.082808
2022-12-01,Combined Max Sharpe,TMUS,0.025033
2022-12-01,Combined Max Sharpe,XOM,0.171526
2023-01-03,Combined Max Sharpe,AMGN,0.03005
2023-01-03,Combined Max Sharpe,MRK,0.638967
2023-01-03,Combined Max Sharpe,OXY,0.086471
2023-01-03,Combined Max Sharpe,XOM,0.244512
2023-02-01,Combined Max Sharpe,GILD,0.045942
2023-02-01,Combined Max Sharpe,MRK,0.493537
2023-02-01,Combined Max Sharpe,NUE,0.114
2023-02-01,Combined Max Sharpe,OXY,0.067521
2023-02-01,Combined Max Sharpe,TMUS,0.125506
2023-02-01,Combined Max Sharpe,XOM,0.153495
2023-03-01,Combined Max Sharpe,GILD,0.182483
2023-03-01,Combined Max Sharpe,MRK,0.601452
2023-03-01,Combined Max Sharpe,NUE,0.023955
2023-03-01,Combined Max Sharpe,OXY,0.046007
2023-03-01,Combined Max Sharpe,XOM,0.146103
2023-04-03,Combined Max Sharpe,GE,0.070528
2023-04-03,Combined Max Sharpe,GILD,0.366271
2023-04-03,Combined Max Sharpe,MRK,0.4019
2023-04-03,Combined Max Sharpe,XOM,0.161301
2023-05-01,Combined Max Sharpe,GE,0.241811
2023-05-01,Combined Max Sharpe,GILD,0.080236
2023-05-01,Combined Max Sharpe,MRK,0.469219
2023-05-01,Combined Max Sharpe,SBUX,0.141445
2023-05-01,Combined Max Sharpe,XOM,0.067289
2023-06-01,Combined Max Sharpe,BA,0.049554
2023-06-01,Combined Max Sharpe,GE,0.343322
2023-06-01,Combined Max Sharpe,GILD,0.018219
2023-06-01,Combined Max Sharpe,MRK,0.382778
2023-06-01,Combined Max Sharpe,NVDA,0.11092
2023-06-01,Combined Max Sharpe,XRP-USD,0.095206
2023-07-03,Combined Max Sharpe,GE,0.45068
2023-07-03,Combined Max Sharpe,MRK,0.312328
2023-07-03,Combined Max Sharpe,NVDA,0.096474
2023-07-03,Combined Max Sharpe,WMT,0.063571
2023-07-03,Combined Max Sharpe,BCH-USD,0.055507
2023-07-03,Combined Max Sharpe,XRP-USD,0.02144
2023-08-01,Combined Max Sharpe,GE,0.433508
2023-08-01,Combined Max Sharpe,GILD,0.035192
2023-08-01,Combined Max Sharpe,MRK,0.252293
2023-08-01,Combined Max Sharpe,NVDA,0.119385
2023-08-01,Combined Max Sharpe,SLB,0.051567
2023-08-01,Combined Max Sharpe,WMT,0.019943
2023-08-01,Combined Max Sharpe,BCH-USD,0.032319
2023-08-01,Combined Max Sharpe,XRP-USD,0.055793
2023-09-01,Combined Max Sharpe,GE,0.376033
2023-09-01,Combined Max Sharpe,MRK,0.328843
2023-09-01,Combined Max Sharpe,NVDA,0.176444
2023-09-01,Combined Max Sharpe,SLB,0.014202
2023-09-01,Combined Max Sharpe,WMT,0.040343
2023-09-01,Combined Max Sharpe,BCH-USD,0.031462
2023-09-01,Combined Max Sharpe,XRP-USD,0.032673
2023-10-02,Combined Max Sharpe,AMGN,0.101906
2023-10-02,Combined Max Sharpe,CAT,0.00966
2023-10-02,Combined Max Sharpe,GE,0.468147
2023-10-02,Combined Max Sharpe,MRK,0.164146
2023-10-02,Combined Max Sharpe,NVDA,0.162065
2023-10-02,Combined Max Sharpe,SLB,0.037638
2023-10-02,Combined Max Sharpe,BCH-USD,0.054307
2023-10-02,Combined Max Sharpe,XRP-USD,0.002131
2023-11-01,Combined Max Sharpe,GE,0.495549
2023-11-01,Combined Max Sharpe,MRK,0.077821
2023-11-01,Combined Max Sharpe,NVDA,0.228296
2023-11-01,Combined Max Sharpe,WMT,0.103472
2023-11-01,Combined Max Sharpe,BCH-USD,0.086963
2023-11-01,Combined Max Sharpe,XRP-USD,0.007899
2023-12-01,Combined Max Sharpe,ADBE,0.076875
2023-12-01,Combined Max Sharpe,GE,0.45197
2023-12-01,Combined Max Sharpe,INTC,0.040629
2023-12-01,Combined Max Sharpe,NVDA,0.187329
2023-12-01,Combined Max Sharpe,SO,0.071564
2023-12-01,Combined Max Sharpe,TTWO,0.023424
2023-12-01,Combined Max Sharpe,BCH-USD,0.044151
2023-12-01,Combined Max Sharpe,BTC-USD,0.104058
2021-01-04,Combined Risk Parity,ABBV,0.024139
2021-01-04,Combined Risk Parity,ABT,0.02043
2021-01-04,Combined Risk Parity,ADBE,0.016318
2021-01-04,Combined Risk Parity,AEP,0.021684
2021-01-04,Combined Risk Parity,AMD,0.014851
2021-01-04,Combined Risk Parity,AMGN,0.02134
2021-01-04,Combined Risk Parity,AMT,0.016928
2021-01-04,Combined Risk Parity,BA,0.009661
2021-01-04,Combined Risk Parity,CAT,0.016468
2021-01-04,Combined Risk Parity,CCI,0.018045
2021-01-04,Combined Risk Parity,CMCSA,0.018027
2021-01-04,Combined Risk Parity,COP,0.011117
2021-01-04,Combined Risk Parity,CVX,0.012163
2021-01-04,Combined Risk Parity,D,0.017661
2021-01-04,Combined Risk Parity,DD,0.014295
2021-01-04,Combined Risk Parity,DIS,0.015621
2021-01-04,Combined Risk Parity,DOW,0.012021
2021-01-04,Combined Risk Parity,DUK,0.017186
2021-01-04,Combined Risk Parity,EA,0.028043
2021-01-04,Combined Risk Parity,GE,0.01336
2021-01-04,Combined Risk Parity,GILD,0.033028
2021-01-04,Combined Risk Parity,GS,0.013187
2021-01-04,Combined Risk Parity,INTC,0.01445
2021-01-04,Combined Risk Parity,KO,0.020437
2021-01-04,Combined Risk Parity,MMM,0.019937
2021-01-04,Combined Risk Parity,MRK,0.024589
2021-01-04,Combined Risk Parity,MS,0.011699
2021-01-04,Combined Risk Parity,NEE,0.017291
2021-01-04,Combined Risk Parity,NEM,0.035014
2021-01-04,Combined Risk Parity,NKE,0.018316
2021-01-04,Combined Risk Parity,NUE,0.014265
2021-01-04,Combined Risk Parity,NVDA,0.013265
2021-01-04,Combined Risk Parity,O,0.014036
2021-01-04,Combined Risk Parity,OXY,0.009051
2021-01-04,Combined Risk Parity,PLD,0.015392
2021-01-04,Combined Risk Parity,PSA,0.022736
2021-01-04,Combined Risk Parity,QCOM,0.014881
2021-01-04,Combined Risk Parity,SBUX,0.015179
2021-01-04,Combined Risk Parity,SHW,0.017486
2021-01-04,Combined Risk Parity,SLB,0.010756
2021-01-04,Combined Risk Parity,SO,0.016105
2021-01-04,Combined Risk Parity,T,0.019595
2021-01-04,Combined Risk Parity,TMUS,0.019184
2021-01-04,Combined Risk Parity,TTWO,0.026288
2021-01-04,Combined Risk Parity,UPS,0.021374
2021-01-04,Combined Risk Parity,USB,0.012745
2021-01-04,Combined Risk Parity,V,0.015334
2021-01-04,Combined Risk Parity,WFC,0.012026
2021-01-04,Combined Risk Parity,WMT,0.030142
2021-01-04,Combined Risk Parity,XOM,0.014598
2021-01-04,Combined Risk Parity,ADA-USD,0.010348
2021-01-04,Combined Risk Parity,BCH-USD,0.011249
2021-01-04,Combined Risk Parity,BTC-USD,0.014742
2021-01-04,Combined Risk Parity,EOS-USD,0.011937
2021-01-04,Combined Risk Parity,ETC-USD,0.012171
2021-01-04,Combined Risk Parity,ETH-USD,0.011023
2021-01-04,Combined Risk Parity,LTC-USD,0.011614
2021-01-04,Combined Risk Parity,TRX-USD,0.012658
2021-01-04,Combined Risk Parity,XLM-USD,0.010854
2021-01-04,Combined Risk Parity,XRP-USD,0.011663
2021-02-01,Combined Risk Parity,ABBV,0.023865
2021-02-01,Combined Risk Parity,ABT,0.020609
2021-02-01,Combined Risk Parity,ADBE,0.016512
2021-02-01,Combined Risk Parity,AEP,0.021997
2021-02-01,Combined Risk Parity,AMD,0.015173
2021-02-01,Combined Risk Parity,AMGN,0.021474
2021-02-01,Combined Risk Parity,AMT,0.01718
2021-02-01,Combined Risk Parity,BA,0.009656
2021-02-01,Combined Risk Parity,CAT,0.016406
2021-02-01,Combined Risk Parity,CCI,0.018361
2021-02-01,Combined Risk Parity,CMCSA,0.017992
2021-02-01,Combined Risk Parity,COP,0.011078
2021-02-01,Combined Risk Parity,CVX,0.012148
2021-02-01,Combined Risk Parity,D,0.017975
2021-02-01,Combined Risk Parity,DD,0.014119
2021-02-01,Combined Risk Parity,DIS,0.015612
2021-02-01,Combined Risk Parity,DOW,0.012011
2021-02-01,Combined Risk Parity,DUK,0.0174
2021-02-01,Combined Risk Parity,EA,0.028955
2021-02-01,Combined Risk Parity,GE,0.013409
2021-02-01,Combined Risk Parity,GILD,0.032634
2021-02-01,Combined Risk Parity,GS,0.013244
2021-02-01,Combined Risk Parity,INTC,0.014505
2021-02-01,Combined Risk Parity,KO,0.020796
2021-02-01,Combined Risk Parity,MMM,0.020576
2021-02-01,Combined Risk Parity,MRK,0.024607
2021-02-01,Combined Risk Parity,MS,0.011718
2021-02-01,Combined Risk Parity,NEE,0.016839
2021-02-01,Combined Risk Parity,NEM,0.033921
2021-02-01,Combined Risk Parity,NKE,0.018346
2021-02-01,Combined Risk Parity,NUE,0.014318
2021-02-01,Combined Risk Parity,NVDA,0.013541
2021-02-01,Combined Risk Parity,O,0.014269
2021-02-01,Combined Risk Parity,OXY,0.009044
2021-02-01,Combined Risk Parity,PLD,0.015568
2021-02-01,Combined Risk Parity,PSA,0.023159
2021-02-01,Combined Risk Parity,QCOM,0.014891
2021-02-01,Combined Risk Parity,SBUX,0.015136
2021-02-01,Combined Risk Parity,SHW,0.017797
2021-02-01,Combined Risk Parity,SLB,0.010677
2021-02-01,Combined Risk Parity,SO,0.016124
2021-02-01,Combined Risk Parity,T,0.019872
2021-02-01,Combined Risk Parity,TMUS,0.01902
2021-02-01,Combined Risk Parity,TTWO,0.02624
2021-02-01,Combined Risk Parity,UPS,0.021596
2021-02-01,Combined Risk Parity,USB,0.012676
2021-02-01,Combined Risk Parity,V,0.015497
2021-02-01,Combined Risk Parity,WFC,0.011792
2021-02-01,Combined Risk Parity,WMT,0.030257
2021-02-01,Combined Risk Parity,XOM,0.014573
2021-02-01,Combined Risk Parity,ADA-USD,0.009852
2021-02-01,Combined Risk Parity,BCH-USD,0.011046
2021-02-01,Combined Risk Parity,BTC-USD,0.01396
2021-02-01,Combined Risk Parity,EOS-USD,0.011778
2021-02-01,Combined Risk Parity,ETC-USD,0.012187
2021-02-01,Combined Risk Parity,ETH-USD,0.010664
2021-02-01,Combined Risk Parity,LTC-USD,0.011311
2021-02-01,Combined Risk Parity,TRX-USD,0.012883
2021-02-01,Combined Risk Parity,XLM-USD,0.009634
2021-02-01,Combined Risk Parity,XRP-USD,0.011519
2021-03-01,Combined Risk Parity,ABBV,0.024343
2021-03-01,Combined Risk Parity,ABT,0.020815
2021-03-01,Combined Risk Parity,ADBE,0.016443
2021-03-01,Combined Risk Parity,AEP,0.022289
2021-03-01,Combined Risk Parity,AMD,0.015411
2021-03-01,Combined Risk Parity,AMGN,0.022118
2021-03-01,Combined Risk Parity,AMT,0.017042
2021-03-01,Combined Risk Parity,BA,0.009534
2021-03-01,Combined Risk Parity,CAT,0.01657
2021-03-01,Combined Risk Parity,CCI,0.018624
2021-03-01,Combined Risk Parity,CMCSA,0.018196
2021-03-01,Combined Risk Parity,COP,0.011135
2021-03-01,Combined Risk Parity,CVX,0.012192
2021-03-01,Combined Risk Parity,D,0.018019
2021-03-01,Combined Risk Parity,DD,0.014349
2021-03-01,Combined Risk Parity,DIS,0.015636
2021-03-01,Combined Risk Parity,DOW,0.012155
2021-03-01,Combined Risk Parity,DUK,0.017481
2021-03-01,Combined Risk Parity,EA,0.02904
2021-03-01,Combined Risk Parity,GE,0.013468
2021-03-01,Combined Risk Parity,GILD,0.031182
2021-03-01,Combined Risk Parity,GS,0.01315
2021-03-01,Combined Risk Parity,INTC,0.014576
2021-03-01,Combined Risk Parity,KO,0.020709
2021-03-01,Combined Risk Parity,MMM,0.020585
2021-03-01,Combined Risk Parity,MRK,0.024398
2021-03-01,Combined Risk Parity,MS,0.011695
2021-03-01,Combined Risk Parity,NEE,0.016813
2021-03-01,Combined Risk Parity,NEM,0.033617
2021-03-01,Combined Risk Parity,NKE,0.018547
2021-03-01,Combined Risk Parity,NUE,0.014362
2021-03-01,Combined Risk Parity,NVDA,0.013572
2021-03-01,Combined Risk Parity,O,0.014275
2021-03-01,Combined Risk Parity,OXY,0.009008
2021-03-01,Combined Risk Parity,PLD,0.015745
2021-03-01,Combined Risk Parity,PSA,0.023536
2021-03-01,Combined Risk Parity,QCOM,0.015018
2021-03-01,Combined Risk Parity,SBUX,0.015099
2021-03-01,Combined Risk Parity,SHW,0.017847
2021-03-01,Combined Risk Parity,SLB,0.010699
2021-03-01,Combined Risk Parity,SO,0.016032
2021-03-01,Combined Risk Parity,T,0.019652
2021-03-01,Combined Risk Parity,TMUS,0.019535
2021-03-01,Combined Risk Parity,TTWO,0.026254
2021-03-01,Combined Risk Parity,UPS,0.022351
2021-03-01,Combined Risk Parity,USB,0.012614
2021-03-01,Combined Risk Parity,V,0.015728
2021-03-01,Combined Risk Parity,WFC,0.011606
2021-03-01,Combined Risk Parity,WMT,0.030453
2021-03-01,Combined Risk Parity,XOM,0.014738
2021-03-01,Combined Risk Parity,ADA-USD,0.009766
2021-03-01,Combined Risk Parity,BCH-USD,0.010777
2021-03-01,Combined Risk Parity,BTC-USD,0.013379
2021-03-01,Combined Risk Parity,EOS-USD,0.011418
2021-03-01,Combined Risk Parity,ETC-USD,0.011687
2021-03-01,Combined Risk Parity,ETH-USD,0.010429
2021-03-01,Combined Risk Parity,LTC-USD,0.010965
2021-03-01,Combined Risk Parity,TRX-USD,0.012535
2021-03-01,Combined Risk Parity,XLM-USD,0.009423
2021-03-01,Combined Risk Parity,XRP-USD,0.011364
2021-04-01,Combined Risk Parity,ABBV,0.026985
2021-04-01,Combined Risk Parity,ABT,0.023414
2021-04-01,Combined Risk Parity,ADBE,0.017484
2021-04-01,Combined Risk Parity,AEP,0.021253
2021-04-01,Combined Risk Parity,AMD,0.014953
2021-04-01,Combined Risk Parity,AMGN,0.026061
2021-04-01,Combined Risk Parity,AMT,0.018214
2021-04-01,Combined Risk Parity,BA,0.00835
2021-04-01,Combined Risk Parity,CAT,0.014572
2021-04-01,Combined Risk Parity,CCI,0.020305
2021-04-01,Combined Risk Parity,CMCSA,0.016582
2021-04-01,Combined Risk Parity,COP,0.010824
2021-04-01,Combined Risk Parity,CVX,0.012021
2021-04-01,Combined Risk Parity,D,0.025022
2021-04-01,Combined Risk Parity,DD,0.01307
2021-04-01,Combined Risk Parity,DIS,0.015653
2021-04-01,Combined Risk Parity,DOW,0.010867
2021-04-01,Combined Risk Parity,DUK,0.021064
2021-04-01,Combined Risk Parity,EA,0.034648
2021-04-01,Combined Risk Parity,GE,0.013036
2021-04-01,Combined Risk Parity,GILD,0.026713
2021-04-01,Combined Risk Parity,GS,0.014166
2021-04-01,Combined Risk Parity,INTC,0.016004
2021-04-01,Combined Risk Parity,KO,0.018327
2021-04-01,Combined Risk Parity,MMM,0.021549
2021-04-01,Combined Risk Parity,MRK,0.024178
2021-04-01,Combined Risk Parity,MS,0.012449
2021-04-01,Combined Risk Parity,NEE,0.017658
2021-04-01,Combined Risk Parity,NEM,0.025333
2021-04-01,Combined Risk Parity,NKE,0.018785
2021-04-01,Combined Risk Parity,NUE,0.013424
2021-04-01,Combined Risk Parity,NVDA,0.013395
2021-04-01,Combined Risk Parity,O,0.015229
2021-04-01,Combined Risk Parity,OXY,0.00694
2021-04-01,Combined Risk Parity,PLD,0.015404
2021-04-01,Combined Risk Parity,PSA,0.028623
2021-04-01,Combined Risk Parity,QCOM,0.01415
2021-04-01,Combined Risk Parity,SBUX,0.015561
2021-04-01,Combined Risk Parity,SHW,0.018112
2021-04-01,Combined Risk Parity,SLB,0.009059
2021-04-01,Combined Risk Parity,SO,0.016854
2021-04-01,Combined Risk Parity,T,0.020582
2021-04-01,Combined Risk Parity,TMUS,0.021287
2021-04-01,Combined Risk Parity,TTWO,0.031774
2021-04-01,Combined Risk Parity,UPS,0.018239
2021-04-01,Combined Risk Parity,USB,0.011473
2021-04-01,Combined Risk Parity,V,0.014662
2021-04-01,Combined Risk Parity,WFC,0.011273
2021-04-01,Combined Risk Parity,WMT,0.039727
2021-04-01,Combined Risk Parity,XOM,0.01249
2021-04-01,Combined Risk Parity,ADA-USD,0.007958
2021-04-01,Combined Risk Parity,BCH-USD,0.00882
2021-04-01,Combined Risk Parity,BTC-USD,0.011735
2021-04-01,Combined Risk Parity,EOS-USD,0.008787
2021-04-01,Combined Risk Parity,ETC-USD,0.009903
2021-04-01,Combined Risk Parity,ETH-USD,0.008496
2021-04-01,Combined Risk Parity,LTC-USD,0.009092
2021-04-01,Combined Risk Parity,TRX-USD,0.011933
2021-04-01,Combined Risk Parity,XLM-USD,0.006702
2021-04-01,Combined Risk Parity,XRP-USD,0.008775
2021-05-03,Combined Risk Parity,ABBV,0.029025
2021-05-03,Combined Risk Parity,ABT,0.022074
2021-05-03,Combined Risk Parity,ADBE,0.018445
2021-05-03,Combined Risk Parity,AEP,0.027154
2021-05-03,Combined Risk Parity,AMD,0.014244
2021-05-03,Combined Risk Parity,AMGN,0.025513
2021-05-03,Combined Risk Parity,AMT,0.020085
2021-05-03,Combined Risk Parity,BA,0.007522
2021-05-03,Combined Risk Parity,CAT,0.014124
2021-05-03,Combined Risk Parity,CCI,0.02087
2021-05-03,Combined Risk Parity,CMCSA,0.016836
2021-05-03,Combined Risk Parity,COP,0.010117
2021-05-03,Combined Risk Parity,CVX,0.012052
2021-05-03,Combined Risk Parity,D,0.031722
2021-05-03,Combined Risk Parity,DD,0.012943
2021-05-03,Combined Risk Parity,DIS,0.01453
2021-05-03,Combined Risk Parity,DOW,0.010751
2021-05-03,Combined Risk Parity,DUK,0.02558
2021-05-03,Combined Risk Parity,EA,0.030746
2021-05-03,Combined Risk Parity,GE,0.011687
2021-05-03,Combined Risk Parity,GILD,0.027818
2021-05-03,Combined Risk Parity,GS,0.013715
2021-05-03,Combined Risk Parity,INTC,0.015784
2021-05-03,Combined Risk Parity,KO,0.019415
2021-05-03,Combined Risk Parity,MMM,0.021413
2021-05-03,Combined Risk Parity,MRK,0.028219
2021-05-03,Combined Risk Parity,MS,0.012904
2021-05-03,Combined Risk Parity,NEE,0.01912
2021-05-03,Combined Risk Parity,NEM,0.024007
2021-05-03,Combined Risk Parity,NKE,0.019197
2021-05-03,Combined Risk Parity,NUE,0.011693
2021-05-03,Combined Risk Parity,NVDA,0.013644
2021-05-03,Combined Risk Parity,O,0.016519
2021-05-03,Combined Risk Parity,OXY,0.006288
2021-05-03,Combined Risk Parity,PLD,0.016803
2021-05-03,Combined Risk Parity,PSA,0.026725
2021-05-03,Combined Risk Parity,QCOM,0.012537
2021-05-03,Combined Risk Parity,SBUX,0.015798
2021-05-03,Combined Risk Parity,SHW,0.022412
2021-05-03,Combined Risk Parity,SLB,0.008387
2021-05-03,Combined Risk Parity,SO,0.020539
2021-05-03,Combined Risk Parity,T,0.023642
2021-05-03,Combined Risk Parity,TMUS,0.017493
2021-05-03,Combined Risk Parity,TTWO,0.026796
2021-05-03,Combined Risk Parity,UPS,0.017245
2021-05-03,Combined Risk Parity,USB,0.011926
2021-05-03,Combined Risk Parity,V,0.016338
2021-05-03,Combined Risk Parity,WFC,0.010867
2021-05-03,Combined Risk Parity,WMT,0.03875
2021-05-03,Combined Risk Parity,XOM,0.011241
2021-05-03,Combined Risk Parity,ADA-USD,0.006858
2021-05-03,Combined Risk Parity,BCH-USD,0.007015
2021-05-03,Combined Risk Parity,BTC-USD,0.010302
2021-05-03,Combined Risk Parity,EOS-USD,0.007298
2021-05-03,Combined Risk Parity,ETC-USD,0.007964
2021-05-03,Combined Risk Parity,ETH-USD,0.008149
2021-05-03,Combined Risk Parity,LTC-USD,0.007475
2021-05-03,Combined Risk Parity,TRX-USD,0.009861
2021-05-03,Combined Risk Parity,XLM-USD,0.005392
2021-05-03,Combined Risk Parity,XRP-USD,0.006432
2021-06-01,Combined Risk Parity,ABBV,0.023947
2021-06-01,Combined Risk Parity,ABT,0.022441
2021-06-01,Combined Risk Parity,ADBE,0.017288
2021-06-01,Combined Risk Parity,AEP,0.030207
2021-06-01,Combined Risk Parity,AMD,0.014753
2021-06-01,Combined Risk Parity,AMGN,0.023363
2021-06-01,Combined Risk Parity,AMT,0.020725
2021-06-01,Combined Risk Parity,BA,0.007756
2021-06-01,Combined Risk Parity,CAT,0.015421
2021-06-01,Combined Risk Parity,CCI,0.022878
2021-06-01,Combined Risk Parity,CMCSA,0.016917
2021-06-01,Combined Risk Parity,COP,0.010036
2021-06-01,Combined Risk Parity,CVX,0.012171
2021-06-01,Combined Risk Parity,D,0.032479
2021-06-01,Combined Risk Parity,DD,0.013028
2021-06-01,Combined Risk Parity,DIS,0.015903
2021-06-01,Combined Risk Parity,DOW,0.011666
2021-06-01,Combined Risk Parity,DUK,0.027129
2021-06-01,Combined Risk Parity,EA,0.028902
2021-06-01,Combined Risk Parity,GE,0.013072
2021-06-01,Combined Risk Parity,GILD,0.0294
2021-06-01,Combined Risk Parity,GS,0.014351
2021-06-01,Combined Risk Parity,INTC,0.01582
2021-06-01,Combined Risk Parity,KO,0.019837
2021-06-01,Combined Risk Parity,MMM,0.023681
2021-06-01,Combined Risk Parity,MRK,0.027575
2021-06-01,Combined Risk Parity,MS,0.014048
2021-06-01,Combined Risk Parity,NEE,0.020157
2021-06-01,Combined Risk Parity,NEM,0.020887
2021-06-01,Combined Risk Parity,NKE,0.018734
2021-06-01,Combined Risk Parity,NUE,0.011282
2021-06-01,Combined Risk Parity,NVDA,0.013056
2021-06-01,Combined Risk Parity,O,0.01738
2021-06-01,Combined Risk Parity,OXY,0.006556
2021-06-01,Combined Risk Parity,PLD,0.018345
2021-06-01,Combined Risk Parity,PSA,0.032167
2021-06-01,Combined Risk Parity,QCOM,0.012855
2021-06-01,Combined Risk Parity,SBUX,0.015378
2021-06-01,Combined Risk Parity,SHW,0.021597
2021-06-01,Combined Risk Parity,SLB,0.009214
2021-06-01,Combined Risk Parity,SO,0.022916
2021-06-01,Combined Risk Parity,T,0.025413
2021-06-01,Combined Risk Parity,TMUS,0.018716
2021-06-01,Combined Risk Parity,TTWO,0.028158
2021-06-01,Combined Risk Parity,UPS,0.017605
2021-06-01,Combined Risk Parity,USB,0.013187
2021-06-01,Combined Risk Parity,V,0.016286
2021-06-01,Combined Risk Parity,WFC,0.011931
2021-06-01,Combined Risk Parity,WMT,0.035167
2021-06-01,Combined Risk Parity,XOM,0.011804
2021-06-01,Combined Risk Parity,ADA-USD,0.005176
2021-06-01,Combined Risk Parity,BCH-USD,0.004877
2021-06-01,Combined Risk Parity,BTC-USD,0.008164
2021-06-01,Combined Risk Parity,EOS-USD,0.004905
2021-06-01,Combined Risk Parity,ETC-USD,0.005001
2021-06-01,Combined Risk Parity,ETH-USD,0.006333
2021-06-01,Combined Risk Parity,LTC-USD,0.005557
2021-06-01,Combined Risk Parity,TRX-USD,0.006977
2021-06-01,Combined Risk Parity,XLM-USD,0.004307
2021-06-01,Combined Risk Parity,XRP-USD,0.005118
2021-07-01,Combined Risk Parity,ABBV,0.02289
2021-07-01,Combined Risk Parity,ABT,0.023587
2021-07-01,Combined Risk Parity,ADBE,0.01782
2021-07-01,Combined Risk Parity,AEP,0.03067
2021-07-01,Combined Risk Parity,AMD,0.014947
2021-07-01,Combined Risk Parity,AMGN,0.02099
2021-07-01,Combined Risk Parity,AMT,0.022831
2021-07-01,Combined Risk Parity,BA,0.00937
2021-07-01,Combined Risk Parity,CAT,0.01638
2021-07-01,Combined Risk Parity,CCI,0.026529
2021-07-01,Combined Risk Parity,CMCSA,0.015699
2021-07-01,Combined Risk Parity,COP,0.010079
2021-07-01,Combined Risk Parity,CVX,0.012142
2021-07-01,Combined Risk Parity,D,0.030034
2021-07-01,Combined Risk Parity,DD,0.012649
2021-07-01,Combined Risk Parity,DIS,0.016614
2021-07-01,Combined Risk Parity,DOW,0.01199
2021-07-01,Combined Risk Parity,DUK,0.026197
2021-07-01,Combined Risk Parity,EA,0.023835
2021-07-01,Combined Risk Parity,GE,0.014451
2021-07-01,Combined Risk Parity,GILD,0.026289
2021-07-01,Combined Risk Parity,GS,0.015963
2021-07-01,Combined Risk Parity,INTC,0.014518
2021-07-01,Combined Risk Parity,KO,0.02073
2021-07-01,Combined Risk Parity,MMM,0.026348
2021-07-01,Combined Risk Parity,MRK,0.029451
2021-07-01,Combined Risk Parity,MS,0.013864
2021-07-01,Combined Risk Parity,NEE,0.018593
2021-07-01,Combined Risk Parity,NEM,0.017357
2021-07-01,Combined Risk Parity,NKE,0.022058
2021-07-01,Combined Risk Parity,NUE,0.011105
2021-07-01,Combined Risk Parity,NVDA,0.012432
2021-07-01,Combined Risk Parity,O,0.019123
2021-07-01,Combined Risk Parity,OXY,0.008154
2021-07-01,Combined Risk Parity,PLD,0.019605
2021-07-01,Combined Risk Parity,PSA,0.037044
2021-07-01,Combined Risk Parity,QCOM,0.012563
2021-07-01,Combined Risk Parity,SBUX,0.017138
2021-07-01,Combined Risk Parity,SHW,0.02248
2021-07-01,Combined Risk Parity,SLB,0.009718
2021-07-01,Combined Risk Parity,SO,0.022521
2021-07-01,Combined Risk Parity,T,0.03044
2021-07-01,Combined Risk Parity,TMUS,0.017746
2021-07-01,Combined Risk Parity,TTWO,0.024353
2021-07-01,Combined Risk Parity,UPS,0.018651
2021-07-01,Combined Risk Parity,USB,0.014289
2021-07-01,Combined Risk Parity,V,0.015601
2021-07-01,Combined Risk Parity,WFC,0.013063
2021-07-01,Combined Risk Parity,WMT,0.027606
2021-07-01,Combined Risk Parity,XOM,0.012406
2021-07-01,Combined Risk Parity,ADA-USD,0.00458
2021-07-01,Combined Risk Parity,BCH-USD,0.004223
2021-07-01,Combined Risk Parity,BTC-USD,0.007009
2021-07-01,Combined Risk Parity,EOS-USD,0.004269
2021-07-01,Combined Risk Parity,ETC-USD,0.004259
2021-07-01,Combined Risk Parity,ETH-USD,0.005461
2021-07-01,Combined Risk Parity,LTC-USD,0.004694
2021-07-01,Combined Risk Parity,TRX-USD,0.006518
2021-07-01,Combined Risk Parity,XLM-USD,0.003729
2021-07-01,Combined Risk Parity,XRP-USD,0.004349
2021-08-02,Combined Risk Parity,ABBV,0.022142
2021-08-02,Combined Risk Parity,ABT,0.024587
2021-08-02,Combined Risk Parity,ADBE,0.017948
2021-08-02,Combined Risk Parity,AEP,0.030116
2021-08-02,Combined Risk Parity,AMD,0.014476
2021-08-02,Combined Risk Parity,AMGN,0.021326
2021-08-02,Combined Risk Parity,AMT,0.023631
2021-08-02,Combined Risk Parity,BA,0.009381
2021-08-02,Combined Risk Parity,CAT,0.01628
2021-08-02,Combined Risk Parity,CCI,0.028111
2021-08-02,Combined Risk Parity,CMCSA,0.01587
2021-08-02,Combined Risk Parity,COP,0.010157
2021-08-02,Combined Risk Parity,CVX,0.012351
2021-08-02,Combined Risk Parity,D,0.028878
2021-08-02,Combined Risk Parity,DD,0.012295
2021-08-02,Combined Risk Parity,DIS,0.016196
2021-08-02,Combined Risk Parity,DOW,0.012039
2021-08-02,Combined Risk Parity,DUK,0.026836
2021-08-02,Combined Risk Parity,EA,0.023661
2021-08-02,Combined Risk Parity,GE,0.014068
2021-08-02,Combined Risk Parity,GILD,0.025719
2021-08-02,Combined Risk Parity,GS,0.015665
2021-08-02,Combined Risk Parity,INTC,0.014689
2021-08-02,Combined Risk Parity,KO,0.02146
2021-08-02,Combined Risk Parity,MMM,0.026546
2021-08-02,Combined Risk Parity,MRK,0.030193
2021-08-02,Combined Risk Parity,MS,0.013545
2021-08-02,Combined Risk Parity,NEE,0.019351
2021-08-02,Combined Risk Parity,NEM,0.017267
2021-08-02,Combined Risk Parity,NKE,0.022619
2021-08-02,Combined Risk Parity,NUE,0.010736
2021-08-02,Combined Risk Parity,NVDA,0.012325
2021-08-02,Combined Risk Parity,O,0.019898
2021-08-02,Combined Risk Parity,OXY,0.008295
2021-08-02,Combined Risk Parity,PLD,0.019804
2021-08-02,Combined Risk Parity,PSA,0.0366
2021-08-02,Combined Risk Parity,QCOM,0.011755
2021-08-02,Combined Risk Parity,SBUX,0.017279
2021-08-02,Combined Risk Parity,SHW,0.023812
2021-08-02,Combined Risk Parity,SLB,0.009706
2021-08-02,Combined Risk Parity,SO,0.023165
2021-08-02,Combined Risk Parity,T,0.030011
2021-08-02,Combined Risk Parity,TMUS,0.01765
2021-08-02,Combined Risk Parity,TTWO,0.024918
2021-08-02,Combined Risk Parity,UPS,0.018386
2021-08-02,Combined Risk Parity,USB,0.013671
2021-08-02,Combined Risk Parity,V,0.015648
2021-08-02,Combined Risk Parity,WFC,0.012568
2021-08-02,Combined Risk Parity,WMT,0.026062
2021-08-02,Combined Risk Parity,XOM,0.012374
2021-08-02,Combined Risk Parity,ADA-USD,0.004452
2021-08-02,Combined Risk Parity,BCH-USD,0.00415
2021-08-02,Combined Risk Parity,BTC-USD,0.006876
2021-08-02,Combined Risk Parity,EOS-USD,0.004116
2021-08-02,Combined Risk Parity,ETC-USD,0.004154
2021-08-02,Combined Risk Parity,ETH-USD,0.005237
2021-08-02,Combined Risk Parity,LTC-USD,0.004604
2021-08-02,Combined Risk Parity,TRX-USD,0.006422
2021-08-02,Combined Risk Parity,XLM-USD,0.003631
2021-08-02,Combined Risk Parity,XRP-USD,0.004287
2021-09-01,Combined Risk Parity,ABBV,0.021603
2021-09-01,Combined Risk Parity,ABT,0.024588
2021-09-01,Combined Risk Parity,ADBE,0.017165
2021-09-01,Combined Risk Parity,AEP,0.031131
2021-09-01,Combined Risk Parity,AMD,0.015019
2021-09-01,Combined Risk Parity,AMGN,0.019921
2021-09-01,Combined Risk Parity,AMT,0.024331
2021-09-01,Combined Risk Parity,BA,0.009194
2021-09-01,Combined Risk Parity,CAT,0.01563
2021-09-01,Combined Risk Parity,CCI,0.029104
2021-09-01,Combined Risk Parity,CMCSA,0.015524
2021-09-01,Combined Risk Parity,COP,0.010187
2021-09-01,Combined Risk Parity,CVX,0.012361
2021-09-01,Combined Risk Parity,D,0.029237
2021-09-01,Combined Risk Parity,DD,0.012527
2021-09-01,Combined Risk Parity,DIS,0.015917
2021-09-01,Combined Risk Parity,DOW,0.012139
2021-09-01,Combined Risk Parity,DUK,0.027166
2021-09-01,Combined Risk Parity,EA,0.024468
2021-09-01,Combined Risk Parity,GE,0.014301
2021-09-01,Combined Risk Parity,GILD,0.025611
2021-09-01,Combined Risk Parity,GS,0.015213
2021-09-01,Combined Risk Parity,INTC,0.014679
2021-09-01,Combined Risk Parity,KO,0.021706
2021-09-01,Combined Risk Parity,MMM,0.025995
2021-09-01,Combined Risk Parity,MRK,0.02916
2021-09-01,Combined Risk Parity,MS,0.013045
2021-09-01,Combined Risk Parity,NEE,0.01992
2021-09-01,Combined Risk Parity,NEM,0.017525
2021-09-01,Combined Risk Parity,NKE,0.021733
2021-09-01,Combined Risk Parity,NUE,0.010664
2021-09-01,Combined Risk Parity,NVDA,0.012224
2021-09-01,Combined Risk Parity,O,0.020627
2021-09-01,Combined Risk Parity,OXY,0.008287
2021-09-01,Combined Risk Parity,PLD,0.020012
2021-09-01,Combined Risk Parity,PSA,0.038275
2021-09-01,Combined Risk Parity,QCOM,0.011529
2021-09-01,Combined Risk Parity,SBUX,0.016782
2021-09-01,Combined Risk Parity,SHW,0.023331
2021-09-01,Combined Risk Parity,SLB,0.009685
2021-09-01,Combined Risk Parity,SO,0.023512
2021-09-01,Combined Risk Parity,T,0.029235
2021-09-01,Combined Risk Parity,TMUS,0.017804
2021-09-01,Combined Risk Parity,TTWO,0.026341
2021-09-01,Combined Risk Parity,UPS,0.018878
2021-09-01,Combined Risk Parity,USB,0.013174
2021-09-01,Combined Risk Parity,V,0.015316
2021-09-01,Combined Risk Parity,WFC,0.012138
2021-09-01,Combined Risk Parity,WMT,0.026878
2021-09-01,Combined Risk Parity,XOM,0.012282
2021-09-01,Combined Risk Parity,ADA-USD,0.00427
2021-09-01,Combined Risk Parity,BCH-USD,0.004066
2021-09-01,Combined Risk Parity,BTC-USD,0.006755
2021-09-01,Combined Risk Parity,EOS-USD,0.004028
2021-09-01,Combined Risk Parity,ETC-USD,0.004077
2021-09-01,Combined Risk Parity,ETH-USD,0.005216
2021-09-01,Combined Risk Parity,LTC-USD,0.004533
2021-09-01,Combined Risk Parity,TRX-USD,0.006383
2021-09-01,Combined Risk Parity,XLM-USD,0.003552
2021-09-01,Combined Risk Parity,XRP-USD,0.004048
2021-10-01,Combined Risk Parity,ABBV,0.020654
2021-10-01,Combined Risk Parity,ABT,0.026283
2021-10-01,Combined Risk Parity,ADBE,0.018434
2021-10-01,Combined Risk Parity,AEP,0.028837
2021-10-01,Combined Risk Parity,AMD,0.015559
2021-10-01,Combined Risk Parity,AMGN,0.02105
2021-10-01,Combined Risk Parity,AMT,0.025567
2021-10-01,Combined Risk Parity,BA,0.009364
2021-10-01,Combined Risk Parity,CAT,0.014678
2021-10-01,Combined Risk Parity,CCI,0.033355
2021-10-01,Combined Risk Parity,CMCSA,0.014343
2021-10-01,Combined Risk Parity,COP,0.01012
2021-10-01,Combined Risk Parity,CVX,0.012143
2021-10-01,Combined Risk Parity,D,0.027943
2021-10-01,Combined Risk Parity,DD,0.01315
2021-10-01,Combined Risk Parity,DIS,0.014703
2021-10-01,Combined Risk Parity,DOW,0.011971
2021-10-01,Combined Risk Parity,DUK,0.027647
2021-10-01,Combined Risk Parity,EA,0.028097
2021-10-01,Combined Risk Parity,GE,0.015076
2021-10-01,Combined Risk Parity,GILD,0.025303
2021-10-01,Combined Risk Parity,GS,0.014475
2021-10-01,Combined Risk Parity,INTC,0.014828
2021-10-01,Combined Risk Parity,KO,0.022011
2021-10-01,Combined Risk Parity,MMM,0.02625
2021-10-01,Combined Risk Parity,MRK,0.03048
2021-10-01,Combined Risk Parity,MS,0.012877
2021-10-01,Combined Risk Parity,NEE,0.019469
2021-10-01,Combined Risk Parity,NEM,0.018388
2021-10-01,Combined Risk Parity,NKE,0.017506
2021-10-01,Combined Risk Parity,NUE,0.010108
2021-10-01,Combined Risk Parity,NVDA,0.013764
2021-10-01,Combined Risk Parity,O,0.020142
2021-10-01,Combined Risk Parity,OXY,0.007864
2021-10-01,Combined Risk Parity,PLD,0.021877
2021-10-01,Combined Risk Parity,PSA,0.03863
2021-10-01,Combined Risk Parity,QCOM,0.0119
2021-10-01,Combined Risk Parity,SBUX,0.016796
2021-10-01,Combined Risk Parity,SHW,0.024296
2021-10-01,Combined Risk Parity,SLB,0.00949
2021-10-01,Combined Risk Parity,SO,0.022116
2021-10-01,Combined Risk Parity,T,0.027315
2021-10-01,Combined Risk Parity,TMUS,0.017925
2021-10-01,Combined Risk Parity,TTWO,0.026778
2021-10-01,Combined Risk Parity,UPS,0.019165
2021-10-01,Combined Risk Parity,USB,0.013501
2021-10-01,Combined Risk Parity,V,0.015927
2021-10-01,Combined Risk Parity,WFC,0.01189
2021-10-01,Combined Risk Parity,WMT,0.027435
2021-10-01,Combined Risk Parity,XOM,0.011341
2021-10-01,Combined Risk Parity,ADA-USD,0.004033
2021-10-01,Combined Risk Parity,BCH-USD,0.003738
2021-10-01,Combined Risk Parity,BTC-USD,0.006041
2021-10-01,Combined Risk Parity,EOS-USD,0.003576
2021-10-01,Combined Risk Parity,ETC-USD,0.003531
2021-10-01,Combined Risk Parity,ETH-USD,0.004699
2021-10-01,Combined Risk Parity,LTC-USD,0.004114
2021-10-01,Combined Risk Parity,TRX-USD,0.00464
2021-10-01,Combined Risk Parity,XLM-USD,0.003224
2021-10-01,Combined Risk Parity,XRP-USD,0.003582
2021-11-01,Combined Risk Parity,ABBV,0.02189
2021-11-01,Combined Risk Parity,ABT,0.028009
2021-11-01,Combined Risk Parity,ADBE,0.019696
2021-11-01,Combined Risk Parity,AEP,0.028344
2021-11-01,Combined Risk Parity,AMD,0.016543
2021-11-01,Combined Risk Parity,AMGN,0.021112
2021-11-01,Combined Risk Parity,AMT,0.02519
2021-11-01,Combined Risk Parity,BA,0.010038
2021-11-01,Combined Risk Parity,CAT,0.014769
2021-11-01,Combined Risk Parity,CCI,0.03072
2021-11-01,Combined Risk Parity,CMCSA,0.014184
2021-11-01,Combined Risk Parity,COP,0.010954
2021-11-01,Combined Risk Parity,CVX,0.012301
2021-11-01,Combined Risk Parity,D,0.02681
2021-11-01,Combined Risk Parity,DD,0.012645
2021-11-01,Combined Risk Parity,DIS,0.014574
2021-11-01,Combined Risk Parity,DOW,0.01127
2021-11-01,Combined Risk Parity,DUK,0.027986
2021-11-01,Combined Risk Parity,EA,0.028423
2021-11-01,Combined Risk Parity,GE,0.013686
2021-11-01,Combined Risk Parity,GILD,0.027067
2021-11-01,Combined Risk Parity,GS,0.014722
2021-11-01,Combined Risk Parity,INTC,0.014884
2021-11-01,Combined Risk Parity,KO,0.024476
2021-11-01,Combined Risk Parity,MMM,0.026244
2021-11-01,Combined Risk Parity,MRK,0.026879
2021-11-01,Combined Risk Parity,MS,0.012977
2021-11-01,Combined Risk Parity,NEE,0.01865
2021-11-01,Combined Risk Parity,NEM,0.020153
2021-11-01,Combined Risk Parity,NKE,0.017692
2021-11-01,Combined Risk Parity,NUE,0.010076
2021-11-01,Combined Risk Parity,NVDA,0.014219
2021-11-01,Combined Risk Parity,O,0.019819
2021-11-01,Combined Risk Parity,OXY,0.008154
2021-11-01,Combined Risk Parity,PLD,0.022188
2021-11-01,Combined Risk Parity,PSA,0.038765
2021-11-01,Combined Risk Parity,QCOM,0.011822
2021-11-01,Combined Risk Parity,SBUX,0.017176
2021-11-01,Combined Risk Parity,SHW,0.022821
2021-11-01,Combined Risk Parity,SLB,0.009298
2021-11-01,Combined Risk Parity,SO,0.022132
2021-11-01,Combined Risk Parity,T,0.026689
2021-11-01,Combined Risk Parity,TMUS,0.018425
2021-11-01,Combined Risk Parity,TTWO,0.025295
2021-11-01,Combined Risk Parity,UPS,0.02131
2021-11-01,Combined Risk Parity,USB,0.013924
2021-11-01,Combined Risk Parity,V,0.015517
2021-11-01,Combined Risk Parity,WFC,0.012515
2021-11-01,Combined Risk Parity,WMT,0.02738
2021-11-01,Combined Risk Parity,XOM,0.01157
2021-11-01,Combined Risk Parity,ADA-USD,0.003853
2021-11-01,Combined Risk Parity,BCH-USD,0.003386
2021-11-01,Combined Risk Parity,BTC-USD,0.005589
2021-11-01,Combined Risk Parity,EOS-USD,0.003194
2021-11-01,Combined Risk Parity,ETC-USD,0.003262
2021-11-01,Combined Risk Parity,ETH-USD,0.004377
2021-11-01,Combined Risk Parity,LTC-USD,0.003736
2021-11-01,Combined Risk Parity,TRX-USD,0.004286
2021-11-01,Combined Risk Parity,XLM-USD,0.002998
2021-11-01,Combined Risk Parity,XRP-USD,0.003331
2021-12-01,Combined Risk Parity,ABBV,0.02186
2021-12-01,Combined Risk Parity,ABT,0.028407
2021-12-01,Combined Risk Parity,ADBE,0.018628
2021-12-01,Combined Risk Parity,AEP,0.028633
2021-12-01,Combined Risk Parity,AMD,0.014788
2021-12-01,Combined Risk Parity,AMGN,0.0207
2021-12-01,Combined Risk Parity,AMT,0.023063
2021-12-01,Combined Risk Parity,BA,0.012273
2021-12-01,Combined Risk Parity,CAT,0.014327
2021-12-01,Combined Risk Parity,CCI,0.025589
2021-12-01,Combined Risk Parity,CMCSA,0.014953
2021-12-01,Combined Risk Parity,COP,0.012178
2021-12-01,Combined Risk Parity,CVX,0.014784
2021-12-01,Combined Risk Parity,D,0.027157
2021-12-01,Combined Risk Parity,DD,0.012424
2021-12-01,Combined Risk Parity,DIS,0.01654
2021-12-01,Combined Risk Parity,DOW,0.011933
2021-12-01,Combined Risk Parity,DUK,0.030375
2021-12-01,Combined Risk Parity,EA,0.027477
2021-12-01,Combined Risk Parity,GE,0.013889
2021-12-01,Combined Risk Parity,GILD,0.026486
2021-12-01,Combined Risk Parity,GS,0.01534
2021-12-01,Combined Risk Parity,INTC,0.014693
2021-12-01,Combined Risk Parity,KO,0.024956
2021-12-01,Combined Risk Parity,MMM,0.026579
2021-12-01,Combined Risk Parity,MRK,0.026176
2021-12-01,Combined Risk Parity,MS,0.013773
2021-12-01,Combined Risk Parity,NEE,0.018426
2021-12-01,Combined Risk Parity,NEM,0.01926
2021-12-01,Combined Risk Parity,NKE,0.017809
2021-12-01,Combined Risk Parity,NUE,0.010427
2021-12-01,Combined Risk Parity,NVDA,0.012538
2021-12-01,Combined Risk Parity,O,0.022907
2021-12-01,Combined Risk Parity,OXY,0.00923
2021-12-01,Combined Risk Parity,PLD,0.019693
2021-12-01,Combined Risk Parity,PSA,0.035369
2021-12-01,Combined Risk Parity,QCOM,0.012616
2021-12-01,Combined Risk Parity,SBUX,0.017718
2021-12-01,Combined Risk Parity,SHW,0.022375
2021-12-01,Combined Risk Parity,SLB,0.009711
2021-12-01,Combined Risk Parity,SO,0.023724
2021-12-01,Combined Risk Parity,T,0.026891
2021-12-01,Combined Risk Parity,TMUS,0.016556
2021-12-01,Combined Risk Parity,TTWO,0.02399
2021-12-01,Combined Risk Parity,UPS,0.021752
2021-12-01,Combined Risk Parity,USB,0.01454
2021-12-01,Combined Risk Parity,V,0.016938
2021-12-01,Combined Risk Parity,WFC,0.012763
2021-12-01,Combined Risk Parity,WMT,0.027196
2021-12-01,Combined Risk Parity,XOM,0.012925
2021-12-01,Combined Risk Parity,ADA-USD,0.003581
2021-12-01,Combined Risk Parity,BCH-USD,0.00316
2021-12-01,Combined Risk Parity,BTC-USD,0.005165
2021-12-01,Combined Risk Parity,EOS-USD,0.003084
2021-12-01,Combined Risk Parity,ETC-USD,0.00313
2021-12-01,Combined Risk Parity,ETH-USD,0.004156
2021-12-01,Combined Risk Parity,LTC-USD,0.003589
2021-12-01,Combined Risk Parity,TRX-USD,0.004095
2021-12-01,Combined Risk Parity,XLM-USD,0.003273
2021-12-01,Combined Risk Parity,XRP-USD,0.00343
2022-01-03,Combined Risk Parity,ABBV,0.022744
2022-01-03,Combined Risk Parity,ABT,0.028536
2022-01-03,Combined Risk Parity,ADBE,0.016955
2022-01-03,Combined Risk Parity,AEP,0.029558
2022-01-03,Combined Risk Parity,AMD,0.013608
2022-01-03,Combined Risk Parity,AMGN,0.021083
2022-01-03,Combined Risk Parity,AMT,0.022804
2022-01-03,Combined Risk Parity,BA,0.011135
2022-01-03,Combined Risk Parity,CAT,0.014301
2022-01-03,Combined Risk Parity,CCI,0.025116
2022-01-03,Combined Risk Parity,CMCSA,0.01536
2022-01-03,Combined Risk Parity,COP,0.011913
2022-01-03,Combined Risk Parity,CVX,0.014828
2022-01-03,Combined Risk Parity,D,0.026987
2022-01-03,Combined Risk Parity,DD,0.012629
2022-01-03,Combined Risk Parity,DIS,0.016576
2022-01-03,Combined Risk Parity,DOW,0.012021
2022-01-03,Combined Risk Parity,DUK,0.031434
2022-01-03,Combined Risk Parity,EA,0.025874
2022-01-03,Combined Risk Parity,GE,0.013589
2022-01-03,Combined Risk Parity,GILD,0.028559
2022-01-03,Combined Risk Parity,GS,0.014575
2022-01-03,Combined Risk Parity,INTC,0.014509
2022-01-03,Combined Risk Parity,KO,0.02519
2022-01-03,Combined Risk Parity,MMM,0.026761
2022-01-03,Combined Risk Parity,MRK,0.028478
2022-01-03,Combined Risk Parity,MS,0.013455
2022-01-03,Combined Risk Parity,NEE,0.019074
2022-01-03,Combined Risk Parity,NEM,0.020741
2022-01-03,Combined Risk Parity,NKE,0.017384
2022-01-03,Combined Risk Parity,NUE,0.011421
2022-01-03,Combined Risk Parity,NVDA,0.011436
2022-01-03,Combined Risk Parity,O,0.022271
2022-01-03,Combined Risk Parity,OXY,0.009409
2022-01-03,Combined Risk Parity,PLD,0.0205
2022-01-03,Combined Risk Parity,PSA,0.03421
2022-01-03,Combined Risk Parity,QCOM,0.013081
2022-01-03,Combined Risk Parity,SBUX,0.016662
2022-01-03,Combined Risk Parity,SHW,0.02168
2022-01-03,Combined Risk Parity,SLB,0.009988
2022-01-03,Combined Risk Parity,SO,0.025227
2022-01-03,Combined Risk Parity,T,0.0259
2022-01-03,Combined Risk Parity,TMUS,0.016119
2022-01-03,Combined Risk Parity,TTWO,0.023544
2022-01-03,Combined Risk Parity,UPS,0.020499
2022-01-03,Combined Risk Parity,USB,0.014166
2022-01-03,Combined Risk Parity,V,0.016151
2022-01-03,Combined Risk Parity,WFC,0.012241
2022-01-03,Combined Risk Parity,WMT,0.028183
2022-01-03,Combined Risk Parity,XOM,0.013469
2022-01-03,Combined Risk Parity,ADA-USD,0.003533
2022-01-03,Combined Risk Parity,BCH-USD,0.003295
2022-01-03,Combined Risk Parity,BTC-USD,0.005292
2022-01-03,Combined Risk Parity,EOS-USD,0.00323
2022-01-03,Combined Risk Parity,ETC-USD,0.003283
2022-01-03,Combined Risk Parity,ETH-USD,0.004269
2022-01-03,Combined Risk Parity,LTC-USD,0.003699
2022-01-03,Combined Risk Parity,TRX-USD,0.004237
2022-01-03,Combined Risk Parity,XLM-USD,0.003398
2022-01-03,Combined Risk Parity,XRP-USD,0.003831
2022-02-01,Combined Risk Parity,ABBV,0.026605
2022-02-01,Combined Risk Parity,ABT,0.026166
2022-02-01,Combined Risk Parity,ADBE,0.015865
2022-02-01,Combined Risk Parity,AEP,0.030074
2022-02-01,Combined Risk Parity,AMD,0.011498
2022-02-01,Combined Risk Parity,AMGN,0.02191
2022-02-01,Combined Risk Parity,AMT,0.020176
2022-02-01,Combined Risk Parity,BA,0.01097
2022-02-01,Combined Risk Parity,CAT,0.015789
2022-02-01,Combined Risk Parity,CCI,0.021456
2022-02-01,Combined Risk Parity,CMCSA,0.016433
2022-02-01,Combined Risk Parity,COP,0.012881
2022-02-01,Combined Risk Parity,CVX,0.017115
2022-02-01,Combined Risk Parity,D,0.026366
2022-02-01,Combined Risk Parity,DD,0.01295
2022-02-01,Combined Risk Parity,DIS,0.016257
2022-02-01,Combined Risk Parity,DOW,0.012928
2022-02-01,Combined Risk Parity,DUK,0.031737
2022-02-01,Combined Risk Parity,EA,0.025419
2022-02-01,Combined Risk Parity,GE,0.012485
2022-02-01,Combined Risk Parity,GILD,0.027475
2022-02-01,Combined Risk Parity,GS,0.014006
2022-02-01,Combined Risk Parity,INTC,0.015052
2022-02-01,Combined Risk Parity,KO,0.025086
2022-02-01,Combined Risk Parity,MMM,0.022309
2022-02-01,Combined Risk Parity,MRK,0.033982
2022-02-01,Combined Risk Parity,MS,0.014706
2022-02-01,Combined Risk Parity,NEE,0.022067
2022-02-01,Combined Risk Parity,NEM,0.022339
2022-02-01,Combined Risk Parity,NKE,0.017565
2022-02-01,Combined Risk Parity,NUE,0.010652
2022-02-01,Combined Risk Parity,NVDA,0.009833
2022-02-01,Combined Risk Parity,O,0.021501
2022-02-01,Combined Risk Parity,OXY,0.009391
2022-02-01,Combined Risk Parity,PLD,0.020571
2022-02-01,Combined Risk Parity,PSA,0.031773
2022-02-01,Combined Risk Parity,QCOM,0.012917
2022-02-01,Combined Risk Parity,SBUX,0.018165
2022-02-01,Combined Risk Parity,SHW,0.020697
2022-02-01,Combined Risk Parity,SLB,0.010832
2022-02-01,Combined Risk Parity,SO,0.029232
2022-02-01,Combined Risk Parity,T,0.021933
2022-02-01,Combined Risk Parity,TMUS,0.017147
2022-02-01,Combined Risk Parity,TTWO,0.02279
2022-02-01,Combined Risk Parity,UPS,0.019363
2022-02-01,Combined Risk Parity,USB,0.014543
2022-02-01,Combined Risk Parity,V,0.014936
2022-02-01,Combined Risk Parity,WFC,0.013613
2022-02-01,Combined Risk Parity,WMT,0.02737
2022-02-01,Combined Risk Parity,XOM,0.014147
2022-02-01,Combined Risk Parity,ADA-USD,0.003702
2022-02-01,Combined Risk Parity,BCH-USD,0.003463
2022-02-01,Combined Risk Parity,BTC-USD,0.005694
2022-02-01,Combined Risk Parity,EOS-USD,0.003208
2022-02-01,Combined Risk Parity,ETC-USD,0.003231
2022-02-01,Combined Risk Parity,ETH-USD,0.004281
2022-02-01,Combined Risk Parity,LTC-USD,0.003729
2022-02-01,Combined Risk Parity,TRX-USD,0.003989
2022-02-01,Combined Risk Parity,XLM-USD,0.003902
2022-02-01,Combined Risk Parity,XRP-USD,0.003727
2022-03-01,Combined Risk Parity,ABBV,0.027042
2022-03-01,Combined Risk Parity,ABT,0.024282
2022-03-01,Combined Risk Parity,ADBE,0.015142
2022-03-01,Combined Risk Parity,AEP,0.028936
2022-03-01,Combined Risk Parity,AMD,0.010183
2022-03-01,Combined Risk Parity,AMGN,0.0204
2022-03-01,Combined Risk Parity,AMT,0.01957
2022-03-01,Combined Risk Parity,BA,0.011966
2022-03-01,Combined Risk Parity,CAT,0.015553
2022-03-01,Combined Risk Parity,CCI,0.019994
2022-03-01,Combined Risk Parity,CMCSA,0.015946
2022-03-01,Combined Risk Parity,COP,0.013259
2022-03-01,Combined Risk Parity,CVX,0.017462
2022-03-01,Combined Risk Parity,D,0.02704
2022-03-01,Combined Risk Parity,DD,0.012675
2022-03-01,Combined Risk Parity,DIS,0.018443
2022-03-01,Combined Risk Parity,DOW,0.013652
2022-03-01,Combined Risk Parity,DUK,0.028438
2022-03-01,Combined Risk Parity,EA,0.026123
2022-03-01,Combined Risk Parity,GE,0.01262
2022-03-01,Combined Risk Parity,GILD,0.032203
2022-03-01,Combined Risk Parity,GS,0.01442
2022-03-01,Combined Risk Parity,INTC,0.015185
2022-03-01,Combined Risk Parity,KO,0.027825
2022-03-01,Combined Risk Parity,MMM,0.019507
2022-03-01,Combined Risk Parity,MRK,0.030675
2022-03-01,Combined Risk Parity,MS,0.01458
2022-03-01,Combined Risk Parity,NEE,0.021835
2022-03-01,Combined Risk Parity,NEM,0.026269
2022-03-01,Combined Risk Parity,NKE,0.017458
2022-03-01,Combined Risk Parity,NUE,0.010135
2022-03-01,Combined Risk Parity,NVDA,0.008993
2022-03-01,Combined Risk Parity,O,0.020643
2022-03-01,Combined Risk Parity,OXY,0.011402
2022-03-01,Combined Risk Parity,PLD,0.01888
2022-03-01,Combined Risk Parity,PSA,0.028127
2022-03-01,Combined Risk Parity,QCOM,0.011594
2022-03-01,Combined Risk Parity,SBUX,0.016851
2022-03-01,Combined Risk Parity,SHW,0.019156
2022-03-01,Combined Risk Parity,SLB,0.011575
2022-03-01,Combined Risk Parity,SO,0.029106
2022-03-01,Combined Risk Parity,T,0.022254
2022-03-01,Combined Risk Parity,TMUS,0.017081
2022-03-01,Combined Risk Parity,TTWO,0.02481
2022-03-01,Combined Risk Parity,UPS,0.017853
2022-03-01,Combined Risk Parity,USB,0.014999
2022-03-01,Combined Risk Parity,V,0.015125
2022-03-01,Combined Risk Parity,WFC,0.014097
2022-03-01,Combined Risk Parity,WMT,0.03181
2022-03-01,Combined Risk Parity,XOM,0.015522
2022-03-01,Combined Risk Parity,ADA-USD,0.003689
2022-03-01,Combined Risk Parity,BCH-USD,0.00371
2022-03-01,Combined Risk Parity,BTC-USD,0.006465
2022-03-01,Combined Risk Parity,EOS-USD,0.003305
2022-03-01,Combined Risk Parity,ETC-USD,0.003432
2022-03-01,Combined Risk Parity,ETH-USD,0.004568
2022-03-01,Combined Risk Parity,LTC-USD,0.003917
2022-03-01,Combined Risk Parity,TRX-USD,0.004338
2022-03-01,Combined Risk Parity,XLM-USD,0.004102
2022-03-01,Combined Risk Parity,XRP-USD,0.003777
2022-04-01,Combined Risk Parity,ABBV,0.028043
2022-04-01,Combined Risk Parity,ABT,0.022375
2022-04-01,Combined Risk Parity,ADBE,0.014043
2022-04-01,Combined Risk Parity,AEP,0.029262
2022-04-01,Combined Risk Parity,AMD,0.009627
2022-04-01,Combined Risk Parity,AMGN,0.021645
2022-04-01,Combined Risk Parity,AMT,0.020325
2022-04-01,Combined Risk Parity,BA,0.011129
2022-04-01,Combined Risk Parity,CAT,0.016929
2022-04-01,Combined Risk Parity,CCI,0.021141
2022-04-01,Combined Risk Parity,CMCSA,0.015774
2022-04-01,Combined Risk Parity,COP,0.014302
2022-04-01,Combined Risk Parity,CVX,0.020424
2022-04-01,Combined Risk Parity,D,0.027798
2022-04-01,Combined Risk Parity,DD,0.011388
2022-04-01,Combined Risk Parity,DIS,0.016447
2022-04-01,Combined Risk Parity,DOW,0.013012
2022-04-01,Combined Risk Parity,DUK,0.029713
2022-04-01,Combined Risk Parity,EA,0.025369
2022-04-01,Combined Risk Parity,GE,0.01182
2022-04-01,Combined Risk Parity,GILD,0.032004
2022-04-01,Combined Risk Parity,GS,0.012766
2022-04-01,Combined Risk Parity,INTC,0.015415
2022-04-01,Combined Risk Parity,KO,0.027024
2022-04-01,Combined Risk Parity,MMM,0.017822
2022-04-01,Combined Risk Parity,MRK,0.032187
2022-04-01,Combined Risk Parity,MS,0.012513
2022-04-01,Combined Risk Parity,NEE,0.02458
2022-04-01,Combined Risk Parity,NEM,0.033673
2022-04-01,Combined Risk Parity,NKE,0.015393
2022-04-01,Combined Risk Parity,NUE,0.0103
2022-04-01,Combined Risk Parity,NVDA,0.008503
2022-04-01,Combined Risk Parity,O,0.020369
2022-04-01,Combined Risk Parity,OXY,0.011073
2022-04-01,Combined Risk Parity,PLD,0.018725
2022-04-01,Combined Risk Parity,PSA,0.026433
2022-04-01,Combined Risk Parity,QCOM,0.011179
2022-04-01,Combined Risk Parity,SBUX,0.014655
2022-04-01,Combined Risk Parity,SHW,0.018772
2022-04-01,Combined Risk Parity,SLB,0.01302
2022-04-01,Combined Risk Parity,SO,0.030905
2022-04-01,Combined Risk Parity,T,0.020842
2022-04-01,Combined Risk Parity,TMUS,0.017967
2022-04-01,Combined Risk Parity,TTWO,0.022931
2022-04-01,Combined Risk Parity,UPS,0.016665
2022-04-01,Combined Risk Parity,USB,0.013368
2022-04-01,Combined Risk Parity,V,0.014759
2022-04-01,Combined Risk Parity,WFC,0.012208
2022-04-01,Combined Risk Parity,WMT,0.033488
2022-04-01,Combined Risk Parity,XOM,0.0178
2022-04-01,Combined Risk Parity,ADA-USD,0.003929
2022-04-01,Combined Risk Parity,BCH-USD,0.00372
2022-04-01,Combined Risk Parity,BTC-USD,0.006584
2022-04-01,Combined Risk Parity,EOS-USD,0.003417
2022-04-01,Combined Risk Parity,ETC-USD,0.003356
2022-04-01,Combined Risk Parity,ETH-USD,0.004571
2022-04-01,Combined Risk Parity,LTC-USD,0.003963
2022-04-01,Combined Risk Parity,TRX-USD,0.004547
2022-04-01,Combined Risk Parity,XLM-USD,0.004151
2022-04-01,Combined Risk Parity,XRP-USD,0.003854
2022-05-02,Combined Risk Parity,ABBV,0.026495
2022-05-02,Combined Risk Parity,ABT,0.021013
2022-05-02,Combined Risk Parity,ADBE,0.014048
2022-05-02,Combined Risk Parity,AEP,0.027781
2022-05-02,Combined Risk Parity,AMD,0.009703
2022-05-02,Combined Risk Parity,AMGN,0.024514
2022-05-02,Combined Risk Parity,AMT,0.020403
2022-05-02,Combined Risk Parity,BA,0.011521
2022-05-02,Combined Risk Parity,CAT,0.017171
2022-05-02,Combined Risk Parity,CCI,0.021235
2022-05-02,Combined Risk Parity,CMCSA,0.016861
2022-05-02,Combined Risk Parity,COP,0.013841
2022-05-02,Combined Risk Parity,CVX,0.018927
2022-05-02,Combined Risk Parity,D,0.028928
2022-05-02,Combined Risk Parity,DD,0.012025
2022-05-02,Combined Risk Parity,DIS,0.016115
2022-05-02,Combined Risk Parity,DOW,0.015053
2022-05-02,Combined Risk Parity,DUK,0.030739
2022-05-02,Combined Risk Parity,EA,0.026445
2022-05-02,Combined Risk Parity,GE,0.011564
2022-05-02,Combined Risk Parity,GILD,0.030078
2022-05-02,Combined Risk Parity,GS,0.012876
2022-05-02,Combined Risk Parity,INTC,0.014584
2022-05-02,Combined Risk Parity,KO,0.027052
2022-05-02,Combined Risk Parity,MMM,0.018524
2022-05-02,Combined Risk Parity,MRK,0.030798
2022-05-02,Combined Risk Parity,MS,0.012478
2022-05-02,Combined Risk Parity,NEE,0.023295
2022-05-02,Combined Risk Parity,NEM,0.03273
2022-05-02,Combined Risk Parity,NKE,0.014738
2022-05-02,Combined Risk Parity,NUE,0.010854
2022-05-02,Combined Risk Parity,NVDA,0.008335
2022-05-02,Combined Risk Parity,O,0.020153
2022-05-02,Combined Risk Parity,OXY,0.010598
2022-05-02,Combined Risk Parity,PLD,0.016984
2022-05-02,Combined Risk Parity,PSA,0.022577
2022-05-02,Combined Risk Parity,QCOM,0.01115
2022-05-02,Combined Risk Parity,SBUX,0.015245
2022-05-02,Combined Risk Parity,SHW,0.022926
2022-05-02,Combined Risk Parity,SLB,0.013976
2022-05-02,Combined Risk Parity,SO,0.029628
2022-05-02,Combined Risk Parity,T,0.02247
2022-05-02,Combined Risk Parity,TMUS,0.016475
2022-05-02,Combined Risk Parity,TTWO,0.022288
2022-05-02,Combined Risk Parity,UPS,0.016561
2022-05-02,Combined Risk Parity,USB,0.014298
2022-05-02,Combined Risk Parity,V,0.014499
2022-05-02,Combined Risk Parity,WFC,0.012843
2022-05-02,Combined Risk Parity,WMT,0.032361
2022-05-02,Combined Risk Parity,XOM,0.017785
2022-05-02,Combined Risk Parity,ADA-USD,0.004192
2022-05-02,Combined Risk Parity,BCH-USD,0.004242
2022-05-02,Combined Risk Parity,BTC-USD,0.006793
2022-05-02,Combined Risk Parity,EOS-USD,0.00368
2022-05-02,Combined Risk Parity,ETC-USD,0.003773
2022-05-02,Combined Risk Parity,ETH-USD,0.004814
2022-05-02,Combined Risk Parity,LTC-USD,0.004336
2022-05-02,Combined Risk Parity,TRX-USD,0.005358
2022-05-02,Combined Risk Parity,XLM-USD,0.004713
2022-05-02,Combined Risk Parity,XRP-USD,0.004556
2022-06-01,Combined Risk Parity,ABBV,0.030577
2022-06-01,Combined Risk Parity,ABT,0.019037
2022-06-01,Combined Risk Parity,ADBE,0.013067
2022-06-01,Combined Risk Parity,AEP,0.028959
2022-06-01,Combined Risk Parity,AMD,0.007961
2022-06-01,Combined Risk Parity,AMGN,0.028325
2022-06-01,Combined Risk Parity,AMT,0.018699
2022-06-01,Combined Risk Parity,BA,0.010282
2022-06-01,Combined Risk Parity,CAT,0.015662
2022-06-01,Combined Risk Parity,CCI,0.020549
2022-06-01,Combined Risk Parity,CMCSA,0.018
2022-06-01,Combined Risk Parity,COP,0.013093
2022-06-01,Combined Risk Parity,CVX,0.018124
2022-06-01,Combined Risk Parity,D,0.0299
2022-06-01,Combined Risk Parity,DD,0.012267
2022-06-01,Combined Risk Parity,DIS,0.014624
2022-06-01,Combined Risk Parity,DOW,0.01577
2022-06-01,Combined Risk Parity,DUK,0.03368
2022-06-01,Combined Risk Parity,EA,0.02705
2022-06-01,Combined Risk Parity,GE,0.011289
2022-06-01,Combined Risk Parity,GILD,0.032512
2022-06-01,Combined Risk Parity,GS,0.013443
2022-06-01,Combined Risk Parity,INTC,0.014149
2022-06-01,Combined Risk Parity,KO,0.023545
2022-06-01,Combined Risk Parity,MMM,0.019421
2022-06-01,Combined Risk Parity,MRK,0.032697
2022-06-01,Combined Risk Parity,MS,0.012357
2022-06-01,Combined Risk Parity,NEE,0.021101
2022-06-01,Combined Risk Parity,NEM,0.032431
2022-06-01,Combined Risk Parity,NKE,0.013962
2022-06-01,Combined Risk Parity,NUE,0.010876
2022-06-01,Combined Risk Parity,NVDA,0.007651
2022-06-01,Combined Risk Parity,O,0.020205
2022-06-01,Combined Risk Parity,OXY,0.00996
2022-06-01,Combined Risk Parity,PLD,0.014954
2022-06-01,Combined Risk Parity,PSA,0.020052
2022-06-01,Combined Risk Parity,QCOM,0.010904
2022-06-01,Combined Risk Parity,SBUX,0.01296
2022-06-01,Combined Risk Parity,SHW,0.022858
2022-06-01,Combined Risk Parity,SLB,0.011783
2022-06-01,Combined Risk Parity,SO,0.031587
2022-06-01,Combined Risk Parity,T,0.022992
2022-06-01,Combined Risk Parity,TMUS,0.016377
2022-06-01,Combined Risk Parity,TTWO,0.016876
2022-06-01,Combined Risk Parity,UPS,0.016873
2022-06-01,Combined Risk Parity,USB,0.01524
2022-06-01,Combined Risk Parity,V,0.013763
2022-06-01,Combined Risk Parity,WFC,0.012552
2022-06-01,Combined Risk Parity,WMT,0.034989
2022-06-01,Combined Risk Parity,XOM,0.016655
2022-06-01,Combined Risk Parity,ADA-USD,0.004844
2022-06-01,Combined Risk Parity,BCH-USD,0.005944
2022-06-01,Combined Risk Parity,BTC-USD,0.007742
2022-06-01,Combined Risk Parity,EOS-USD,0.005043
2022-06-01,Combined Risk Parity,ETC-USD,0.005174
2022-06-01,Combined Risk Parity,ETH-USD,0.005972
2022-06-01,Combined Risk Parity,LTC-USD,0.005246
2022-06-01,Combined Risk Parity,TRX-USD,0.006083
2022-06-01,Combined Risk Parity,XLM-USD,0.005836
2022-06-01,Combined Risk Parity,XRP-USD,0.005481
2022-07-01,Combined Risk Parity,ABBV,0.029618
2022-07-01,Combined Risk Parity,ABT,0.018449
2022-07-01,Combined Risk Parity,ADBE,0.012393
2022-07-01,Combined Risk Parity,AEP,0.02758
2022-07-01,Combined Risk Parity,AMD,0.007747
2022-07-01,Combined Risk Parity,AMGN,0.030201
2022-07-01,Combined Risk Parity,AMT,0.017701
2022-07-01,Combined Risk Parity,BA,0.010172
2022-07-01,Combined Risk Parity,CAT,0.0157
2022-07-01,Combined Risk Parity,CCI,0.018912
2022-07-01,Combined Risk Parity,CMCSA,0.018615
2022-07-01,Combined Risk Parity,COP,0.013482
2022-07-01,Combined Risk Parity,CVX,0.018428
2022-07-01,Combined Risk Parity,D,0.029798
2022-07-01,Combined Risk Parity,DD,0.012306
2022-07-01,Combined Risk Parity,DIS,0.014975
2022-07-01,Combined Risk Parity,DOW,0.01584
2022-07-01,Combined Risk Parity,DUK,0.032726
2022-07-01,Combined Risk Parity,EA,0.025844
2022-07-01,Combined Risk Parity,GE,0.011544
2022-07-01,Combined Risk Parity,GILD,0.032589
2022-07-01,Combined Risk Parity,GS,0.013971
2022-07-01,Combined Risk Parity,INTC,0.014154
2022-07-01,Combined Risk Parity,KO,0.025663
2022-07-01,Combined Risk Parity,MMM,0.020574
2022-07-01,Combined Risk Parity,MRK,0.031663
2022-07-01,Combined Risk Parity,MS,0.013009
2022-07-01,Combined Risk Parity,NEE,0.019391
2022-07-01,Combined Risk Parity,NEM,0.034206
2022-07-01,Combined Risk Parity,NKE,0.013291
2022-07-01,Combined Risk Parity,NUE,0.01102
2022-07-01,Combined Risk Parity,NVDA,0.00746
2022-07-01,Combined Risk Parity,O,0.020785
2022-07-01,Combined Risk Parity,OXY,0.010329
2022-07-01,Combined Risk Parity,PLD,0.013905
2022-07-01,Combined Risk Parity,PSA,0.019857
2022-07-01,Combined Risk Parity,QCOM,0.011217
2022-07-01,Combined Risk Parity,SBUX,0.012958
2022-07-01,Combined Risk Parity,SHW,0.020314
2022-07-01,Combined Risk Parity,SLB,0.012661
2022-07-01,Combined Risk Parity,SO,0.029923
2022-07-01,Combined Risk Parity,T,0.022252
2022-07-01,Combined Risk Parity,TMUS,0.01664
2022-07-01,Combined Risk Parity,TTWO,0.01684
2022-07-01,Combined Risk Parity,UPS,0.018085
2022-07-01,Combined Risk Parity,USB,0.015405
2022-07-01,Combined Risk Parity,V,0.013556
2022-07-01,Combined Risk Parity,WFC,0.012665
2022-07-01,Combined Risk Parity,WMT,0.037543
2022-07-01,Combined Risk Parity,XOM,0.01676
2022-07-01,Combined Risk Parity,ADA-USD,0.00522
2022-07-01,Combined Risk Parity,BCH-USD,0.006159
2022-07-01,Combined Risk Parity,BTC-USD,0.007622
2022-07-01,Combined Risk Parity,EOS-USD,0.005407
2022-07-01,Combined Risk Parity,ETC-USD,0.005447
2022-07-01,Combined Risk Parity,ETH-USD,0.005886
2022-07-01,Combined Risk Parity,LTC-USD,0.005562
2022-07-01,Combined Risk Parity,TRX-USD,0.006164
2022-07-01,Combined Risk Parity,XLM-USD,0.006094
2022-07-01,Combined Risk Parity,XRP-USD,0.005717
2022-08-01,Combined Risk Parity,ABBV,0.031748
2022-08-01,Combined Risk Parity,ABT,0.017724
2022-08-01,Combined Risk Parity,ADBE,0.011975
2022-08-01,Combined Risk Parity,AEP,0.027717
2022-08-01,Combined Risk Parity,AMD,0.007675
2022-08-01,Combined Risk Parity,AMGN,0.030138
2022-08-01,Combined Risk Parity,AMT,0.017198
2022-08-01,Combined Risk Parity,BA,0.010382
2022-08-01,Combined Risk Parity,CAT,0.015169
2022-08-01,Combined Risk Parity,CCI,0.018303
2022-08-01,Combined Risk Parity,CMCSA,0.019684
2022-08-01,Combined Risk Parity,COP,0.013416
2022-08-01,Combined Risk Parity,CVX,0.018264
2022-08-01,Combined Risk Parity,D,0.029212
2022-08-01,Combined Risk Parity,DD,0.012497
2022-08-01,Combined Risk Parity,DIS,0.014718
2022-08-01,Combined Risk Parity,DOW,0.016218
2022-08-01,Combined Risk Parity,DUK,0.032317
2022-08-01,Combined Risk Parity,EA,0.025573
2022-08-01,Combined Risk Parity,GE,0.011828
2022-08-01,Combined Risk Parity,GILD,0.032543
2022-08-01,Combined Risk Parity,GS,0.013826
2022-08-01,Combined Risk Parity,INTC,0.014246
2022-08-01,Combined Risk Parity,KO,0.025914
2022-08-01,Combined Risk Parity,MMM,0.021199
2022-08-01,Combined Risk Parity,MRK,0.03295
2022-08-01,Combined Risk Parity,MS,0.013009
2022-08-01,Combined Risk Parity,NEE,0.018716
2022-08-01,Combined Risk Parity,NEM,0.034658
2022-08-01,Combined Risk Parity,NKE,0.012832
2022-08-01,Combined Risk Parity,NUE,0.011097
2022-08-01,Combined Risk Parity,NVDA,0.007354
2022-08-01,Combined Risk Parity,O,0.020938
2022-08-01,Combined Risk Parity,OXY,0.010483
2022-08-01,Combined Risk Parity,PLD,0.013481
2022-08-01,Combined Risk Parity,PSA,0.019486
2022-08-01,Combined Risk Parity,QCOM,0.011654
2022-08-01,Combined Risk Parity,SBUX,0.012919
2022-08-01,Combined Risk Parity,SHW,0.021223
2022-08-01,Combined Risk Parity,SLB,0.012947
2022-08-01,Combined Risk Parity,SO,0.029354
2022-08-01,Combined Risk Parity,T,0.022647
2022-08-01,Combined Risk Parity,TMUS,0.016487
2022-08-01,Combined Risk Parity,TTWO,0.016853
2022-08-01,Combined Risk Parity,UPS,0.017049
2022-08-01,Combined Risk Parity,USB,0.016224
2022-08-01,Combined Risk Parity,V,0.013873
2022-08-01,Combined Risk Parity,WFC,0.012783
2022-08-01,Combined Risk Parity,WMT,0.034987
2022-08-01,Combined Risk Parity,XOM,0.016842
2022-08-01,Combined Risk Parity,ADA-USD,0.005284
2022-08-01,Combined Risk Parity,BCH-USD,0.005939
2022-08-01,Combined Risk Parity,BTC-USD,0.007648
2022-08-01,Combined Risk Parity,EOS-USD,0.005586
2022-08-01,Combined Risk Parity,ETC-USD,0.005071
2022-08-01,Combined Risk Parity,ETH-USD,0.005956
2022-08-01,Combined Risk Parity,LTC-USD,0.005673
2022-08-01,Combined Risk Parity,TRX-USD,0.006412
2022-08-01,Combined Risk Parity,XLM-USD,0.006199
2022-08-01,Combined Risk Parity,XRP-USD,0.005902
2022-09-01,Combined Risk Parity,ABBV,0.031386
2022-09-01,Combined Risk Parity,ABT,0.017379
2022-09-01,Combined Risk Parity,ADBE,0.011766
2022-09-01,Combined Risk Parity,AEP,0.027311
2022-09-01,Combined Risk Parity,AMD,0.007686
2022-09-01,Combined Risk Parity,AMGN,0.03136
2022-09-01,Combined Risk Parity,AMT,0.017092
2022-09-01,Combined Risk Parity,BA,0.010498
2022-09-01,Combined Risk Parity,CAT,0.014973
2022-09-01,Combined Risk Parity,CCI,0.018199
2022-09-01,Combined Risk Parity,CMCSA,0.019584
2022-09-01,Combined Risk Parity,COP,0.014169
2022-09-01,Combined Risk Parity,CVX,0.019031
2022-09-01,Combined Risk Parity,D,0.029317
2022-09-01,Combined Risk Parity,DD,0.012176
2022-09-01,Combined Risk Parity,DIS,0.01427
2022-09-01,Combined Risk Parity,DOW,0.016106
2022-09-01,Combined Risk Parity,DUK,0.031858
2022-09-01,Combined Risk Parity,EA,0.026058
2022-09-01,Combined Risk Parity,GE,0.011681
2022-09-01,Combined Risk Parity,GILD,0.032296
2022-09-01,Combined Risk Parity,GS,0.014016
2022-09-01,Combined Risk Parity,INTC,0.013701
2022-09-01,Combined Risk Parity,KO,0.025743
2022-09-01,Combined Risk Parity,MMM,0.019372
2022-09-01,Combined Risk Parity,MRK,0.032898
2022-09-01,Combined Risk Parity,MS,0.013084
2022-09-01,Combined Risk Parity,NEE,0.019
2022-09-01,Combined Risk Parity,NEM,0.033699
2022-09-01,Combined Risk Parity,NKE,0.01257
2022-09-01,Combined Risk Parity,NUE,0.011282
2022-09-01,Combined Risk Parity,NVDA,0.007178
2022-09-01,Combined Risk Parity,O,0.021372
2022-09-01,Combined Risk Parity,OXY,0.011424
2022-09-01,Combined Risk Parity,PLD,0.013409
2022-09-01,Combined Risk Parity,PSA,0.019146
2022-09-01,Combined Risk Parity,QCOM,0.011369
2022-09-01,Combined Risk Parity,SBUX,0.012791
2022-09-01,Combined Risk Parity,SHW,0.020389
2022-09-01,Combined Risk Parity,SLB,0.013599
2022-09-01,Combined Risk Parity,SO,0.029676
2022-09-01,Combined Risk Parity,T,0.023374
2022-09-01,Combined Risk Parity,TMUS,0.016822
2022-09-01,Combined Risk Parity,TTWO,0.016558
2022-09-01,Combined Risk Parity,UPS,0.017055
2022-09-01,Combined Risk Parity,USB,0.016604
2022-09-01,Combined Risk Parity,V,0.01384
2022-09-01,Combined Risk Parity,WFC,0.012912
2022-09-01,Combined Risk Parity,WMT,0.033709
2022-09-01,Combined Risk Parity,XOM,0.017429
2022-09-01,Combined Risk Parity,ADA-USD,0.005621
2022-09-01,Combined Risk Parity,BCH-USD,0.006029
2022-09-01,Combined Risk Parity,BTC-USD,0.00769
2022-09-01,Combined Risk Parity,EOS-USD,0.005827
2022-09-01,Combined Risk Parity,ETC-USD,0.005088
2022-09-01,Combined Risk Parity,ETH-USD,0.005833
2022-09-01,Combined Risk Parity,LTC-USD,0.005865
2022-09-01,Combined Risk Parity,TRX-USD,0.006815
2022-09-01,Combined Risk Parity,XLM-USD,0.006566
2022-09-01,Combined Risk Parity,XRP-USD,0.006448
2022-10-03,Combined Risk Parity,ABBV,0.031529
2022-10-03,Combined Risk Parity,ABT,0.017791
2022-10-03,Combined Risk Parity,ADBE,0.011117
2022-10-03,Combined Risk Parity,AEP,0.025475
2022-10-03,Combined Risk Parity,AMD,0.007761
2022-10-03,Combined Risk Parity,AMGN,0.031401
2022-10-03,Combined Risk Parity,AMT,0.017086
2022-10-03,Combined Risk Parity,BA,0.010534
2022-10-03,Combined Risk Parity,CAT,0.015141
2022-10-03,Combined Risk Parity,CCI,0.017766
2022-10-03,Combined Risk Parity,CMCSA,0.018262
2022-10-03,Combined Risk Parity,COP,0.014479
2022-10-03,Combined Risk Parity,CVX,0.019382
2022-10-03,Combined Risk Parity,D,0.027478
2022-10-03,Combined Risk Parity,DD,0.01231
2022-10-03,Combined Risk Parity,DIS,0.013869
2022-10-03,Combined Risk Parity,DOW,0.01614
2022-10-03,Combined Risk Parity,DUK,0.029399
2022-10-03,Combined Risk Parity,EA,0.024439
2022-10-03,Combined Risk Parity,GE,0.012212
2022-10-03,Combined Risk Parity,GILD,0.029227
2022-10-03,Combined Risk Parity,GS,0.014441
2022-10-03,Combined Risk Parity,INTC,0.013396
2022-10-03,Combined Risk Parity,KO,0.026274
2022-10-03,Combined Risk Parity,MMM,0.019984
2022-10-03,Combined Risk Parity,MRK,0.034206
2022-10-03,Combined Risk Parity,MS,0.013604
2022-10-03,Combined Risk Parity,NEE,0.018974
2022-10-03,Combined Risk Parity,NEM,0.031618
2022-10-03,Combined Risk Parity,NKE,0.011789
2022-10-03,Combined Risk Parity,NUE,0.01212
2022-10-03,Combined Risk Parity,NVDA,0.007455
2022-10-03,Combined Risk Parity,O,0.022222
2022-10-03,Combined Risk Parity,OXY,0.012595
2022-10-03,Combined Risk Parity,PLD,0.013685
2022-10-03,Combined Risk Parity,PSA,0.019595
2022-10-03,Combined Risk Parity,QCOM,0.011529
2022-10-03,Combined Risk Parity,SBUX,0.013207
2022-10-03,Combined Risk Parity,SHW,0.020122
2022-10-03,Combined Risk Parity,SLB,0.013815
2022-10-03,Combined Risk Parity,SO,0.027285
2022-10-03,Combined Risk Parity,T,0.023526
2022-10-03,Combined Risk Parity,TMUS,0.017121
2022-10-03,Combined Risk Parity,TTWO,0.016166
2022-10-03,Combined Risk Parity,UPS,0.016787
2022-10-03,Combined Risk Parity,USB,0.01692
2022-10-03,Combined Risk Parity,V,0.014258
2022-10-03,Combined Risk Parity,WFC,0.013284
2022-10-03,Combined Risk Parity,WMT,0.03352
2022-10-03,Combined Risk Parity,XOM,0.01804
2022-10-03,Combined Risk Parity,ADA-USD,0.006331
2022-10-03,Combined Risk Parity,BCH-USD,0.00682
2022-10-03,Combined Risk Parity,BTC-USD,0.008169
2022-10-03,Combined Risk Parity,EOS-USD,0.006267
2022-10-03,Combined Risk Parity,ETC-USD,0.005554
2022-10-03,Combined Risk Parity,ETH-USD,0.006411
2022-10-03,Combined Risk Parity,LTC-USD,0.006713
2022-10-03,Combined Risk Parity,TRX-USD,0.008291
2022-10-03,Combined Risk Parity,XLM-USD,0.007591
2022-10-03,Combined Risk Parity,XRP-USD,0.007517
2022-11-01,Combined Risk Parity,ABBV,0.032088
2022-11-01,Combined Risk Parity,ABT,0.017589
2022-11-01,Combined Risk Parity,ADBE,0.011427
2022-11-01,Combined Risk Parity,AEP,0.023598
2022-11-01,Combined Risk Parity,AMD,0.007736
2022-11-01,Combined Risk Parity,AMGN,0.031753
2022-11-01,Combined Risk Parity,AMT,0.016531
2022-11-01,Combined Risk Parity,BA,0.010913
2022-11-01,Combined Risk Parity,CAT,0.015111
2022-11-01,Combined Risk Parity,CCI,0.017665
2022-11-01,Combined Risk Parity,CMCSA,0.018639
2022-11-01,Combined Risk Parity,COP,0.014757
2022-11-01,Combined Risk Parity,CVX,0.019361
2022-11-01,Combined Risk Parity,D,0.025725
2022-11-01,Combined Risk Parity,DD,0.0125
2022-11-01,Combined Risk Parity,DIS,0.013895
2022-11-01,Combined Risk Parity,DOW,0.016392
2022-11-01,Combined Risk Parity,DUK,0.026647
2022-11-01,Combined Risk Parity,EA,0.0244
2022-11-01,Combined Risk Parity,GE,0.012293
2022-11-01,Combined Risk Parity,GILD,0.025204
2022-11-01,Combined Risk Parity,GS,0.014291
2022-11-01,Combined Risk Parity,INTC,0.012736
2022-11-01,Combined Risk Parity,KO,0.025896
2022-11-01,Combined Risk Parity,MMM,0.019265
2022-11-01,Combined Risk Parity,MRK,0.038611
2022-11-01,Combined Risk Parity,MS,0.013417
2022-11-01,Combined Risk Parity,NEE,0.018352
2022-11-01,Combined Risk Parity,NEM,0.028859
2022-11-01,Combined Risk Parity,NKE,0.011953
2022-11-01,Combined Risk Parity,NUE,0.012005
2022-11-01,Combined Risk Parity,NVDA,0.007497
2022-11-01,Combined Risk Parity,O,0.022374
2022-11-01,Combined Risk Parity,OXY,0.013545
2022-11-01,Combined Risk Parity,PLD,0.013861
2022-11-01,Combined Risk Parity,PSA,0.020051
2022-11-01,Combined Risk Parity,QCOM,0.011535
2022-11-01,Combined Risk Parity,SBUX,0.013563
2022-11-01,Combined Risk Parity,SHW,0.018633
2022-11-01,Combined Risk Parity,SLB,0.014218
2022-11-01,Combined Risk Parity,SO,0.025379
2022-11-01,Combined Risk Parity,T,0.023018
2022-11-01,Combined Risk Parity,TMUS,0.016957
2022-11-01,Combined Risk Parity,TTWO,0.01711
2022-11-01,Combined Risk Parity,UPS,0.017433
2022-11-01,Combined Risk Parity,USB,0.0171
2022-11-01,Combined Risk Parity,V,0.015026
2022-11-01,Combined Risk Parity,WFC,0.01346
2022-11-01,Combined Risk Parity,WMT,0.0327
2022-11-01,Combined Risk Parity,XOM,0.018598
2022-11-01,Combined Risk Parity,ADA-USD,0.006798
2022-11-01,Combined Risk Parity,BCH-USD,0.007606
2022-11-01,Combined Risk Parity,BTC-USD,0.008864
2022-11-01,Combined Risk Parity,EOS-USD,0.007055
2022-11-01,Combined Risk Parity,ETC-USD,0.006133
2022-11-01,Combined Risk Parity,ETH-USD,0.007072
2022-11-01,Combined Risk Parity,LTC-USD,0.00755
2022-11-01,Combined Risk Parity,TRX-USD,0.009736
2022-11-01,Combined Risk Parity,XLM-USD,0.008919
2022-11-01,Combined Risk Parity,XRP-USD,0.0086
2022-12-01,Combined Risk Parity,ABBV,0.032818
2022-12-01,Combined Risk Parity,ABT,0.017209
2022-12-01,Combined Risk Parity,ADBE,0.010892
2022-12-01,Combined Risk Parity,AEP,0.023389
2022-12-01,Combined Risk Parity,AMD,0.007432
2022-12-01,Combined Risk Parity,AMGN,0.035149
2022-12-01,Combined Risk Parity,AMT,0.015592
2022-12-01,Combined Risk Parity,BA,0.011441
2022-12-01,Combined Risk Parity,CAT,0.015649
2022-12-01,Combined Risk Parity,CCI,0.016682
2022-12-01,Combined Risk Parity,CMCSA,0.01832
2022-12-01,Combined Risk Parity,COP,0.015246
2022-12-01,Combined Risk Parity,CVX,0.019458
2022-12-01,Combined Risk Parity,D,0.025911
2022-12-01,Combined Risk Parity,DD,0.013481
2022-12-01,Combined Risk Parity,DIS,0.012963
2022-12-01,Combined Risk Parity,DOW,0.015977
2022-12-01,Combined Risk Parity,DUK,0.027062
2022-12-01,Combined Risk Parity,EA,0.024088
2022-12-01,Combined Risk Parity,GE,0.013095
2022-12-01,Combined Risk Parity,GILD,0.0265
2022-12-01,Combined Risk Parity,GS,0.014811
2022-12-01,Combined Risk Parity,INTC,0.012051
2022-12-01,Combined Risk Parity,KO,0.026417
2022-12-01,Combined Risk Parity,MMM,0.019217
2022-12-01,Combined Risk Parity,MRK,0.043691
2022-12-01,Combined Risk Parity,MS,0.01362
2022-12-01,Combined Risk Parity,NEE,0.018122
2022-12-01,Combined Risk Parity,NEM,0.023169
2022-12-01,Combined Risk Parity,NKE,0.011414
2022-12-01,Combined Risk Parity,NUE,0.012058
2022-12-01,Combined Risk Parity,NVDA,0.007141
2022-12-01,Combined Risk Parity,O,0.02209
2022-12-01,Combined Risk Parity,OXY,0.013688
2022-12-01,Combined Risk Parity,PLD,0.01357
2022-12-01,Combined Risk Parity,PSA,0.018982
2022-12-01,Combined Risk Parity,QCOM,0.01081
2022-12-01,Combined Risk Parity,SBUX,0.013521
2022-12-01,Combined Risk Parity,SHW,0.017244
2022-12-01,Combined Risk Parity,SLB,0.015508
2022-12-01,Combined Risk Parity,SO,0.025211
2022-12-01,Combined Risk Parity,T,0.023887
2022-12-01,Combined Risk Parity,TMUS,0.01848
2022-12-01,Combined Risk Parity,TTWO,0.016777
2022-12-01,Combined Risk Parity,UPS,0.016632
2022-12-01,Combined Risk Parity,USB,0.017254
2022-12-01,Combined Risk Parity,V,0.014587
2022-12-01,Combined Risk Parity,WFC,0.014126
2022-12-01,Combined Risk Parity,WMT,0.032564
2022-12-01,Combined Risk Parity,XOM,0.019331
2022-12-01,Combined Risk Parity,ADA-USD,0.006627
2022-12-01,Combined Risk Parity,BCH-USD,0.00753
2022-12-01,Combined Risk Parity,BTC-USD,0.008659
2022-12-01,Combined Risk Parity,EOS-USD,0.006948
2022-12-01,Combined Risk Parity,ETC-USD,0.005858
2022-12-01,Combined Risk Parity,ETH-USD,0.006571
2022-12-01,Combined Risk Parity,LTC-USD,0.007282
2022-12-01,Combined Risk Parity,TRX-USD,0.010131
2022-12-01,Combined Risk Parity,XLM-USD,0.008135
2022-12-01,Combined Risk Parity,XRP-USD,0.007932
2023-01-03,Combined Risk Parity,ABBV,0.033129
2023-01-03,Combined Risk Parity,ABT,0.016872
2023-01-03,Combined Risk Parity,ADBE,0.010991
2023-01-03,Combined Risk Parity,AEP,0.023126
2023-01-03,Combined Risk Parity,AMD,0.007478
2023-01-03,Combined Risk Parity,AMGN,0.036476
2023-01-03,Combined Risk Parity,AMT,0.015679
2023-01-03,Combined Risk Parity,BA,0.011845
2023-01-03,Combined Risk Parity,CAT,0.015799
2023-01-03,Combined Risk Parity,CCI,0.016709
2023-01-03,Combined Risk Parity,CMCSA,0.018114
2023-01-03,Combined Risk Parity,COP,0.015448
2023-01-03,Combined Risk Parity,CVX,0.019355
2023-01-03,Combined Risk Parity,D,0.026113
2023-01-03,Combined Risk Parity,DD,0.013641
2023-01-03,Combined Risk Parity,DIS,0.01289
2023-01-03,Combined Risk Parity,DOW,0.016084
2023-01-03,Combined Risk Parity,DUK,0.026757
2023-01-03,Combined Risk Parity,EA,0.024022
2023-01-03,Combined Risk Parity,GE,0.013179
2023-01-03,Combined Risk Parity,GILD,0.025968
2023-01-03,Combined Risk Parity,GS,0.015113
2023-01-03,Combined Risk Parity,INTC,0.01223
2023-01-03,Combined Risk Parity,KO,0.026428
2023-01-03,Combined Risk Parity,MMM,0.019122
2023-01-03,Combined Risk Parity,MRK,0.04138
2023-01-03,Combined Risk Parity,MS,0.013754
2023-01-03,Combined Risk Parity,NEE,0.017962
2023-01-03,Combined Risk Parity,NEM,0.022661
2023-01-03,Combined Risk Parity,NKE,0.01103
2023-01-03,Combined Risk Parity,NUE,0.01152
2023-01-03,Combined Risk Parity,NVDA,0.00721
2023-01-03,Combined Risk Parity,O,0.02278
2023-01-03,Combined Risk Parity,OXY,0.013917
2023-01-03,Combined Risk Parity,PLD,0.013321
2023-01-03,Combined Risk Parity,PSA,0.018665
2023-01-03,Combined Risk Parity,QCOM,0.010572
2023-01-03,Combined Risk Parity,SBUX,0.013837
2023-01-03,Combined Risk Parity,SHW,0.01708
2023-01-03,Combined Risk Parity,SLB,0.015244
2023-01-03,Combined Risk Parity,SO,0.024959
2023-01-03,Combined Risk Parity,T,0.024311
2023-01-03,Combined Risk Parity,TMUS,0.01922
2023-01-03,Combined Risk Parity,TTWO,0.016475
2023-01-03,Combined Risk Parity,UPS,0.016525
2023-01-03,Combined Risk Parity,USB,0.017386
2023-01-03,Combined Risk Parity,V,0.014962
2023-01-03,Combined Risk Parity,WFC,0.014761
2023-01-03,Combined Risk Parity,WMT,0.031102
2023-01-03,Combined Risk Parity,XOM,0.019104
2023-01-03,Combined Risk Parity,ADA-USD,0.006925
2023-01-03,Combined Risk Parity,BCH-USD,0.007712
2023-01-03,Combined Risk Parity,BTC-USD,0.008856
2023-01-03,Combined Risk Parity,EOS-USD,0.007214
2023-01-03,Combined Risk Parity,ETC-USD,0.005807
2023-01-03,Combined Risk Parity,ETH-USD,0.00663
2023-01-03,Combined Risk Parity,LTC-USD,0.007393
2023-01-03,Combined Risk Parity,TRX-USD,0.01074
2023-01-03,Combined Risk Parity,XLM-USD,0.008439
2023-01-03,Combined Risk Parity,XRP-USD,0.007976
2023-02-01,Combined Risk Parity,ABBV,0.033242
2023-02-01,Combined Risk Parity,ABT,0.017059
2023-02-01,Combined Risk Parity,ADBE,0.011155
2023-02-01,Combined Risk Parity,AEP,0.022649
2023-02-01,Combined Risk Parity,AMD,0.007565
2023-02-01,Combined Risk Parity,AMGN,0.03703
2023-02-01,Combined Risk Parity,AMT,0.015739
2023-02-01,Combined Risk Parity,BA,0.012086
2023-02-01,Combined Risk Parity,CAT,0.015548
2023-02-01,Combined Risk Parity,CCI,0.016497
2023-02-01,Combined Risk Parity,CMCSA,0.017826
2023-02-01,Combined Risk Parity,COP,0.015879
2023-02-01,Combined Risk Parity,CVX,0.019343
2023-02-01,Combined Risk Parity,D,0.025539
2023-02-01,Combined Risk Parity,DD,0.013744
2023-02-01,Combined Risk Parity,DIS,0.012968
2023-02-01,Combined Risk Parity,DOW,0.015819
2023-02-01,Combined Risk Parity,DUK,0.026438
2023-02-01,Combined Risk Parity,EA,0.02415
2023-02-01,Combined Risk Parity,GE,0.013273
2023-02-01,Combined Risk Parity,GILD,0.026465
2023-02-01,Combined Risk Parity,GS,0.015546
2023-02-01,Combined Risk Parity,INTC,0.011788
2023-02-01,Combined Risk Parity,KO,0.02652
2023-02-01,Combined Risk Parity,MMM,0.017883
2023-02-01,Combined Risk Parity,MRK,0.040305
2023-02-01,Combined Risk Parity,MS,0.013741
2023-02-01,Combined Risk Parity,NEE,0.018506
2023-02-01,Combined Risk Parity,NEM,0.021314
2023-02-01,Combined Risk Parity,NKE,0.011036
2023-02-01,Combined Risk Parity,NUE,0.011552
2023-02-01,Combined Risk Parity,NVDA,0.007214
2023-02-01,Combined Risk Parity,O,0.022975
2023-02-01,Combined Risk Parity,OXY,0.014646
2023-02-01,Combined Risk Parity,PLD,0.013059
2023-02-01,Combined Risk Parity,PSA,0.018677
2023-02-01,Combined Risk Parity,QCOM,0.010543
2023-02-01,Combined Risk Parity,SBUX,0.013772
2023-02-01,Combined Risk Parity,SHW,0.016613
2023-02-01,Combined Risk Parity,SLB,0.015624
2023-02-01,Combined Risk Parity,SO,0.024307
2023-02-01,Combined Risk Parity,T,0.024974
2023-02-01,Combined Risk Parity,TMUS,0.020134
2023-02-01,Combined Risk Parity,TTWO,0.016728
2023-02-01,Combined Risk Parity,UPS,0.016254
2023-02-01,Combined Risk Parity,USB,0.017288
2023-02-01,Combined Risk Parity,V,0.01556
2023-02-01,Combined Risk Parity,WFC,0.014921
2023-02-01,Combined Risk Parity,WMT,0.030097
2023-02-01,Combined Risk Parity,XOM,0.01917
2023-02-01,Combined Risk Parity,ADA-USD,0.00702
2023-02-01,Combined Risk Parity,BCH-USD,0.007839
2023-02-01,Combined Risk Parity,BTC-USD,0.008965
2023-02-01,Combined Risk Parity,EOS-USD,0.007323
2023-02-01,Combined Risk Parity,ETC-USD,0.005622
2023-02-01,Combined Risk Parity,ETH-USD,0.006846
2023-02-01,Combined Risk Parity,LTC-USD,0.007666
2023-02-01,Combined Risk Parity,TRX-USD,0.011209
2023-02-01,Combined Risk Parity,XLM-USD,0.008649
2023-02-01,Combined Risk Parity,XRP-USD,0.008103
2023-03-01,Combined Risk Parity,ABBV,0.033996
2023-03-01,Combined Risk Parity,ABT,0.017237
2023-03-01,Combined Risk Parity,ADBE,0.011185
2023-03-01,Combined Risk Parity,AEP,0.022198
2023-03-01,Combined Risk Parity,AMD,0.007794
2023-03-01,Combined Risk Parity,AMGN,0.037801
2023-03-01,Combined Risk Parity,AMT,0.015456
2023-03-01,Combined Risk Parity,BA,0.012002
2023-03-01,Combined Risk Parity,CAT,0.01571
2023-03-01,Combined Risk Parity,CCI,0.016321
2023-03-01,Combined Risk Parity,CMCSA,0.017861
2023-03-01,Combined Risk Parity,COP,0.015579
2023-03-01,Combined Risk Parity,CVX,0.019303
2023-03-01,Combined Risk Parity,D,0.025147
2023-03-01,Combined Risk Parity,DD,0.013846
2023-03-01,Combined Risk Parity,DIS,0.012707
2023-03-01,Combined Risk Parity,DOW,0.015858
2023-03-01,Combined Risk Parity,DUK,0.026668
2023-03-01,Combined Risk Parity,EA,0.024009
2023-03-01,Combined Risk Parity,GE,0.013771
2023-03-01,Combined Risk Parity,GILD,0.025828
2023-03-01,Combined Risk Parity,GS,0.015818
2023-03-01,Combined Risk Parity,INTC,0.011675
2023-03-01,Combined Risk Parity,KO,0.026156
2023-03-01,Combined Risk Parity,MMM,0.018135
2023-03-01,Combined Risk Parity,MRK,0.040716
2023-03-01,Combined Risk Parity,MS,0.01413
2023-03-01,Combined Risk Parity,NEE,0.018564
2023-03-01,Combined Risk Parity,NEM,0.019807
2023-03-01,Combined Risk Parity,NKE,0.010882
2023-03-01,Combined Risk Parity,NUE,0.011984
2023-03-01,Combined Risk Parity,NVDA,0.007456
2023-03-01,Combined Risk Parity,O,0.023123
2023-03-01,Combined Risk Parity,OXY,0.013876
2023-03-01,Combined Risk Parity,PLD,0.013184
2023-03-01,Combined Risk Parity,PSA,0.018974
2023-03-01,Combined Risk Parity,QCOM,0.010796
2023-03-01,Combined Risk Parity,SBUX,0.013641
2023-03-01,Combined Risk Parity,SHW,0.016842
2023-03-01,Combined Risk Parity,SLB,0.015612
2023-03-01,Combined Risk Parity,SO,0.02387
2023-03-01,Combined Risk Parity,T,0.025069
2023-03-01,Combined Risk Parity,TMUS,0.019888
2023-03-01,Combined Risk Parity,TTWO,0.016228
2023-03-01,Combined Risk Parity,UPS,0.016944
2023-03-01,Combined Risk Parity,USB,0.017623
2023-03-01,Combined Risk Parity,V,0.015649
2023-03-01,Combined Risk Parity,WFC,0.015169
2023-03-01,Combined Risk Parity,WMT,0.029136
2023-03-01,Combined Risk Parity,XOM,0.019216
2023-03-01,Combined Risk Parity,ADA-USD,0.006977
2023-03-01,Combined Risk Parity,BCH-USD,0.007778
2023-03-01,Combined Risk Parity,BTC-USD,0.008932
2023-03-01,Combined Risk Parity,EOS-USD,0.007314
2023-03-01,Combined Risk Parity,ETC-USD,0.005603
2023-03-01,Combined Risk Parity,ETH-USD,0.00702
2023-03-01,Combined Risk Parity,LTC-USD,0.007779
2023-03-01,Combined Risk Parity,TRX-USD,0.010805
2023-03-01,Combined Risk Parity,XLM-USD,0.00876
2023-03-01,Combined Risk Parity,XRP-USD,0.008592
2023-04-03,Combined Risk Parity,ABBV,0.033958
2023-04-03,Combined Risk Parity,ABT,0.017431
2023-04-03,Combined Risk Parity,ADBE,0.011458
2023-04-03,Combined Risk Parity,AEP,0.022014
2023-04-03,Combined Risk Parity,AMD,0.008249
2023-04-03,Combined Risk Parity,AMGN,0.0381
2023-04-03,Combined Risk Parity,AMT,0.015349
2023-04-03,Combined Risk Parity,BA,0.012219
2023-04-03,Combined Risk Parity,CAT,0.015064
2023-04-03,Combined Risk Parity,CCI,0.016219
2023-04-03,Combined Risk Parity,CMCSA,0.017898
2023-04-03,Combined Risk Parity,COP,0.015091
2023-04-03,Combined Risk Parity,CVX,0.018085
2023-04-03,Combined Risk Parity,D,0.02481
2023-04-03,Combined Risk Parity,DD,0.014291
2023-04-03,Combined Risk Parity,DIS,0.012937
2023-04-03,Combined Risk Parity,DOW,0.016145
2023-04-03,Combined Risk Parity,DUK,0.025899
2023-04-03,Combined Risk Parity,EA,0.024494
2023-04-03,Combined Risk Parity,GE,0.014266
2023-04-03,Combined Risk Parity,GILD,0.025492
2023-04-03,Combined Risk Parity,GS,0.015834
2023-04-03,Combined Risk Parity,INTC,0.012028
2023-04-03,Combined Risk Parity,KO,0.027098
2023-04-03,Combined Risk Parity,MMM,0.018318
2023-04-03,Combined Risk Parity,MRK,0.041178
2023-04-03,Combined Risk Parity,MS,0.014225
2023-04-03,Combined Risk Parity,NEE,0.018136
2023-04-03,Combined Risk Parity,NEM,0.019553
2023-04-03,Combined Risk Parity,NKE,0.011259
2023-04-03,Combined Risk Parity,NUE,0.011909
2023-04-03,Combined Risk Parity,NVDA,0.007876
2023-04-03,Combined Risk Parity,O,0.022938
2023-04-03,Combined Risk Parity,OXY,0.013929
2023-04-03,Combined Risk Parity,PLD,0.012892
2023-04-03,Combined Risk Parity,PSA,0.018709
2023-04-03,Combined Risk Parity,QCOM,0.011324
2023-04-03,Combined Risk Parity,SBUX,0.01442
2023-04-03,Combined Risk Parity,SHW,0.016802
2023-04-03,Combined Risk Parity,SLB,0.014414
2023-04-03,Combined Risk Parity,SO,0.023481
2023-04-03,Combined Risk Parity,T,0.025305
2023-04-03,Combined Risk Parity,TMUS,0.020481
2023-04-03,Combined Risk Parity,TTWO,0.016077
2023-04-03,Combined Risk Parity,UPS,0.017669
2023-04-03,Combined Risk Parity,USB,0.016249
2023-04-03,Combined Risk Parity,V,0.016327
2023-04-03,Combined Risk Parity,WFC,0.015392
2023-04-03,Combined Risk Parity,WMT,0.029276
2023-04-03,Combined Risk Parity,XOM,0.017797
2023-04-03,Combined Risk Parity,ADA-USD,0.007096
2023-04-03,Combined Risk Parity,BCH-USD,0.008032
2023-04-03,Combined Risk Parity,BTC-USD,0.009152
2023-04-03,Combined Risk Parity,EOS-USD,0.007235
2023-04-03,Combined Risk Parity,ETC-USD,0.005776
2023-04-03,Combined Risk Parity,ETH-USD,0.007236
2023-04-03,Combined Risk Parity,LTC-USD,0.007988
2023-04-03,Combined Risk Parity,TRX-USD,0.010277
2023-04-03,Combined Risk Parity,XLM-USD,0.008622
2023-04-03,Combined Risk Parity,XRP-USD,0.008219
2023-05-01,Combined Risk Parity,ABBV,0.034628
2023-05-01,Combined Risk Parity,ABT,0.017954
2023-05-01,Combined Risk Parity,ADBE,0.011571
2023-05-01,Combined Risk Parity,AEP,0.021824
2023-05-01,Combined Risk Parity,AMD,0.008514
2023-05-01,Combined Risk Parity,AMGN,0.037746
2023-05-01,Combined Risk Parity,AMT,0.015159
2023-05-01,Combined Risk Parity,BA,0.012421
2023-05-01,Combined Risk Parity,CAT,0.015308
2023-05-01,Combined Risk Parity,CCI,0.015809
2023-05-01,Combined Risk Parity,CMCSA,0.017498
2023-05-01,Combined Risk Parity,COP,0.015043
2023-05-01,Combined Risk Parity,CVX,0.018139
2023-05-01,Combined Risk Parity,D,0.024399
2023-05-01,Combined Risk Parity,DD,0.014404
2023-05-01,Combined Risk Parity,DIS,0.012922
2023-05-01,Combined Risk Parity,DOW,0.015645
2023-05-01,Combined Risk Parity,DUK,0.025427
2023-05-01,Combined Risk Parity,EA,0.023478
2023-05-01,Combined Risk Parity,GE,0.014845
2023-05-01,Combined Risk Parity,GILD,0.025897
2023-05-01,Combined Risk Parity,GS,0.016244
2023-05-01,Combined Risk Parity,INTC,0.012021
2023-05-01,Combined Risk Parity,KO,0.027193
2023-05-01,Combined Risk Parity,MMM,0.018111
2023-05-01,Combined Risk Parity,MRK,0.04075
2023-05-01,Combined Risk Parity,MS,0.014674
2023-05-01,Combined Risk Parity,NEE,0.017987
2023-05-01,Combined Risk Parity,NEM,0.019851
2023-05-01,Combined Risk Parity,NKE,0.011592
2023-05-01,Combined Risk Parity,NUE,0.011893
2023-05-01,Combined Risk Parity,NVDA,0.00806
2023-05-01,Combined Risk Parity,O,0.023136
2023-05-01,Combined Risk Parity,OXY,0.01427
2023-05-01,Combined Risk Parity,PLD,0.012774
2023-05-01,Combined Risk Parity,PSA,0.018864
2023-05-01,Combined Risk Parity,QCOM,0.011379
2023-05-01,Combined Risk Parity,SBUX,0.014636
2023-05-01,Combined Risk Parity,SHW,0.015888
2023-05-01,Combined Risk Parity,SLB,0.01392
2023-05-01,Combined Risk Parity,SO,0.023276
2023-05-01,Combined Risk Parity,T,0.023441
2023-05-01,Combined Risk Parity,TMUS,0.021337
2023-05-01,Combined Risk Parity,TTWO,0.015926
2023-05-01,Combined Risk Parity,UPS,0.01724
2023-05-01,Combined Risk Parity,USB,0.015911
2023-05-01,Combined Risk Parity,V,0.01679
2023-05-01,Combined Risk Parity,WFC,0.015331
2023-05-01,Combined Risk Parity,WMT,0.030013
2023-05-01,Combined Risk Parity,XOM,0.017663
2023-05-01,Combined Risk Parity,ADA-USD,0.00726
2023-05-01,Combined Risk Parity,BCH-USD,0.008084
2023-05-01,Combined Risk Parity,BTC-USD,0.009358
2023-05-01,Combined Risk Parity,EOS-USD,0.007542
2023-05-01,Combined Risk Parity,ETC-USD,0.005848
2023-05-01,Combined Risk Parity,ETH-USD,0.007353
2023-05-01,Combined Risk Parity,LTC-USD,0.008152
2023-05-01,Combined Risk Parity,TRX-USD,0.010436
2023-05-01,Combined Risk Parity,XLM-USD,0.008752
2023-05-01,Combined Risk Parity,XRP-USD,0.008411
2023-06-01,Combined Risk Parity,ABBV,0.033821
2023-06-01,Combined Risk Parity,ABT,0.018809
2023-06-01,Combined Risk Parity,ADBE,0.011377
2023-06-01,Combined Risk Parity,AEP,0.020738
2023-06-01,Combined Risk Parity,AMD,0.009228
2023-06-01,Combined Risk Parity,AMGN,0.032657
2023-06-01,Combined Risk Parity,AMT,0.01496
2023-06-01,Combined Risk Parity,BA,0.01335
2023-06-01,Combined Risk Parity,CAT,0.014792
2023-06-01,Combined Risk Parity,CCI,0.015186
2023-06-01,Combined Risk Parity,CMCSA,0.016697
2023-06-01,Combined Risk Parity,COP,0.015562
2023-06-01,Combined Risk Parity,CVX,0.018342
2023-06-01,Combined Risk Parity,D,0.022678
2023-06-01,Combined Risk Parity,DD,0.013916
2023-06-01,Combined Risk Parity,DIS,0.012411
2023-06-01,Combined Risk Parity,DOW,0.01478
2023-06-01,Combined Risk Parity,DUK,0.023919
2023-06-01,Combined Risk Parity,EA,0.023787
2023-06-01,Combined Risk Parity,GE,0.015179
2023-06-01,Combined Risk Parity,GILD,0.024754
2023-06-01,Combined Risk Parity,GS,0.016137
2023-06-01,Combined Risk Parity,INTC,0.012138
2023-06-01,Combined Risk Parity,KO,0.029456
2023-06-01,Combined Risk Parity,MMM,0.016838
2023-06-01,Combined Risk Parity,MRK,0.04078
2023-06-01,Combined Risk Parity,MS,0.014777
2023-06-01,Combined Risk Parity,NEE,0.018231
2023-06-01,Combined Risk Parity,NEM,0.019351
2023-06-01,Combined Risk Parity,NKE,0.011525
2023-06-01,Combined Risk Parity,NUE,0.012043
2023-06-01,Combined Risk Parity,NVDA,0.008603
2023-06-01,Combined Risk Parity,O,0.023175
2023-06-01,Combined Risk Parity,OXY,0.015478
2023-06-01,Combined Risk Parity,PLD,0.01325
2023-06-01,Combined Risk Parity,PSA,0.019948
2023-06-01,Combined Risk Parity,QCOM,0.011717
2023-06-01,Combined Risk Parity,SBUX,0.015929
2023-06-01,Combined Risk Parity,SHW,0.014971
2023-06-01,Combined Risk Parity,SLB,0.014933
2023-06-01,Combined Risk Parity,SO,0.02217
2023-06-01,Combined Risk Parity,T,0.022764
2023-06-01,Combined Risk Parity,TMUS,0.024595
2023-06-01,Combined Risk Parity,TTWO,0.016946
2023-06-01,Combined Risk Parity,UPS,0.017271
2023-06-01,Combined Risk Parity,USB,0.013962
2023-06-01,Combined Risk Parity,V,0.017344
2023-06-01,Combined Risk Parity,WFC,0.015091
2023-06-01,Combined Risk Parity,WMT,0.028595
2023-06-01,Combined Risk Parity,XOM,0.017905
2023-06-01,Combined Risk Parity,ADA-USD,0.008242
2023-06-01,Combined Risk Parity,BCH-USD,0.008494
2023-06-01,Combined Risk Parity,BTC-USD,0.009358
2023-06-01,Combined Risk Parity,EOS-USD,0.007828
2023-06-01,Combined Risk Parity,ETC-USD,0.006083
2023-06-01,Combined Risk Parity,ETH-USD,0.007197
2023-06-01,Combined Risk Parity,LTC-USD,0.008826
2023-06-01,Combined Risk Parity,TRX-USD,0.012806
2023-06-01,Combined Risk Parity,XLM-USD,0.009372
2023-06-01,Combined Risk Parity,XRP-USD,0.008931
2023-07-03,Combined Risk Parity,ABBV,0.034912
2023-07-03,Combined Risk Parity,ABT,0.019532
2023-07-03,Combined Risk Parity,ADBE,0.011345
2023-07-03,Combined Risk Parity,AEP,0.020506
2023-07-03,Combined Risk Parity,AMD,0.009913
2023-07-03,Combined Risk Parity,AMGN,0.031189
2023-07-03,Combined Risk Parity,AMT,0.014951
2023-07-03,Combined Risk Parity,BA,0.014061
2023-07-03,Combined Risk Parity,CAT,0.013803
2023-07-03,Combined Risk Parity,CCI,0.015252
2023-07-03,Combined Risk Parity,CMCSA,0.016184
2023-07-03,Combined Risk Parity,COP,0.015313
2023-07-03,Combined Risk Parity,CVX,0.017927
2023-07-03,Combined Risk Parity,D,0.022055
2023-07-03,Combined Risk Parity,DD,0.013843
2023-07-03,Combined Risk Parity,DIS,0.011754
2023-07-03,Combined Risk Parity,DOW,0.0143
2023-07-03,Combined Risk Parity,DUK,0.023235
2023-07-03,Combined Risk Parity,EA,0.024057
2023-07-03,Combined Risk Parity,GE,0.015912
2023-07-03,Combined Risk Parity,GILD,0.02381
2023-07-03,Combined Risk Parity,GS,0.016088
2023-07-03,Combined Risk Parity,INTC,0.011688
2023-07-03,Combined Risk Parity,KO,0.028262
2023-07-03,Combined Risk Parity,MMM,0.015002
2023-07-03,Combined Risk Parity,MRK,0.04463
2023-07-03,Combined Risk Parity,MS,0.0145
2023-07-03,Combined Risk Parity,NEE,0.018923
2023-07-03,Combined Risk Parity,NEM,0.01717
2023-07-03,Combined Risk Parity,NKE,0.011532
2023-07-03,Combined Risk Parity,NUE,0.011818
2023-07-03,Combined Risk Parity,NVDA,0.009082
2023-07-03,Combined Risk Parity,O,0.023539
2023-07-03,Combined Risk Parity,OXY,0.015642
2023-07-03,Combined Risk Parity,PLD,0.013804
2023-07-03,Combined Risk Parity,PSA,0.019196
2023-07-03,Combined Risk Parity,QCOM,0.011396
2023-07-03,Combined Risk Parity,SBUX,0.01663
2023-07-03,Combined Risk Parity,SHW,0.014866
2023-07-03,Combined Risk Parity,SLB,0.014459
2023-07-03,Combined Risk Parity,SO,0.022096
2023-07-03,Combined Risk Parity,T,0.023875
2023-07-03,Combined Risk Parity,TMUS,0.027346
2023-07-03,Combined Risk Parity,TTWO,0.017191
2023-07-03,Combined Risk Parity,UPS,0.015939
2023-07-03,Combined Risk Parity,USB,0.013028
2023-07-03,Combined Risk Parity,V,0.018297
2023-07-03,Combined Risk Parity,WFC,0.015086
2023-07-03,Combined Risk Parity,WMT,0.027213
2023-07-03,Combined Risk Parity,XOM,0.01765
2023-07-03,Combined Risk Parity,ADA-USD,0.008169
2023-07-03,Combined Risk Parity,BCH-USD,0.008097
2023-07-03,Combined Risk Parity,BTC-USD,0.010025
2023-07-03,Combined Risk Parity,EOS-USD,0.007714
2023-07-03,Combined Risk Parity,ETC-USD,0.005897
2023-07-03,Combined Risk Parity,ETH-USD,0.007643
2023-07-03,Combined Risk Parity,LTC-USD,0.008656
2023-07-03,Combined Risk Parity,TRX-USD,0.014811
2023-07-03,Combined Risk Parity,XLM-USD,0.009715
2023-07-03,Combined Risk Parity,XRP-USD,0.009472
2023-08-01,Combined Risk Parity,ABBV,0.03472
2023-08-01,Combined Risk Parity,ABT,0.019953
2023-08-01,Combined Risk Parity,ADBE,0.011529
2023-08-01,Combined Risk Parity,AEP,0.019952
2023-08-01,Combined Risk Parity,AMD,0.010382
2023-08-01,Combined Risk Parity,AMGN,0.03048
2023-08-01,Combined Risk Parity,AMT,0.014972
2023-08-01,Combined Risk Parity,BA,0.014236
2023-08-01,Combined Risk Parity,CAT,0.014344
2023-08-01,Combined Risk Parity,CCI,0.015412
2023-08-01,Combined Risk Parity,CMCSA,0.015804
2023-08-01,Combined Risk Parity,COP,0.015386
2023-08-01,Combined Risk Parity,CVX,0.018269
2023-08-01,Combined Risk Parity,D,0.021151
2023-08-01,Combined Risk Parity,DD,0.01414
2023-08-01,Combined Risk Parity,DIS,0.011983
2023-08-01,Combined Risk Parity,DOW,0.014544
2023-08-01,Combined Risk Parity,DUK,0.022242
2023-08-01,Combined Risk Parity,EA,0.024354
2023-08-01,Combined Risk Parity,GE,0.016501
2023-08-01,Combined Risk Parity,GILD,0.023515
2023-08-01,Combined Risk Parity,GS,0.01673
2023-08-01,Combined Risk Parity,INTC,0.011682
2023-08-01,Combined Risk Parity,KO,0.028132
2023-08-01,Combined Risk Parity,MMM,0.014124
2023-08-01,Combined Risk Parity,MRK,0.043498
2023-08-01,Combined Risk Parity,MS,0.014835
2023-08-01,Combined Risk Parity,NEE,0.018863
2023-08-01,Combined Risk Parity,NEM,0.016909
2023-08-01,Combined Risk Parity,NKE,0.011884
2023-08-01,Combined Risk Parity,NUE,0.012281
2023-08-01,Combined Risk Parity,NVDA,0.00929
2023-08-01,Combined Risk Parity,O,0.023178
2023-08-01,Combined Risk Parity,OXY,0.015974
2023-08-01,Combined Risk Parity,PLD,0.01412
2023-08-01,Combined Risk Parity,PSA,0.019633
2023-08-01,Combined Risk Parity,QCOM,0.011154
2023-08-01,Combined Risk Parity,SBUX,0.017029
2023-08-01,Combined Risk Parity,SHW,0.014008
2023-08-01,Combined Risk Parity,SLB,0.014754
2023-08-01,Combined Risk Parity,SO,0.021775
2023-08-01,Combined Risk Parity,T,0.022608
2023-08-01,Combined Risk Parity,TMUS,0.028469
2023-08-01,Combined Risk Parity,TTWO,0.017121
2023-08-01,Combined Risk Parity,UPS,0.016245
2023-08-01,Combined Risk Parity,USB,0.012525
2023-08-01,Combined Risk Parity,V,0.018431
2023-08-01,Combined Risk Parity,WFC,0.015625
2023-08-01,Combined Risk Parity,WMT,0.028576
2023-08-01,Combined Risk Parity,XOM,0.018147
2023-08-01,Combined Risk Parity,ADA-USD,0.007871
2023-08-01,Combined Risk Parity,BCH-USD,0.009147
2023-08-01,Combined Risk Parity,BTC-USD,0.010438
2023-08-01,Combined Risk Parity,EOS-USD,0.007761
2023-08-01,Combined Risk Parity,ETC-USD,0.006519
2023-08-01,Combined Risk Parity,ETH-USD,0.007888
2023-08-01,Combined Risk Parity,LTC-USD,0.008683
2023-08-01,Combined Risk Parity,TRX-USD,0.014777
2023-08-01,Combined Risk Parity,XLM-USD,0.007924
2023-08-01,Combined Risk Parity,XRP-USD,0.007523
2023-09-01,Combined Risk Parity,ABBV,0.034761
2023-09-01,Combined Risk Parity,ABT,0.020236
2023-09-01,Combined Risk Parity,ADBE,0.011718
2023-09-01,Combined Risk Parity,AEP,0.019872
2023-09-01,Combined Risk Parity,AMD,0.010239
2023-09-01,Combined Risk Parity,AMGN,0.03107
2023-09-01,Combined Risk Parity,AMT,0.014758
2023-09-01,Combined Risk Parity,BA,0.014283
2023-09-01,Combined Risk Parity,CAT,0.01499
2023-09-01,Combined Risk Parity,CCI,0.015347
2023-09-01,Combined Risk Parity,CMCSA,0.015834
2023-09-01,Combined Risk Parity,COP,0.015182
2023-09-01,Combined Risk Parity,CVX,0.018263
2023-09-01,Combined Risk Parity,D,0.020585
2023-09-01,Combined Risk Parity,DD,0.014877
2023-09-01,Combined Risk Parity,DIS,0.012265
2023-09-01,Combined Risk Parity,DOW,0.014864
2023-09-01,Combined Risk Parity,DUK,0.021988
2023-09-01,Combined Risk Parity,EA,0.022118
2023-09-01,Combined Risk Parity,GE,0.017005
2023-09-01,Combined Risk Parity,GILD,0.022958
2023-09-01,Combined Risk Parity,GS,0.016823
2023-09-01,Combined Risk Parity,INTC,0.011502
2023-09-01,Combined Risk Parity,KO,0.029021
2023-09-01,Combined Risk Parity,MMM,0.014834
2023-09-01,Combined Risk Parity,MRK,0.041673
2023-09-01,Combined Risk Parity,MS,0.015165
2023-09-01,Combined Risk Parity,NEE,0.018522
2023-09-01,Combined Risk Parity,NEM,0.017019
2023-09-01,Combined Risk Parity,NKE,0.012195
2023-09-01,Combined Risk Parity,NUE,0.012542
2023-09-01,Combined Risk Parity,NVDA,0.009808
2023-09-01,Combined Risk Parity,O,0.022762
2023-09-01,Combined Risk Parity,OXY,0.015338
2023-09-01,Combined Risk Parity,PLD,0.014175
2023-09-01,Combined Risk Parity,PSA,0.019545
2023-09-01,Combined Risk Parity,QCOM,0.011324
2023-09-01,Combined Risk Parity,SBUX,0.017547
2023-09-01,Combined Risk Parity,SHW,0.014297
2023-09-01,Combined Risk Parity,SLB,0.01453
2023-09-01,Combined Risk Parity,SO,0.021298
2023-09-01,Combined Risk Parity,T,0.022117
2023-09-01,Combined Risk Parity,TMUS,0.02802
2023-09-01,Combined Risk Parity,TTWO,0.016718
2023-09-01,Combined Risk Parity,UPS,0.016119
2023-09-01,Combined Risk Parity,USB,0.012415
2023-09-01,Combined Risk Parity,V,0.018823
2023-09-01,Combined Risk Parity,WFC,0.015934
2023-09-01,Combined Risk Parity,WMT,0.029962
2023-09-01,Combined Risk Parity,XOM,0.018297
2023-09-01,Combined Risk Parity,ADA-USD,0.008001
2023-09-01,Combined Risk Parity,BCH-USD,0.008828
2023-09-01,Combined Risk Parity,BTC-USD,0.010629
2023-09-01,Combined Risk Parity,EOS-USD,0.007688
2023-09-01,Combined Risk Parity,ETC-USD,0.00667
2023-09-01,Combined Risk Parity,ETH-USD,0.008417
2023-09-01,Combined Risk Parity,LTC-USD,0.008367
2023-09-01,Combined Risk Parity,TRX-USD,0.015053
2023-09-01,Combined Risk Parity,XLM-USD,0.007613
2023-09-01,Combined Risk Parity,XRP-USD,0.007196
2023-10-02,Combined Risk Parity,ABBV,0.03371
2023-10-02,Combined Risk Parity,ABT,0.019864
2023-10-02,Combined Risk Parity,ADBE,0.012533
2023-10-02,Combined Risk Parity,AEP,0.019907
2023-10-02,Combined Risk Parity,AMD,0.010146
2023-10-02,Combined Risk Parity,AMGN,0.032294
2023-10-02,Combined Risk Parity,AMT,0.014146
2023-10-02,Combined Risk Parity,BA,0.01503
2023-10-02,Combined Risk Parity,CAT,0.015091
2023-10-02,Combined Risk Parity,CCI,0.014902
2023-10-02,Combined Risk Parity,CMCSA,0.01706
2023-10-02,Combined Risk Parity,COP,0.015202
2023-10-02,Combined Risk Parity,CVX,0.018557
2023-10-02,Combined Risk Parity,D,0.019914
2023-10-02,Combined Risk Parity,DD,0.015319
2023-10-02,Combined Risk Parity,DIS,0.012343
2023-10-02,Combined Risk Parity,DOW,0.014807
2023-10-02,Combined Risk Parity,DUK,0.022281
2023-10-02,Combined Risk Parity,EA,0.022619
2023-10-02,Combined Risk Parity,GE,0.016985
2023-10-02,Combined Risk Parity,GILD,0.024001
2023-10-02,Combined Risk Parity,GS,0.016482
2023-10-02,Combined Risk Parity,INTC,0.011365
2023-10-02,Combined Risk Parity,KO,0.030079
2023-10-02,Combined Risk Parity,MMM,0.014486
2023-10-02,Combined Risk Parity,MRK,0.041582
2023-10-02,Combined Risk Parity,MS,0.014538
2023-10-02,Combined Risk Parity,NEE,0.018077
2023-10-02,Combined Risk Parity,NEM,0.017056
2023-10-02,Combined Risk Parity,NKE,0.012345
2023-10-02,Combined Risk Parity,NUE,0.011793
2023-10-02,Combined Risk Parity,NVDA,0.009646
2023-10-02,Combined Risk Parity,O,0.021773
2023-10-02,Combined Risk Parity,OXY,0.015066
2023-10-02,Combined Risk Parity,PLD,0.013596
2023-10-02,Combined Risk Parity,PSA,0.018988
2023-10-02,Combined Risk Parity,QCOM,0.010936
2023-10-02,Combined Risk Parity,SBUX,0.016923
2023-10-02,Combined Risk Parity,SHW,0.013941
2023-10-02,Combined Risk Parity,SLB,0.015254
2023-10-02,Combined Risk Parity,SO,0.021083
2023-10-02,Combined Risk Parity,T,0.022161
2023-10-02,Combined Risk Parity,TMUS,0.030958
2023-10-02,Combined Risk Parity,TTWO,0.016923
2023-10-02,Combined Risk Parity,UPS,0.015765
2023-10-02,Combined Risk Parity,USB,0.011757
2023-10-02,Combined Risk Parity,V,0.018913
2023-10-02,Combined Risk Parity,WFC,0.015727
2023-10-02,Combined Risk Parity,WMT,0.029975
2023-10-02,Combined Risk Parity,XOM,0.018294
2023-10-02,Combined Risk Parity,ADA-USD,0.007659
2023-10-02,Combined Risk Parity,BCH-USD,0.008567
2023-10-02,Combined Risk Parity,BTC-USD,0.011104
2023-10-02,Combined Risk Parity,EOS-USD,0.008297
2023-10-02,Combined Risk Parity,ETC-USD,0.006674
2023-10-02,Combined Risk Parity,ETH-USD,0.008544
2023-10-02,Combined Risk Parity,LTC-USD,0.008047
2023-10-02,Combined Risk Parity,TRX-USD,0.014556
2023-10-02,Combined Risk Parity,XLM-USD,0.007439
2023-10-02,Combined Risk Parity,XRP-USD,0.00692
2023-11-01,Combined Risk Parity,ABBV,0.035401
2023-11-01,Combined Risk Parity,ABT,0.021648
2023-11-01,Combined Risk Parity,ADBE,0.011817
2023-11-01,Combined Risk Parity,AEP,0.020754
2023-11-01,Combined Risk Parity,AMD,0.010583
2023-11-01,Combined Risk Parity,AMGN,0.031003
2023-11-01,Combined Risk Parity,AMT,0.014029
2023-11-01,Combined Risk Parity,BA,0.014789
2023-11-01,Combined Risk Parity,CAT,0.015039
2023-11-01,Combined Risk Parity,CCI,0.014344
2023-11-01,Combined Risk Parity,CMCSA,0.017132
2023-11-01,Combined Risk Parity,COP,0.015232
2023-11-01,Combined Risk Parity,CVX,0.018959
2023-11-01,Combined Risk Parity,D,0.020393
2023-11-01,Combined Risk Parity,DD,0.015753
2023-11-01,Combined Risk Parity,DIS,0.012275
2023-11-01,Combined Risk Parity,DOW,0.014516
2023-11-01,Combined Risk Parity,DUK,0.024136
2023-11-01,Combined Risk Parity,EA,0.022147
2023-11-01,Combined Risk Parity,GE,0.017211
2023-11-01,Combined Risk Parity,GILD,0.027891
2023-11-01,Combined Risk Parity,GS,0.016504
2023-11-01,Combined Risk Parity,INTC,0.012242
2023-11-01,Combined Risk Parity,KO,0.029198
2023-11-01,Combined Risk Parity,MMM,0.013655
2023-11-01,Combined Risk Parity,MRK,0.043608
2023-11-01,Combined Risk Parity,MS,0.014597
2023-11-01,Combined Risk Parity,NEE,0.017728
2023-11-01,Combined Risk Parity,NEM,0.015978
2023-11-01,Combined Risk Parity,NKE,0.012602
2023-11-01,Combined Risk Parity,NUE,0.011584
2023-11-01,Combined Risk Parity,NVDA,0.009986
2023-11-01,Combined Risk Parity,O,0.02224
2023-11-01,Combined Risk Parity,OXY,0.014073
2023-11-01,Combined Risk Parity,PLD,0.012747
2023-11-01,Combined Risk Parity,PSA,0.017537
2023-11-01,Combined Risk Parity,QCOM,0.010907
2023-11-01,Combined Risk Parity,SBUX,0.016834
2023-11-01,Combined Risk Parity,SHW,0.014546
2023-11-01,Combined Risk Parity,SLB,0.01539
2023-11-01,Combined Risk Parity,SO,0.022531
2023-11-01,Combined Risk Parity,T,0.023054
2023-11-01,Combined Risk Parity,TMUS,0.033561
2023-11-01,Combined Risk Parity,TTWO,0.015641
2023-11-01,Combined Risk Parity,UPS,0.014798
2023-11-01,Combined Risk Parity,USB,0.010506
2023-11-01,Combined Risk Parity,V,0.018885
2023-11-01,Combined Risk Parity,WFC,0.015227
2023-11-01,Combined Risk Parity,WMT,0.031566
2023-11-01,Combined Risk Parity,XOM,0.018553
2023-11-01,Combined Risk Parity,ADA-USD,0.007356
2023-11-01,Combined Risk Parity,BCH-USD,0.007691
2023-11-01,Combined Risk Parity,BTC-USD,0.010512
2023-11-01,Combined Risk Parity,EOS-USD,0.007485
2023-11-01,Combined Risk Parity,ETC-USD,0.005955
2023-11-01,Combined Risk Parity,ETH-USD,0.00794
2023-11-01,Combined Risk Parity,LTC-USD,0.007198
2023-11-01,Combined Risk Parity,TRX-USD,0.012275
2023-11-01,Combined Risk Parity,XLM-USD,0.006268
2023-11-01,Combined Risk Parity,XRP-USD,0.005992
2023-12-01,Combined Risk Parity,ABBV,0.037406
2023-12-01,Combined Risk Parity,ABT,0.022886
2023-12-01,Combined Risk Parity,ADBE,0.012587
2023-12-01,Combined Risk Parity,AEP,0.019832
2023-12-01,Combined Risk Parity,AMD,0.0124
2023-12-01,Combined Risk Parity,AMGN,0.025196
2023-12-01,Combined Risk Parity,AMT,0.014174
2023-12-01,Combined Risk Parity,BA,0.014064
2023-12-01,Combined Risk Parity,CAT,0.014028
2023-12-01,Combined Risk Parity,CCI,0.014357
2023-12-01,Combined Risk Parity,CMCSA,0.016777
2023-12-01,Combined Risk Parity,COP,0.015486
2023-12-01,Combined Risk Parity,CVX,0.019156
2023-12-01,Combined Risk Parity,D,0.018279
2023-12-01,Combined Risk Parity,DD,0.014511
2023-12-01,Combined Risk Parity,DIS,0.01371
2023-12-01,Combined Risk Parity,DOW,0.015267
2023-12-01,Combined Risk Parity,DUK,0.023522
2023-12-01,Combined Risk Parity,EA,0.021439
2023-12-01,Combined Risk Parity,GE,0.017353
2023-12-01,Combined Risk Parity,GILD,0.023766
2023-12-01,Combined Risk Parity,GS,0.01514
2023-12-01,Combined Risk Parity,INTC,0.013127
2023-12-01,Combined Risk Parity,KO,0.031922
2023-12-01,Combined Risk Parity,MMM,0.012933
2023-12-01,Combined Risk Parity,MRK,0.038033
2023-12-01,Combined Risk Parity,MS,0.013598
2023-12-01,Combined Risk Parity,NEE,0.017166
2023-12-01,Combined Risk Parity,NEM,0.017778
2023-12-01,Combined Risk Parity,NKE,0.013543
2023-12-01,Combined Risk Parity,NUE,0.011511
2023-12-01,Combined Risk Parity,NVDA,0.011886
2023-12-01,Combined Risk Parity,O,0.021044
2023-12-01,Combined Risk Parity,OXY,0.016206
2023-12-01,Combined Risk Parity,PLD,0.01236
2023-12-01,Combined Risk Parity,PSA,0.017963
2023-12-01,Combined Risk Parity,QCOM,0.011104
2023-12-01,Combined Risk Parity,SBUX,0.016312
2023-12-01,Combined Risk Parity,SHW,0.014794
2023-12-01,Combined Risk Parity,SLB,0.014082
2023-12-01,Combined Risk Parity,SO,0.02167
2023-12-01,Combined Risk Parity,T,0.022194
2023-12-01,Combined Risk Parity,TMUS,0.031662
2023-12-01,Combined Risk Parity,TTWO,0.014946
2023-12-01,Combined Risk Parity,UPS,0.015177
2023-12-01,Combined Risk Parity,USB,0.009154
2023-12-01,Combined Risk Parity,V,0.02095
2023-12-01,Combined Risk Parity,WFC,0.014185
2023-12-01,Combined Risk Parity,WMT,0.033675
2023-12-01,Combined Risk Parity,XOM,0.01878
2023-12-01,Combined Risk Parity,ADA-USD,0.007921
2023-12-01,Combined Risk Parity,BCH-USD,0.008935
2023-12-01,Combined Risk Parity,BTC-USD,0.012468
2023-12-01,Combined Risk Parity,EOS-USD,0.008207
2023-12-01,Combined Risk Parity,ETC-USD,0.00711
2023-12-01,Combined Risk Parity,ETH-USD,0.010937
2023-12-01,Combined Risk Parity,LTC-USD,0.008539
2023-12-01,Combined Risk Parity,TRX-USD,0.013025
2023-12-01,Combined Risk Parity,XLM-USD,0.006942
2023-12-01,Combined Risk Parity,XRP-USD,0.006825
