date,Equity Equal Weight,Equity Min Variance,Equity Max Sharpe,Equity Risk Parity,Equity Hierarchical Risk Parity,Crypto Equal Weight,Crypto Min Variance,Crypto Max Sharpe,Crypto Risk Parity,Crypto Hierarchical Risk Parity,Combined Equal Weight,Combined Min Variance,Combined Max Sharpe,Combined Risk Parity,Combined Hierarchical Risk Parity
2020-09-10,,,,,,0.01898213692711367,0.013380962106665955,0.02092640889422167,0.018494979624002532,0.014963055711156489,,,,,
2020-09-11,,,,,,0.0068067435248405864,0.0020396419799776407,0.009677882991049679,0.007057637063106312,0.006113945847546374,,,,,
2020-09-12,,,,,,0.011090582583458797,0.009044786052721288,0.005883112014173818,0.01070352830879848,0.009778612085792341,,,,,
2020-09-13,,,,,,-0.039131846641066184,-0.015829197674963526,-0.0497955172343266,-0.03832776007749998,-0.037107022038823274,,,,,
2020-09-14,,,,,,0.017654624231320484,0.029075854800643754,0.016149207589032134,0.017847982236907107,0.018504576466690358,,,,,
2020-09-15,,,,,,-0.015605700937015576,0.0036023206531312145,-0.04983200208436463,-0.015571796055371453,-0.012657819624263284,,,,,
2020-09-16,,,,,,-0.0041022401119938726,0.016450412724397456,-0.022255458236550323,-0.0027530745981385694,-0.003508156380581411,,,,,
2020-09-17,,,,,,0.021438464804721127,0.004550950308622308,0.05056397295365953,0.02062780590107443,0.018386375102630685,,,,,
2020-09-18,,,,,,-0.005838497929824605,-0.0023105481881968196,-0.0038434208350735274,-0.005596812169944349,-0.0027199775990488233,,,,,
2020-09-19,,,,,,-7.131241537610078e-05,0.010328552984933374,-0.011494748970287301,0.0002430612683614845,-2.010873802857859e-05,,,,,
2020-09-20,,,,,,-0.02487133959672372,-0.016043819899010943,-0.030403766971969483,-0.02434775791340057,-0.023757375622698713,,,,,
2020-09-21,,,,,,-0.06832505032234804,-0.04896198240414898,-0.084318589741059,-0.06757063388825756,-0.0637599149724049,,,,,
2020-09-22,,,,,,0.01577107434143097,0.006667276912770515,0.008834849412826862,0.015142347017309772,0.015313186455542974,,,,,
2020-09-23,,,,,,-0.04339267405569574,-0.036249434049678425,-0.045823357804899184,-0.04287292198558846,-0.038425889020533836,,,,,
2020-09-24,,,,,,0.05168941928065285,0.05107815019218147,0.07367842595331076,0.05141278724850506,0.04866119576306115,,,,,
2020-09-25,,,,,,0.03294130092428595,0.009362460867775514,0.07203430823947694,0.03179963999191374,0.02245370279619877,,,,,
2020-09-26,,,,,,0.011785647065008889,0.0038823010482443468,-0.00013733642722434206,0.011043411889990046,0.013486035859696011,,,,,
2020-09-27,,,,,,0.00820057478926244,0.0023435610438819615,0.014197315676234128,0.00698683395879068,0.004813472489512808,,,,,
2020-09-28,,,,,,-0.006891153636051518,-0.005252156343555618,-0.0076457788613816515,-0.006676961298441258,-0.0073673124941390266,,,,,
2020-09-29,,,,,,0.007641373513825068,0.010114806288768968,0.005952805676241912,0.007671084535492141,0.0077978789751042025,,,,,
2020-09-30,,,,,,-0.0014347919521085386,-0.005609623422855362,-0.0032213656519207564,-0.0015000771768130408,-0.0019954059195396415,,,,,
2020-10-01,,,,,,-0.015215988184475627,-0.015044512933651721,-0.024193502723280726,-0.015135544009954729,-0.01663651609992095,,,,,
2020-10-02,,,,,,-0.021891144641811848,-0.009116481302256021,-0.03279970853750116,-0.020969809884189772,-0.02022790263397966,,,,,
2020-10-03,,,,,,0.004360856473343322,-0.003473363937711375,0.0027187376562638416,0.0041366430547791965,0.004466163597907179,,,,,
2020-10-04,,,,,,0.01790188760050092,0.031076579809993735,0.023398175519429423,0.01844524639718655,0.02071509123835348,,,,,
2020-10-05,,,,,,0.003591528393123089,0.011994013916984032,0.007519126041933208,0.003894418967032221,0.005240122651527108,,,,,
2020-10-06,,,,,,-0.009626353837821833,-0.019143766702887442,-0.04197747131720998,-0.009628428965573636,-0.011474465493073061,,,,,
2020-10-07,,,,,,0.0024881630094607645,0.008721541398937807,0.0062145243355995645,0.002591986237389968,0.0021697009767302033,,,,,
2020-10-08,,,,,,0.015037245037404369,0.018804742899099076,0.02572571013212862,0.014814064525064794,0.013578172114260774,,,,,
2020-10-09,,,,,,0.023432526373623766,0.011533626062148325,0.04981099505832327,0.02244992245511348,0.023264660146907225,,,,,
2020-10-10,,,,,,0.01344768307528349,0.014209062542677025,0.02137688059940517,0.013469807154970783,0.013908815497119096,,,,,
2020-10-11,,,,,,0.01185566818473901,0.006957436238443352,0.012591723190364865,0.011509226072917265,0.009414686712515209,,,,,
2020-10-12,,,,,,0.011390327435422478,0.010414464226434182,0.033242630006718836,0.010998483413450319,0.011829444458233303,,,,,
2020-10-13,,,,,,-0.004764471088864998,-0.007138563061185558,-0.014267355424870155,-0.005175994215219979,-0.007184696058548705,,,,,
2020-10-14,,,,,,-0.005807592202763257,-0.009971275586780737,-0.008641786933386898,-0.006263501481103143,-0.009570830099923187,,,,,
2020-10-15,,,,,,-0.0048135694737722725,-0.0017538704417658737,-0.005716246827261115,-0.004768554668685426,-0.005631844716513283,,,,,
2020-10-16,,,,,,-0.018634310332511863,-0.017829548344389066,-0.02733090208111901,-0.017692570263685547,-0.013533934608574995,,,,,
2020-10-17,,,,,,0.004269494322044054,0.0027424917823224916,0.012450761763562631,0.004428831965612097,0.007166502469024413,,,,,
2020-10-18,,,,,,0.007325791861006193,0.008883570462976467,0.019736018292249424,0.006867303355105733,0.005326247648285118,,,,,
2020-10-19,,,,,,0.01499738070744435,0.019838601320631852,0.007716187873517183,0.01580028662018802,0.018406941894454916,,,,,
2020-10-20,,,,,,-0.022213425468937426,0.005532075562768324,-0.040511000876029074,-0.020730749094356373,-0.021126710562255922,,,,,
2020-10-21,,,,,,0.054879308116212576,0.05979555788349534,0.051233570077050664,0.05494957095518152,0.049445096977325895,,,,,
2020-10-22,,,,,,0.02784915510130621,0.014707529714611946,0.04919941918058415,0.026826086500699137,0.025962251748511262,,,,,
2020-10-23,,,,,,-0.007714060513975308,-0.004491033472511733,-0.015128963585491307,-0.007612082195909146,-0.009608660738931097,,,,,
2020-10-24,,,,,,0.01576710172702136,0.010784308988488697,0.003747235370271592,0.01581291772449601,0.013245006709848656,,,,,
2020-10-25,,,,,,-0.008168543358127035,-0.008399286575547803,-0.01547805481755201,-0.008203391435508288,-0.00903578060572486,,,,,
2020-10-26,,,,,,-0.022532438611657046,-0.0046739993100605795,-0.03045587752737003,-0.021523061361196687,-0.020654691309478192,,,,,
2020-10-27,,,,,,0.015420105915731465,0.03391341900767703,0.013655253916842509,0.01625168951037232,0.015919834785994676,,,,,
2020-10-28,,,,,,-0.023111708865827422,-0.02795726595253515,-0.03775488682893928,-0.023411909236673127,-0.024787020371551532,,,,,
2020-10-29,,,,,,-0.008184334694409667,0.0022904868684467663,-0.018291196492008797,-0.007553859625857646,-0.009168865608665021,,,,,
2020-10-30,,,,,,-0.018665028500040506,0.00015279750270526422,-0.014752511224510148,-0.017797154030068187,-0.01760915572868011,,,,,
2020-10-31,,,,,,0.008407130841797849,0.011634963522657289,0.0042437719198365025,0.008720111165404259,0.007954361475461786,,,,,
2020-11-01,,,,,,0.009479899135041459,-0.0015845101473269468,0.02865838817310008,0.008220556310086575,0.0045119923019720206,,,,,
2020-11-02,,,,,,-0.03653268886625193,-0.015776157325223472,-0.04124086140049503,-0.035485956630865456,-0.03299235265381921,,,,,
2020-11-03,,,,,,-0.0032994927041297695,0.023803429014043982,0.01967044021959668,-0.002311958155520945,0.0018968039621276797,,,,,
2020-11-04,,,,,,0.004323697240461589,0.0036023796298926274,0.016570433401534523,0.0037730716016474114,0.004912100709785467,,,,,
2020-11-05,,,,,,0.04879115808716291,0.07002002476033238,0.05256003334833248,0.05037990533671637,0.053526848453629455,,,,,
2020-11-06,,,,,,0.05615329796816908,0.023742222923540137,0.06987330226729525,0.053595859309351485,0.05052105645569789,,,,,
2020-11-07,,,,,,-0.043483015895242116,-0.04104839332189407,-0.05963050240105318,-0.04327466826761349,-0.04443138109329256,,,,,
2020-11-08,,,,,,0.033233010250257426,0.03128418668355168,0.046810274415111916,0.03258970146788181,0.030851191626561327,,,,,
2020-11-09,,,,,,-0.019588407856058886,-0.010947163807155014,-0.011593493678856577,-0.019324152321166316,-0.019153018573483515,,,,,
2020-11-10,,,,,,0.0004896625641006124,0.0044942918520451194,0.001606211639623621,0.0006923032389706369,0.0021299286233463104,,,,,
2020-11-11,,,,,,0.010143437677480173,0.01857573193380164,0.012419316436743072,0.010440216040923827,0.012181911553115276,,,,,
2020-11-12,,,,,,0.0005386886858012807,0.01693000793995056,0.007361332350242028,0.0013425999481497084,0.0034886539430523398,,,,,
2020-11-13,,,,,,0.028636976284083973,0.02031264204489166,0.011797035202420494,0.028358273983982794,0.029535821216520486,,,,,
2020-11-14,,,,,,-0.015612969029313563,-0.0025297148600647926,-0.018030402399331406,-0.014883894355138812,-0.013734933717397731,,,,,
2020-11-15,,,,,,-0.016525656529147482,-0.001437662314317266,-0.021770712041198164,-0.015238445398351138,-0.01142248989322895,,,,,
2020-11-16,,,,,,0.046549892129067176,0.05293655635280105,0.038675294143591776,0.046760350969135514,0.05196692182780518,,,,,
2020-11-17,,,,,,0.05204232760453974,0.05726321393523882,0.05355983373761255,0.05243703266729476,0.05517389988499786,,,,,
2020-11-18,,,,,,-0.009936278849795133,-0.007952261051168464,-0.011484126665205699,-0.009412807366310776,-0.004475049754028224,,,,,
2020-11-19,,,,,,0.005675267946849406,0.015629571374648293,-0.00422889551369911,0.006052543098280858,0.009020378111976498,,,,,
2020-11-20,,,,,,0.05302752846407591,0.06151769031775628,0.08294944838876823,0.05220102672473791,0.04859232567187758,,,,,
2020-11-21,,,,,,0.14395623030867744,0.18715966145553592,0.07494870544533841,0.1465621706803867,0.14276690110508766,,,,,
2020-11-22,,,,,,-0.02676237164833182,-0.022752766299585787,0.0397588170699484,-0.028513585023117304,-0.03249952507654363,,,,,
2020-11-23,,,,,,0.12948090591086447,0.18013273185244774,0.03788162849977494,0.13302595692677605,0.13393942717639928,,,,,
2020-11-24,,,,,,0.1091031730000655,0.08124033037544355,0.06585330791152487,0.11180053364742237,0.0945774920247268,,,,,
2020-11-25,,,,,,-0.05342953924272913,-0.04884982064578995,-0.04714479919703933,-0.052442924300811655,-0.05268687146103224,,,,,
2020-11-26,,,,,,-0.12392013507113164,-0.12051404533047094,-0.09880023324594589,-0.1241613968397406,-0.12256512971017833,,,,,
2020-11-27,,,,,,0.023913509429615957,0.021831296114333085,0.009618431825912068,0.02545129501770285,0.018738719435413224,,,,,
2020-11-28,,,,,,0.05253747523602772,0.0746140500544456,0.10718552297400442,0.05154248363978446,0.05157698345779713,,,,,
2020-11-29,,,,,,0.019677655309619617,-0.0007831735975446404,0.01782737468908158,0.018081461108470497,0.020115396777337816,,,,,
2020-11-30,,,,,,0.07097510416991822,0.08726231937704229,0.0506033918310913,0.07161158983715685,0.07438788489450858,,,,,
2020-12-01,,,,,,-0.06797176128702298,-0.048484748896233644,-0.058842334712702477,-0.06598656127540914,-0.06304681770767419,,,,,
2020-12-02,,,,,,0.02107460233857528,0.021387092988531545,0.018022551720094298,0.021334026532883996,0.022498988872158034,,,,,
2020-12-03,,,,,,0.015067967051520883,0.016910520299733,0.017050406121848497,0.015630809877864846,0.015171708981079906,,,,,
2020-12-04,,,,,,-0.08152350861517088,-0.04676573598268338,-0.06906336852302498,-0.07822791335217123,-0.07090119453255002,,,,,
2020-12-05,,,,,,0.044238282876390825,0.026410219549496572,0.04281027377197896,0.04232721095633669,0.04023673720989049,,,,,
2020-12-06,,,,,,0.00936906866071846,0.008778161989835815,0.010902411143138845,0.008709216840083345,0.005691523303398817,,,,,
2020-12-07,,,,,,-0.015699276533872188,-0.008993094851827518,-0.018168703298679083,-0.014573352504536018,-0.012817297591632826,,,,,
2020-12-08,,,,,,-0.07034257497418472,-0.05185455401949718,-0.06358447691978315,-0.06849097241476741,-0.06519554701572705,,,,,
2020-12-09,,,,,,0.03684153008369282,0.018824932611386493,0.039605194674745325,0.03411685023728729,0.02600094206122744,,,,,
2020-12-10,,,,,,-0.027883689824153537,-0.017268197188537913,-0.028295134106387426,-0.02656783104542877,-0.02402099596157077,,,,,
2020-12-11,,,,,,-0.02693740816192984,-0.011832639050738444,-0.022709141811773716,-0.02523710013851029,-0.021427464054532358,,,,,
2020-12-12,,,,,,0.02762033983663024,0.03808240663943312,0.03660761805312625,0.028959277387759948,0.03320128552263495,,,,,
2020-12-13,,,,,,0.04034339937304878,0.01910429117736092,0.04026458453120184,0.037941301492401484,0.0348097891047057,,,,,
2020-12-14,,,,,,-0.004087447267204858,0.0024422340909694366,0.001506157866074684,-0.003490404198078102,0.00019385019078450535,,,,,
2020-12-15,,,,,,-0.0036798828565478784,0.007759687114888903,-0.004093446219125928,-0.0019089619354533136,0.0023434681485836593,,,,,
2020-12-16,,,,,,0.10546735210971075,0.09016082095779279,0.10405708369069012,0.10265663878159059,0.09609473270701555,,,,,
2020-12-17,,,,,,0.009888917234906036,0.052406769300579796,0.027397434610339874,0.01373793293032501,0.019885020501316904,,,,,
2020-12-18,,,,,,0.015155018381917908,0.011961142129893682,0.011651257426585602,0.01528634630450526,0.017161978581682776,,,,,
2020-12-19,,,,,,0.013790445494300932,0.025410059452347356,0.013218919519236923,0.015540480455319758,0.020334091722498848,,,,,
2020-12-20,,,,,,-0.0055759793954341386,-0.012192618715115776,-0.021096627418928707,-0.005315817584745895,-0.001885768435825868,,,,,
2020-12-21,,,,,,-0.06155292567046387,-0.0351821519288722,-0.042653750309042046,-0.059730449652632044,-0.05809534002839536,,,,,
2020-12-22,,,,,,0.0029169318350360084,0.030614902938532907,0.02204565365748101,0.006321999174597725,0.016426840569610517,,,,,
2020-12-23,,,,,,-0.16479064545891137,-0.05288182753643526,-0.09502946793005233,-0.1542650117298468,-0.13068368968274824,,,,,
2020-12-24,,,,,,0.13088720446010557,0.04161100726406644,0.08845077765838569,0.1210994481852588,0.10057540511612281,,,,,
2020-12-25,,,,,,0.02590357313179433,0.03687808259156916,0.020049989103862655,0.02869518855499232,0.03803158830966805,,,,,
2020-12-26,,,,,,-0.0021636567802180593,0.052742791552231875,0.028887439050366708,0.002701162781169706,0.012365050138449999,,,,,
2020-12-27,,,,,,0.010300683386022625,0.00045174252770600366,0.0010820917805284738,0.010803235827562898,0.01232869426613883,,,,,
2020-12-28,,,,,,0.026982186027916952,0.028919008192688687,0.04668384187710768,0.027485562091674444,0.03588236085583883,,,,,
2020-12-29,,,,,,-0.021987362638587374,-0.0037780843742367173,0.011146117273750679,-0.021216938055527795,-0.014570256015566926,,,,,
2020-12-30,,,,,,-0.00791083225521614,0.03707620577411217,0.013745044561457573,-0.0036241278470607392,0.003749147370240214,,,,,
2020-12-31,,,,,,-0.010734631048652776,0.003555405936763913,-0.004747793839625692,-0.009923709389711639,-0.010438520426003173,,,,,
2021-01-01,,,,,,0.011329133285298942,0.01114061196744772,0.007382022719690213,0.009464849871080188,0.009961484827265193,,,,,
2021-01-02,,,,,,0.02072716260525204,0.07756102181147491,0.08410363710410335,0.02915858650541042,0.03573755749050677,,,,,
2021-01-03,,,,,,0.11625440576667895,0.03487436015904116,0.03777540372541802,0.11408036691263294,0.10893694944807757,,,,,
2021-01-04,-0.013701064199660195,0.0036588156131421605,-0.00534485497814216,-0.011906380403650312,-0.011872837917047354,0.04516079223322002,-0.009873695578330526,-0.01013214842619776,0.03681347635558343,0.03501641833215201,-0.0038907547941801576,0.0036547626775654644,-0.0030760986132830057,-0.005491788565001499,-0.007810306960555887
2021-01-05,0.012674408604811125,0.0011593791898741905,0.00582562814431541,0.008925686946570636,0.005888044247838597,0.04535021621589661,0.041204422013683704,0.07297113042008149,0.04323215343868783,0.041487728270995464,0.018120376539992045,0.0011588431538197043,0.048705614938076944,0.01295144775289186,0.007375577762201255
2021-01-06,0.013264430714510802,0.006041997056367771,-0.011822434024722338,0.010374409040824054,0.008188552933321191,0.17477270939392503,0.07908732608153095,0.10642556010683558,0.15349372363351427,0.13874452175928775,0.04018247716107984,0.0060377518633958575,0.0878999399829939,0.0290258372427417,0.017559269387798854
2021-01-07,0.009679796812702828,0.006354531410763191,0.021255259675630873,0.008791752795676106,0.008148819954965652,0.01246324314431502,0.05632583487794894,0.049845830431402754,0.01172349664121446,0.020852303038212186,0.010143704534638191,0.006355834211217376,0.0413283925150589,0.009462974368736415,0.0076612464988396745
2021-01-08,0.00286576936205043,-0.0023749182475106207,-0.00037931154219140485,0.002894565852766763,0.0039711379409949074,-0.007003682538939726,0.025335835617474968,0.03392458187248828,-0.004080717837483004,-0.00040632769344806855,0.0012208607118854044,-0.002372010441939884,0.015826723956514018,0.0017896142292342318,0.0025418720482329165
2021-01-09,,,,,,0.08814075491705675,0.011418740686116736,-0.0010734148425032722,0.08505380280657791,0.06693347036283144,,,,,
2021-01-10,,,,,,-0.026760593955873282,-0.03676985240259091,-0.051124184396076126,-0.024190230802776658,-0.019423845703312997,,,,,
2021-01-11,-8.806647741709266e-05,0.0003449882739577862,-0.003698850437890834,-0.0010632296529054861,-0.0012009361779134647,-0.1287050223078924,-0.08481690970186423,-0.07597664165924684,-0.12843552747793785,-0.12344110245827804,-0.02152422578249631,0.0003462060437986851,-0.0428371064513463,-0.016062611062301304,-0.00912952762277913
2021-01-12,0.003012843574414887,0.0013631706599371246,-0.017073147786413074,-0.00041221369185339687,-0.0026806595636528815,-0.01873015718865717,-0.040715203621803864,-0.03613434055389747,-0.02350187474963709,-0.025363673367553116,-0.0006109898860971225,0.0013647565190013041,-0.026117474094835006,-0.002651579657810575,-0.004211099740649146
2021-01-13,8.709165777319482e-05,-0.0017211266906010823,-0.0008916703205726569,0.0002507490864700654,-0.00018696472476879247,0.0823859488799264,0.09277268766718766,0.09906005969021527,0.08414526635050622,0.08477176286616804,0.013803567861465395,-0.0017191401197859926,0.06161713157198506,0.010015711499133037,0.005089170492939172
2021-01-14,0.003088648294878564,0.0038664389318733543,-0.01472126090150605,0.001839322685697844,9.18965279632475e-06,0.019721432969461637,0.04024576379148721,0.0434762193848047,0.024217636751583248,0.026528780774057088,0.005860779073975743,0.003867427172995543,0.02659493379947151,0.004153727003110323,0.0015018131568960117
2021-01-15,-0.010835450462099163,-0.005243326179181896,-0.004897705065729874,-0.007383942546265542,-0.004672366146327796,-0.03879468771114989,-0.05043638421180625,-0.05610462892590488,-0.03914509178548654,-0.0400025231801373,-0.01549532333694095,-0.005243733057390716,-0.04518922980866162,-0.011062810955832525,-0.006878501584820012
2021-01-16,,,,,,0.026781295053940557,-0.011117143604396324,0.003839928732003583,0.02296653907766415,0.02006648200706995,,,,,
2021-01-17,,,,,,0.002929735952032664,-0.009474910403728627,-0.0005335093545303151,0.0003174037587453596,-0.001171517638704784,,,,,
2021-01-18,,,,,,0.025718389419126575,0.02663543614074613,0.018219527960962583,0.026709839611874925,0.026057033892515416,,,,,
2021-01-19,0.00728379663203324,0.009700908822060707,0.009703002969623857,0.0070320878601563734,0.006464248816606165,0.009387901143479227,-0.015501595769295261,-0.013332701238161113,0.008305760270984801,0.009299153350775819,0.007634480717274239,0.009700640569399493,-0.009560873137245202,0.0072235550012613794,0.006243866153949139
2021-01-20,0.007972222095949907,0.01517294108444524,0.027521399110836814,0.010026746806827,0.011241690195783378,-0.00588969894780378,-0.012688487146836392,-0.01073741973378799,-0.006625865798310687,-0.006234123031790314,0.005661901921990959,0.015173579746714762,0.0011508875834024045,0.007974269562995415,0.010641027900543998
2021-01-21,-0.00735487307514049,-0.00932424359510152,-0.0013914679694987673,-0.006309919062418252,-0.005804843176923108,-0.12997330223040066,-0.1252709569944711,-0.13795698078734023,-0.13018035446257048,-0.13038339506564753,-0.027791277934350513,-0.009324091970107768,-0.08348077815545984,-0.02084103386589596,-0.012789644519434644
2021-01-22,-0.0028008371292316966,-0.00048597074235091605,-0.0055829495336403336,-0.002416350765872532,-0.001843243421257369,0.060561232008807364,0.06402348160663304,0.07739743963692583,0.06129885875300044,0.0625361929956882,0.007759507727108147,-0.00048513792074417823,0.042084904480419516,0.00491953511394926,0.0012685693538966184
2021-01-23,,,,,,-0.0021043045962372054,-0.019907358594255572,-0.026264533091469637,-0.0035169511555226685,-0.005381163002789801,,,,,
2021-01-24,,,,,,0.027888783873007285,0.011039273608322797,0.00987294711092112,0.028457871346552734,0.030444624107842575,,,,,
2021-01-25,0.0019324605381932259,0.0033266917923339937,0.0016197994107964358,0.0031329073280825714,0.004194322138854882,-0.022128620741430138,-0.0011088569604175177,-0.0015312575938074154,-0.020377713420141674,-0.019049903266832886,-0.0020777196750773343,0.0033280217560412856,0.0007085052350027815,0.000335309110204872,0.0023266134390613775
2021-01-26,-0.005039220682649927,-0.0018284206828630945,-0.008069634172747244,-0.0036894334375118043,-0.0023428297606507957,-0.002506439651979331,0.0043865907412064305,0.005836983308047973,-0.0018277298972143442,-0.00019655520387760653,-0.004617090510871493,-0.001829486087158346,-1.7039287681141052e-05,-0.003549835136349261,-0.002214932936578339
2021-01-27,-0.02581577840422142,-0.021629672812500552,-0.04037676550441943,-0.02534057515300488,-0.025060074050884954,-0.07433293275748029,-0.061967572019580044,-0.06855188180256658,-0.07327391917797613,-0.0713098053144784,-0.03390197079643124,-0.02163262156155398,-0.053968468757243426,-0.03091156563056062,-0.027625557575591205
2021-01-28,0.010643214962448225,0.0010505350680248984,0.020765438547133697,0.009460380873776137,0.00935831104537643,0.09385199353492835,0.09212206611151527,0.1000492866732095,0.0918854999859984,0.09142772289353854,0.024511344724528247,0.0010489979014107953,0.07429203566550519,0.01924981045631152,0.014065983954463403
2021-01-29,-0.01479378312667068,-0.010448078750599811,-0.006490551428717025,-0.012523080649369443,-0.012256407306533745,0.02826646477641599,0.03899621696699332,0.02326931932020067,0.028573791201817883,0.031313232801534946,-0.0076170751428229,-0.010446090193435674,0.012828733059149567,-0.00752202053769684,-0.009362654882258882
2021-01-30,,,,,,0.07294494996215131,-0.007297896242509813,0.0035116348217435122,0.0528366472390936,0.04628657990367851,,,,,
2021-01-31,,,,,,-0.016892319482285013,-0.02999758901298786,-0.03552728624429792,-0.020349866611785554,-0.02083092638221708,,,,,
2021-02-01,0.008517686014717273,0.0007190028885924638,0.003327405758732269,0.007717167893969549,0.006855219648181172,0.018638160220836718,0.018217018490511203,0.03700993215903493,0.020371389574155463,0.019636876042716696,0.010204431715737181,0.0007180362389634582,0.019947248769268,0.008653601197698688,0.00793257815051742
2021-02-02,0.017473889706152945,0.0063906750032480175,0.023517833919330745,0.015503948395730115,0.01442820032252366,0.04105192217355688,0.04774175378947185,0.07505907947080004,0.042087886113151986,0.038978492137737665,0.021403561784053605,0.006389678246182238,0.041622177612476816,0.018182652468922676,0.015642516934851212
2021-02-03,0.0019027846101926735,-0.002283287577127168,-0.012283171460544997,-0.001712234586028507,-0.004650724150219799,0.0470529366919517,0.049310752428410515,0.0669408475712134,0.04791129137935616,0.04413666159280301,0.009427809957152512,-0.0022734460898086594,0.024935431169263785,0.003959218162106998,-0.0012289854662699718
2021-02-04,0.009138734300265725,0.0023108905004358745,-0.006203931461423563,0.007252705839994476,0.006859041854917524,-0.017631563926056235,-0.020175794541753958,-0.022048042798057693,-0.020060382902406672,-0.02162093151702893,0.004677017929212065,0.0023115521198173406,-0.010794032437666898,0.004469871065153525,0.005202323262345939
2021-02-05,0.006317001689045663,0.014659164230443517,0.003254945790271876,0.007871732964480807,0.007972220363518747,0.08420520824667656,0.04999966730032278,0.06593718082414327,0.081091877920142,0.07708373379304487,0.01929836944865081,0.014656454499389517,0.027813755967591117,0.01638313600543753,0.013406015885948645
2021-02-06,,,,,,0.02224549467936311,0.01804178896466138,0.024769930549258964,0.01855484201398037,0.015864996033470743,,,,,
2021-02-07,,,,,,-0.0031776159818694086,-0.006209076015915646,-0.01255375210297514,-0.0042986198327178765,-0.005709981455571582,,,,,
2021-02-08,0.013036997474039065,0.003091162893666289,0.024951848118043175,0.009968268256156427,0.007230876880052784,0.08091486208561834,0.1661045235854236,0.13584862336201167,0.09107081303328826,0.1007625464096362,0.02434997490930227,0.0030893007823684757,0.10080958847654234,0.018482954115706354,0.011888029514654869
2021-02-09,-0.0027438667563593655,-0.0009070592367735125,-0.018725222083848574,-0.0027919702170351593,-0.002054900363574623,0.06552021148361525,0.0369599219713062,0.01051569038036507,0.06597776776070867,0.06803876274127034,0.008633479616969735,-0.000908780719551523,0.0024571096386608055,0.005353088848652423,0.0031408851016399343
2021-02-10,0.0014557026145883098,-0.00708678216438503,0.001681467680643089,7.80989939464988e-06,-0.0014683869775328525,0.04281518400419214,-0.017978034298095497,0.00720837975044977,0.03304656366427354,0.02260317880495769,0.008348949512855613,-0.007089365846954508,-0.00045996957267238387,0.0043653975424456145,8.862906816351496e-05
2021-02-11,-0.001030383556659906,-0.004876776036162145,0.0015941234368361053,-0.0012916579262724614,-0.0003606576750675363,0.07786914577868172,0.10190396803703998,0.04545330664180743,0.08226549702993129,0.09494347595010191,0.012119537999230363,-0.004877482947764822,0.04931037607022317,0.00816971305467659,0.004258028798253095
2021-02-12,0.004467629428637099,0.004269768096596424,0.0021214308339375255,0.003938493602827419,0.0032216008329243586,0.05428926109808539,-0.009660608519851366,0.007513928058392031,0.04314737141174615,0.03338211185276259,0.012771234706878482,0.004270493404928721,0.0199240000896795,0.009302170205829066,0.006250799635179136
2021-02-13,,,,,,0.09582165507240964,0.03599095129396056,-0.011700903963004496,0.0956843005107659,0.10650395642826575,,,,,
2021-02-14,,,,,,-0.029392275423807516,0.01078012231162884,0.011035107497184825,-0.024117298790158177,-0.01683322906315054,,,,,
2021-02-15,,,,,,-0.0442129748696292,-0.03454588404685582,-0.012553517137393805,-0.0441976581810639,-0.047586771572838873,,,,,
2021-02-16,0.0005560289992204572,-0.009095552117616432,-0.0038249049072242467,-0.0029477441770346495,-0.005008334995874205,-0.0022474451004349414,0.02316159043470717,0.015913148678410764,0.0011854929189323874,0.0034800608546760015,8.878331594455713e-05,-0.009091385453993609,0.012875689484602564,-0.002782527607429055,-0.004653193883332048
2021-02-17,0.002470031678470779,0.006792042718406371,-0.013354667363314586,0.002602214815462897,0.0030289473472860135,0.04211707838283616,0.05056968766715506,0.04872210075534063,0.044198554269345165,0.043145353926266464,0.00907787279586501,0.006793717574520041,0.021235740004070705,0.007280169888051762,0.005575005986578749
2021-02-18,-0.005919355778125219,-0.011166044719612918,-0.0007808222007314217,-0.004428567985417557,-0.0046710358997541,0.0029177062460999047,0.00035790380870033556,0.013668452443732798,0.0028204160987836137,0.001908703166513737,-0.004446512107421033,-0.01117144159861011,-0.003837235088530602,-0.0035003425459929384,-0.0046730054585305105
2021-02-19,0.0011058595895655542,-0.007271672997300712,-0.0012015536776237546,-0.0019346893023251942,-0.003770727411979533,0.04897981498578349,0.08269071242645293,0.051273627703061576,0.05297782745695097,0.058360141305748396,0.009084852155601876,-0.007270382641193428,0.04085598323196512,0.0041646915420865205,-0.0004665445205509896
2021-02-20,,,,,,-0.017299540561226037,-0.0075347255777245695,0.014589368640138555,-0.017537445818402896,-0.020932871611368545,,,,,
2021-02-21,,,,,,0.024297174916646205,0.02629838114352571,0.015508739374726736,0.024557701475962083,0.02736957100029735,,,,,
2021-02-22,0.0021419187071920528,0.0016058628527231852,-0.01820852258725659,0.00016965779483514858,-0.0003117039471079385,-0.0628095634120048,-0.0668365598543727,-0.059866304134452666,-0.0662744511720638,-0.07124160219669624,-0.00868332831267409,0.0016121375413426905,-0.04320661154866248,-0.007064634708774151,-0.0047300020728779256
2021-02-23,0.000247470338147786,-0.007131754741343293,-0.012072195627191418,-0.0008568854023994557,-0.0015957356569992207,-0.1578836306811806,-0.12006639820062717,-0.10943757661451696,-0.15415559262930814,-0.15382039391068575,-0.02610771316507361,-0.0071329188170250425,-0.07537646016222242,-0.018821368604359186,-0.011145387795565967
2021-02-24,0.014576435503532909,-0.000870320469806965,0.016021276900461175,0.009602764319494354,0.005541488880153791,0.03967004054777338,0.030403865161443926,0.03218264476859282,0.03852668098384394,0.03783095065531142,0.01875870301090632,-0.0008661840471444807,0.022278086521779452,0.012942557176232654,0.00726527111236104
2021-02-25,-0.018364899811465815,-0.009003038157950017,-0.03409717884091154,-0.016106850367215673,-0.01445579453109967,-0.05295585849293988,-0.055331268766748036,-0.058796911158745996,-0.053864299702216976,-0.05658570761310803,-0.024130059591711495,-0.009004738397350814,-0.055715365164409524,-0.02041622869598448,-0.016715254580372516
2021-02-26,-0.012928311779984667,-0.01745611423411721,0.00470764539365247,-0.013233827384213229,-0.013418375928934785,0.0024429722756437815,-0.013816701663530048,-0.0012891924483323708,-0.0025291488358568388,-0.007342973497187886,-0.010366431104046591,-0.017453491607620355,0.007960860338452749,-0.011916573480127661,-0.012639028685353857
2021-02-27,,,,,,0.030875544497424058,0.006099018057699483,0.008489103630102182,0.026251242752596,0.022996590791174686,,,,,
2021-02-28,,,,,,-0.04371588305482724,-0.02596197729684885,-0.024671918831216017,-0.04139889588780403,-0.04095093418431691,,,,,
2021-03-01,0.019963326496913788,0.008962627433699253,0.01805679933445285,0.018041359774826446,0.01619595003535147,0.06607202453353705,0.08725137880128042,0.059725877106474076,0.0688192833000972,0.07066699910216677,0.027648109503017663,0.00895975906584567,0.04812053574049956,0.023488588723892773,0.019630325264735217
2021-03-02,-0.002791341663546041,0.004974204713372041,-0.007084437022821172,-0.0015932723258291473,-0.0013806032305878047,-0.016013865689389763,-0.024519566869427353,-0.03467950999389344,-0.016697743353493673,-0.020452078079735064,-0.004995095667853328,0.004976991037089486,-0.017038461991788295,-0.00314005000318803,-0.0013054435283695158
2021-03-03,-0.007037085444928419,-0.013192051810383009,-0.020906266308105246,-0.009709894108028467,-0.010734117355531382,0.03318617359233237,0.04310938443869605,0.026076335509473993,0.03544334659406294,0.036962098788987416,-0.0003332089387182882,-0.013195371291458893,0.011015819616517443,-0.004590867127127872,-0.008432648204698613
2021-03-04,-0.007899217627752664,-0.0028143038272722613,-0.01889971371730755,-0.008170619260723528,-0.00843593988353896,-0.01542651063180949,-0.025556067439612744,-0.05500796572381884,-0.016975168797794104,-0.019767490302232394,-0.009153766461762134,-0.0028122420576203446,-0.030012544445477483,-0.008698513381133376,-0.008725809091910243
2021-03-05,0.017580768996769722,0.015337713327910408,0.013748971553429272,0.017050579929666788,0.017382295576808714,-0.008545836651957895,0.002956589045519583,0.02203212959235635,-0.006926161217567363,-0.0038957783798007914,0.013226334721981788,0.015336192211486702,0.01976371874876096,0.014200785650818447,0.015592683609863623
2021-03-06,,,,,,0.009728254619080622,-0.00012871806622502446,-0.011658482223386975,0.010219579525034278,0.01040365473931093,,,,,
2021-03-07,,,,,,0.028383768233542828,0.041912318920496495,0.030901046491818986,0.03039306022030973,0.03218923619631811,,,,,
2021-03-08,0.0018204582191550921,-0.005199572143363333,-0.027975745675819685,0.00024300719433803115,0.0010834229859010085,0.01766705142659148,0.019176509958415442,0.008230966138443143,0.01870411666172777,0.01936469556347427,0.004461557087061157,-0.005197744198198227,-0.0038656747934416084,0.0024110811297511827,0.000641413832311209
2021-03-09,0.007318624501726561,0.007208772888264012,0.01896691800295732,0.008575420321920092,0.008079126012533796,0.042932909720223386,0.04378643478608379,0.05634492131605787,0.042931601068172356,0.04296541946002662,0.013254338704809365,0.0072094802714294986,0.035031088514287295,0.012221247253997494,0.010516719654111986
2021-03-10,0.009821255768227701,0.00954851011785807,0.0015998336964997439,0.008231251142883839,0.00826129884579327,-0.028226124243624442,0.008826643314050777,-0.004083034863186739,-0.02410415724677801,-0.02044424640491713,0.003480025766252346,0.009544222093274077,0.003254878037143027,0.004328375346836668,0.006136343298633686
2021-03-11,0.00529644073907005,-0.0003351330216810052,0.016944225342403307,0.004835382732720838,0.0043803220392475825,0.0023940473055714564,0.025055762086657753,0.017410052113803684,0.005348396422253557,0.008887572082907616,0.004812708500153618,-0.0003371319743085884,0.016218192006252668,0.004564922678322493,0.003965107566387087
2021-03-12,0.007082392417840365,0.005152829811878972,0.011778283427339102,0.0062082420754367516,0.005556655480098722,-0.02008021082531,-0.013883178493465785,-0.032449991277347455,-0.018471389886729434,-0.017328971353959336,0.0025552918773153036,0.0051536334823258124,-0.012746661497186784,0.0034189158704594127,0.004493136080364185
2021-03-13,,,,,,0.07880501646479617,0.06941400634168271,0.06590850180423664,0.0791196094648261,0.07612467019996633,,,,,
2021-03-14,,,,,,-0.04799197369537732,-0.03330556409121975,-0.03466589044761858,-0.046790510872888644,-0.04369719488302427,,,,,
2021-03-15,0.005841980012247008,0.013650607367176595,-0.005975581943685663,0.00779942641284903,0.008650175242824491,-0.03623773511569324,-0.0482856100479053,-0.04544387667521722,-0.038142221371512214,-0.03913818428819128,-0.0011713058424096998,0.013653481827832136,-0.03545788414878978,0.002900338539172308,0.005285797836306929
2021-03-16,-0.00020791992646234755,0.005127034900676348,0.0028743574084429437,0.0023804502882814747,0.003643219841870864,0.043132536555067456,0.023701457695117653,0.08267259008128054,0.040210578139587894,0.0389648464002281,0.007015489487125954,0.005131832145803808,0.032333582736133244,0.0066738682665696625,0.0060938808737494845
2021-03-17,0.0021785532396102394,-0.010261490700092525,-0.0016959239334287234,-3.8067850620489505e-05,-0.002156355214864146,0.030660811823728977,0.039098046542765025,0.06237244032850651,0.031085450289627333,0.0332755311852899,0.006925596336963362,-0.010265506418768623,0.022217625909916057,0.003354605571165501,-0.00024254957923702125
2021-03-18,-0.01347521339947774,-0.00787154469481707,-0.011980464609620574,-0.011656847537986096,-0.00973967356330932,-0.02291498038891239,-0.020631865668697697,-0.047224929149062976,-0.02269791039997437,-0.024911442938861415,-0.01504850789771685,-0.007872650923486636,-0.0208108481179567,-0.0126799902366484,-0.010316952377109887
2021-03-19,-0.004686513277944682,-0.0023456291237253773,-0.0028112953859930597,-0.003937450082811437,-0.004115870871942296,0.019194399500747632,0.022421867618316986,0.023622983594975958,0.020275750507899915,0.021235862436424186,-0.0007063611481626301,-0.0023488639033635164,0.007865955485736693,-0.0013510864954176022,-0.002333452189563107
2021-03-20,,,,,,0.01827007279656291,0.004921795846267712,-0.026586372918854937,0.015324860634271643,0.010738916863023352,,,,,
2021-03-21,,,,,,-0.01614450250996269,-0.0067690507377278445,-0.01386224103125717,-0.014801269565076363,-0.013157111663884101,,,,,
2021-03-22,0.005873122338467358,0.009824552034469351,0.010596495719010873,0.007160722204915665,0.008434423539351301,-0.029994835705112837,-0.05035722418006224,-0.05726821625164323,-0.03344742144120989,-0.037893977667649445,-0.00010487066879600693,0.009826266975684358,-0.02302548089824447,0.0029622324214543436,0.006250209846423566
2021-03-23,-0.008100983457706074,0.0003327996573727594,-0.009441061894141952,-0.005716272287027111,-0.0042678090771247346,0.007114226187603334,0.0030698357604389877,0.0062307311056827895,0.00641177481997208,0.006283359658716947,-0.0055651151834878385,0.0003358600445540049,-0.0003200066413468662,-0.004291712475473492,-0.003549215469934753
2021-03-24,-0.003305425688800321,-0.0065544221973406185,-0.0054949022468644354,-0.00462506110212441,-0.005145738386403603,-0.0667762833825415,-0.04026855704060576,-0.03789612095479479,-0.06321214954187857,-0.0580819151663049,-0.013883901971090518,-0.006556631941762986,-0.023023180789475205,-0.01141393531108202,-0.008912758385111314
2021-03-25,0.007122806063378129,0.0026235515219558956,0.0083248306216984,0.005897713876411519,0.0057858364204407126,-0.0010923526180134256,-0.016388974435071296,-0.004210590377287136,-0.003331597176879088,-0.005278757970167542,0.00575361294981287,0.002620125240455806,0.0034860432798574847,0.005062800303782958,0.005431431081088492
2021-03-26,0.019635042704920398,0.01727545250201399,0.02606951292123421,0.019462209023210362,0.020185893764815815,0.08749287264445915,0.08211386150320832,0.07912285652754623,0.08754620623722427,0.0848207439862909,0.03094468102817685,0.017275769222643178,0.05257380572837146,0.027188531244914525,0.023516523860332584
2021-03-27,,,,,,-0.008717834840823146,0.008062323577890464,-0.0012477925576064276,-0.006625014840428677,-0.003648376124141127,,,,,
2021-03-28,,,,,,0.004100426246299149,-0.0001838566114361701,0.0041532672182626905,0.002654244308113592,0.002282161180593102,,,,,
2021-03-29,0.0011022909356362366,0.01090756334691618,0.005740397602586307,0.003434162172665249,0.004637322132181622,0.037739657887588596,0.03068934370361327,0.02410004572533404,0.03817537897514195,0.038114039539636504,0.00720851876096163,0.010909174311308556,0.014829280132790681,0.007279023677963146,0.007286243628777336
2021-03-30,-0.003326924065019588,-0.009070599513914524,0.005546917851266157,-0.005087516850590271,-0.005948539325255088,0.013383750136438466,0.020180686475155505,0.0161973476527242,0.014729789046816634,0.015592537466917137,-0.0005418116981099119,-0.009070798704355353,0.009019146137770434,-0.0030011551250402058,-0.0043294855414108945
2021-03-31,-0.00091454863134901,0.0015730787631360386,0.00323795909389203,-0.0002936937963580123,-0.0003557890719686067,0.06639746310842415,0.061371893302580444,-0.00588902044858333,0.06926789554171116,0.0643735086009492,0.010304119991946515,0.0015722142077601972,0.0014503576863009395,0.0076786333665364555,0.003186503948466582
2021-04-01,0.011919235422437929,0.007927824403500707,0.008401614806628977,0.011162587361621725,0.010201580202454322,0.028439295434994006,-0.004671585026999247,-0.0062938960480826344,0.025070185955460792,0.02189936236806428,0.014672578757863942,0.006895068072474438,0.0019945046223800228,0.012254515855177213,0.010529685071502728
2021-04-02,,,,,,0.05350906897952605,0.01707135720992377,0.014379688492284739,0.051196905872923755,0.05037879641461182,,,,,
2021-04-03,,,,,,-0.05050095907334438,-0.016803739406332677,-0.012315988615530427,-0.04730052504889272,-0.04323510382711458,,,,,
2021-04-04,,,,,,0.08008234444670534,0.05345018275282094,0.04908769121346833,0.07809815738328624,0.08472711283449195,,,,,
2021-04-05,0.005203894475596236,0.01184945387641366,0.0027280298293129147,0.008137209485982004,0.008970758103829843,0.1124723293949645,0.02801134135429193,0.013942139341538429,0.09782312828446138,0.08506843028565413,0.023081966962157613,0.012263974239043879,0.0046238765912772935,0.016988837409869485,0.0127568015805993
2021-04-06,0.00031178142225714674,0.00040955687566185145,-0.00021258236980610507,0.0005193383196338233,0.0011115712900937815,0.034239733482870995,-0.011277059090378407,-0.014594229210224184,0.028605525840433847,0.019924051425306708,0.0059664400990261214,-0.00077730574718058,-0.005140606127764159,0.003212041276689741,0.0013765084329899167
2021-04-07,-0.0009843279076349229,-0.0007770023963263126,-0.0031080381878483294,-0.0012196612552722848,-0.0016783252386083738,-0.07683383516515305,-0.04682318311544935,-0.05138681950254479,-0.07185637040257192,-0.06481530423372231,-0.013625912450554611,-0.0021800135446933154,-0.019695029799773237,-0.007894768705359708,-0.0038544927168821103
2021-04-08,-0.00125898675424055,-0.00028519153415630606,0.0024394751149980722,-0.0010590809481879086,-0.001416966570562906,0.06650800161559936,0.051852930391449885,0.04932898445732315,0.06405857546749355,0.06372264987617855,0.010035511307399434,0.0013142736333551053,0.020729787295789687,0.005164147871948492,0.000863607368801453
2021-04-09,0.0025702524318601074,0.0036401843959060986,0.00574628962652367,0.0027033998340108946,0.0031292375847476288,-0.026439087808186844,-0.010725873580533023,-0.010392957388861545,-0.02463501796250127,-0.023859536417172488,-0.002264637608147718,0.002934756982376672,0.0010487898512141819,2.1375708003897173e-05,0.002616606077661495
2021-04-10,,,,,,0.10208440271596672,0.04509483334688089,0.031283489114921334,0.09279740125686148,0.08397725225620936,,,,,
2021-04-11,,,,,,0.01134172738606192,0.0031390598547205674,0.008623776391961078,0.009755760889277171,0.0061861855870497225,,,,,
2021-04-12,-0.0004073299999306901,0.001401695349934713,0.0029090192300780904,3.945707401153346e-05,0.0010574780595423547,0.0011626642882354276,0.004778117101575384,0.010144349940323679,0.00017006783646693249,-0.001714939406088055,-0.00014566428523633715,0.0021231687045538184,0.00683375081879,0.00030107710212896746,0.0017579449179131103
2021-04-13,0.0017323719424837077,0.002007716714795467,-0.003377706061815712,0.002878277327548041,0.003167877955144171,0.10969981126458485,0.07535941145525407,0.0715514494283997,0.10498572653819854,0.10266278141713793,0.0197269451628339,0.0037619099287192763,0.02399716508855422,0.0126231115388431,0.0068413069118933995
2021-04-14,0.0033581112989769886,-0.002625777058390808,0.0006030926761413869,0.0003621573442604374,-0.0009763189691555891,0.02628859256885361,-0.006207387671917466,-0.0024887152750373183,0.024952825276566778,0.02134917523782203,0.007179858177289758,-0.0031194478734471428,-0.0023352782495784127,0.0026371042722209415,-0.0016410232185632833
2021-04-15,0.009449393897939496,0.007170783420293793,0.008314324262893313,0.011190864845176444,0.011358487732943989,0.060911491093833904,0.03316220836870433,0.026393695818000253,0.061267751763953535,0.06909511978104241,0.018026410097255228,0.009152232500565075,0.016369203886661368,0.01628402101040174,0.01339128394233964
2021-04-16,0.0028414438132387267,0.001829388230072337,-0.0013240306084161143,0.003218755561030748,0.00486125114593254,0.05065662411454963,-0.016110016311494675,-0.02911985804172397,0.048546270261139515,0.056440263142745944,0.010810640530123875,0.0015842993545002056,-0.012683554580464542,0.007884489228226117,0.005303432421738232
2021-04-17,,,,,,-0.03176555482050418,-0.015643159649016695,-0.017905203580397187,-0.030842338720158458,-0.030875491875158662,,,,,
2021-04-18,,,,,,-0.07403361917153414,-0.07542636759551298,-0.07656811188703996,-0.07326343985845743,-0.07165398456113335,,,,,
2021-04-19,-0.0035293475918233945,-0.0010210764491164588,-0.0016781240846663516,-0.003689459269859005,-0.003208459231800778,-0.06293211235912945,-0.02498089497503949,-0.02819819726738057,-0.05887159540651927,-0.05581580492632551,-0.013429808386374403,-0.002083934698451767,-0.008710211228309539,-0.008963136239266943,-0.004729503012570478
2021-04-20,-0.008747199313497123,0.005675864129702652,-0.010984671418623911,-0.004045178833157933,-0.0018018325731930377,0.03341952255413645,0.016839781103557112,0.023086326739847517,0.031533073594962685,0.026541782874577126,-0.0017194123355581932,0.005988488412006365,0.0015538739026300073,-0.0007394785574406842,0.0005546065752240194
2021-04-21,0.010748101009074381,0.004895597166510406,0.010426846518394584,0.008324377951871971,0.007076569053077296,-0.04142399100162268,-0.04948136194694059,-0.048560799421203796,-0.04049633067724341,-0.042531544386088534,0.0020527523406248726,0.0039035396417661503,-0.007947482380693002,0.003683388288145218,0.005432268874946946
2021-04-22,-0.009628306971395235,0.0007572295761423455,-0.011543815018445173,-0.00771813059386594,-0.006340923043683794,-0.04904992826934679,-0.0470136072013464,-0.04881179444416827,-0.046416082663629336,-0.04619962247638142,-0.01619857718772049,-0.0007398731106752568,-0.023149369114849026,-0.011479430856027154,-0.00698802578951745
2021-04-23,0.008856224632086745,0.002638383394218463,0.010199139707160739,0.006824609541080277,0.005806825393242156,-0.016415494666891482,-0.011713146178439549,-0.00882959120296153,-0.01689572179302879,-0.018236632791972844,0.004644271415590373,0.002597962264258839,0.007261356931051284,0.004709200147086774,0.004807129653867094
2021-04-24,,,,,,-0.06806209030471672,-0.030955006124044275,-0.030324354115667754,-0.06471444647286684,-0.06168078847944705,,,,,
2021-04-25,,,,,,-0.009028471809759443,-0.019163102796551285,-0.01742376132452656,-0.008820551730013691,-0.010971060767434093,,,,,
2021-04-26,0.001031024202245785,-0.006790530354896854,0.005894478788518854,-0.0008709505566247189,-0.0025446108029609214,0.15086850243841624,0.11762472101482273,0.1145657770993399,0.14467014999100578,0.14071197965222915,0.026003937241607527,-0.004533410387473807,0.039239731030187894,0.01290095258935276,0.001751497808669019
2021-04-27,0.0010263258205212857,-0.0048038146580790895,0.007744570532758097,-0.00026653660768298764,-0.00021664474704823363,0.0428384009368606,0.02710180438357716,0.0329877321649893,0.04170053560467281,0.03863943475613583,0.007995005006577837,-0.003862392691830939,0.02305168474909652,0.0037050468305345145,0.0011333519636306075
2021-04-28,0.0005173149641775312,-0.0003044372221868026,0.0046305774533482065,-0.0014211101532228335,-0.0026605079275570202,0.0015703408166000024,-0.004615151879068027,-0.001157613404916106,0.0022263902383308147,0.0013800289785242687,0.0006928192729146093,-0.0005372715020187035,0.004135003132553997,-0.001288045151428505,-0.0026995649490009627
2021-04-29,0.008854898351562737,0.008475483193204271,0.008493561472961313,0.008008896963299929,0.007474051894995898,-0.010431513593727104,-0.01980818385289643,-0.02101123852049328,-0.011494475323183062,-0.013191168289669465,0.005640496360681096,0.008251261527745742,-0.0006191610387150125,0.006285363948481595,0.007113970265232095
2021-04-30,-0.006729647523317546,-0.0011723576221277666,-0.005915473732479844,-0.00459214070806399,-0.0024830493827783105,0.07615810292228212,0.07910253433887571,0.07079442899862459,0.074812887208341,0.0789637965600757,0.007084977550949063,5.309316006522754e-05,0.0194970801384344,0.0030271058300594834,0.0003291508162542757
2021-05-01,,,,,,0.03980355255574375,0.01796457668316798,0.021639104980960437,0.03794550914236883,0.03353785388130163,,,,,
2021-05-02,,,,,,-0.014599904851997027,-0.01895160714671955,-0.018633135154190673,-0.01520138609593773,-0.017641896014864874,,,,,
2021-05-03,0.007437644948144481,0.008009909148894285,0.006051168727788561,0.006388863452329575,0.005745410079534134,0.055476102519817626,0.023508189515048423,0.038486655872106486,0.05727797652875563,0.052352341991012755,0.015444054543423336,0.008342701455347918,0.012392480514160711,0.010412534597800524,0.006806417444030998
2021-05-04,-0.0023142375990448214,-0.004518903726979041,0.002320040708494238,-0.003653724260577048,-0.0038577071379859644,-0.0223198060480419,-0.03830408611744887,-0.04529605426822259,-0.022146846659354513,-0.02736377417951713,-0.005648499007211,-0.005760570960060898,-0.011095712471109655,-0.004846711159541329,-0.005260298340318034
2021-05-05,0.005992361499102263,0.0021654222479758675,0.005269947659804585,0.0032333544506119942,0.0007022319085307808,0.23237817771357977,0.11111694914051048,0.12735661710241186,0.21842841242416225,0.21380266080634772,0.043723330868181844,0.004809151253331917,0.028360564269253423,0.02039918079922401,0.005251634178988552
2021-05-06,0.008050152328450045,0.0071279136535132475,0.0051860271037295555,0.008002294544989842,0.007340636358847358,0.09504982199971371,0.02404246663244664,0.04410708686219026,0.08635864419423142,0.0781918058850584,0.022550097273660648,0.007283348299131475,0.008737437269857068,0.014365985723034849,0.00860307572354131
2021-05-07,0.009636659392556049,0.0010525170050741063,0.009768477862095353,0.0075921536252125405,0.0065169373578673065,-0.03738328711875315,0.004172003571194674,-0.00010499729447333093,-0.03278083274217953,-0.030535953901296507,0.001800001640671186,0.0006831382851157218,0.008475324480460266,0.004247760296949823,0.006099387635800731
2021-05-08,,,,,,0.01505247076056373,0.022038738826292814,0.019950781084171813,0.018627068375833666,0.020176083999378886,,,,,
2021-05-09,,,,,,0.01695799459749009,-0.010751141093196264,0.011468881724736334,0.016027364808141785,0.0076970318945506645,,,,,
2021-05-10,-0.0043271232369361135,0.004974040313661646,-0.004292007686587155,-0.002093918920808181,-0.0004792649647985045,-0.06333573003276818,-0.05146040399988462,-0.054641476716167446,-0.06254341348174304,-0.0664895578887416,-0.014161891036241457,0.00367026949526922,-0.014506271833428978,-0.0069294187494908285,-0.0036275700634443
2021-05-11,-0.009261384465219461,-0.008696098451891877,-0.01013728948939885,-0.007404915334733366,-0.006809761951707775,0.12326469466551512,0.02555167776498297,0.04262730175749766,0.1123482402068316,0.11355091741647086,0.012826295389902966,-0.00769612690473238,-0.0005826211489069916,0.0020769706396421166,-0.0036434981587066422
2021-05-12,-0.01593679259010353,-0.01383905643628644,-0.015326443552509044,-0.016426881386875734,-0.01676121321911611,-0.1790871368375788,-0.14301353423113705,-0.13535674800425543,-0.17338919616851728,-0.17255176836652042,-0.04312851663134941,-0.015752274770678105,-0.03949178970592636,-0.028500381609472505,-0.021587600248635132
2021-05-13,0.008494958615479204,0.012097318288411688,0.012345675471763587,0.01019031725811191,0.011866887148374866,0.06210183470583304,0.02337530490410041,0.06861046073488193,0.056283340288236616,0.04066844345755554,0.01742943796387151,0.01225208971263881,0.02602357034509715,0.013696302610874964,0.012762405826836585
2021-05-14,0.013989839118725322,0.0030640504746267984,0.010789738988850463,0.010744263426324247,0.007756776705764091,0.05375639703224409,0.02008082046426764,0.034268927744551286,0.05177310715716418,0.04575583169082069,0.020617598770978456,0.0031346104233572346,0.008939199097050453,0.01383284423729513,0.009590037960618166
2021-05-15,,,,,,-0.03983153713712915,-0.05771988656575579,-0.02711992624416683,-0.04521898020589729,-0.05539922093444953,,,,,
2021-05-16,,,,,,0.0028746940214076752,-0.0052142948284092955,0.006599174634389195,0.0012861365708269554,-0.004129944691775803,,,,,
2021-05-17,0.0031098894478385737,-0.0012963187342913635,0.005635171813689988,0.0011772385459206257,-0.002097837821327185,-0.06620591298990389,-0.06241744611008417,-0.07122370564826513,-0.06730067142167168,-0.06500689218220992,-0.00844274429178517,-0.0024883846215634064,-0.0124413098211446,-0.004064544123282037,-0.003423971505357795
2021-05-18,-0.008646340971441622,-0.004168407642617267,-0.008502451239657146,-0.006091026406007166,-0.004899434297270308,0.01708008379277666,-0.011215560266973507,-0.0026039727907888476,0.014568356825868647,0.011983689622405765,-0.0043586035107385755,-0.004045564161519276,-0.007787149964057448,-0.004515570820778485,-0.003928374845693686
2021-05-19,-0.005355264782657149,0.0004510184319636765,0.0036828503976069488,-0.0029043061325196395,-0.0031781614847381933,-0.303373487313533,-0.16821038195480004,-0.2123622393175509,-0.29026538073365943,-0.2737873109918856,-0.05502496853780313,-0.0036369698553230176,-0.04224818697944665,-0.025738602334197228,-0.00961917482661776
2021-05-20,0.008595708763838073,0.010164725571966326,0.008584170636820966,0.009850524635184706,0.010389257522827641,0.14700206982203626,0.11772571637539876,0.14169509488300577,0.1453405882346481,0.13909694919095233,0.0316634356068711,0.01186073594559089,0.03325393669887917,0.02024619248824765,0.014239134695103944
2021-05-21,0.0023746797752530234,-0.0015435660515337663,0.0017771860979357492,0.0007176593618250721,-0.00014729096612847915,-0.1408603473018848,-0.0940326451741327,-0.1118815529111465,-0.13585045405065999,-0.12889310591665767,-0.021497824737603276,-0.003185415012376034,-0.02159523080279332,-0.00985646945937461,-0.0036856298396763547
2021-05-22,,,,,,-0.06160251327788788,-0.005562281544617222,-0.027863150605240132,-0.05534384875988952,-0.04662520817070304,,,,,
2021-05-23,,,,,,-0.1129073822434224,-0.08341384913920286,-0.09024912496167123,-0.11096360399513178,-0.11080940590670656,,,,,
2021-05-24,0.006160084121522577,-0.0014525439603820527,0.008803018207449073,0.004512966430251392,0.0032587733672971744,0.2529235672798113,0.1450057744113939,0.171567030056344,0.24379148229113579,0.2325219613369829,0.047287331314570705,0.0012353066378605851,0.03592888822822201,0.02321149067032718,0.010215050656083809
2021-05-25,-0.00548226486313403,-0.005484001887421632,-0.005463267826003855,-0.00482158653498925,-0.0039502265838988184,0.0028286933522609597,-0.000778567483867159,0.0029160985671104443,0.003699112021917302,0.003170416005433358,-0.004097105160568199,-0.005378379170114519,-0.005129270773531067,-0.0041829911872172535,-0.0033355119445574967
2021-05-26,0.003712752675729429,0.0008120430037930389,0.0047636236110597495,0.0024490476259846233,0.001677725731012012,0.07066872279801244,0.03066567033574058,0.06082702344536369,0.06829793377019565,0.061709543728328105,0.014872081029443268,0.0016476733520696533,0.0157173642381223,0.007544704379839135,0.0035367409334963918
2021-05-27,0.002493264197657326,-0.004391558838467757,0.0001086432346348755,-8.696211653337945e-05,-0.0012531675620608153,-0.03622452964270197,-0.029153073076776594,-0.04408420805963081,-0.035512253050150815,-0.028572592706601944,-0.003959701442402557,-0.004904802232765151,-0.009093759705680243,-0.0028408182200751987,-0.0023512799671148634
2021-05-28,0.002936812078919124,0.0014994835335456003,0.007780889293138968,0.0032033317380985808,0.00284496374845772,-0.08364161267040388,-0.07351134903937126,-0.07983751549529378,-0.08426224895261211,-0.08463845524210295,-0.011492925379301376,0.00020142247867021635,-0.011085446192953267,-0.0035547838274185587,0.0012203625097350814
2021-05-29,,,,,,-0.05675666284012572,-0.03486622713237435,-0.04714213463476038,-0.054318707457483746,-0.04807550265340744,,,,,
2021-05-30,,,,,,0.04599013554369838,0.03479797703138641,0.05718558929066253,0.04519395569624724,0.039423626368630164,,,,,
2021-05-31,,,,,,0.09017948488864361,0.050585435060606435,0.0761498890250161,0.08694660620308542,0.07951695805880646,,,,,
2021-06-01,0.006155867931106327,-0.004301133537545262,0.009850249974414483,0.0008712971960989921,-0.002317895412423443,-0.019186745025294896,-0.017083159988513737,-0.017275674208527825,-0.01904151824201289,-0.019932713262241983,0.0019320991050394568,-0.004351011347703563,0.0026933501817945453,-0.00027335295122719264,-0.003934404919143148
2021-06-02,0.003927973385446996,0.00118683745571059,-0.0054798474912336114,0.0030485466381740965,0.0036359748289703144,0.01568630356701275,0.023800508858167473,0.014193484814822447,0.017110106073666045,0.018707562373220715,0.005887695082374622,0.0012836774753389793,-0.0011171362645450366,0.003974082244287206,0.0037878585454288543
2021-06-03,0.001535642621894657,0.004038272403750055,0.004687736334252895,0.0019316590193860035,0.0026384978990371104,0.03417599714809401,0.04354387893164817,0.04345285916466982,0.03641402738911733,0.03811611732565687,0.00697570170959455,0.004250526134530821,0.00672017980107249,0.003942133033415608,0.0026385356036827978
2021-06-04,0.00663026846810969,0.006130218818046228,0.006629513592763847,0.006799814851291315,0.005517768212029449,-0.07013513415978842,-0.05940429094286843,-0.06745437940941035,-0.06848779790811323,-0.06602991943598067,-0.006163965303206661,0.005894853099598481,-0.002187681949622693,0.002462594677498731,0.005197741290418272
2021-06-05,,,,,,-0.03151695830923769,-0.03616784977985769,-0.028458056979254822,-0.03138230324828817,-0.032111981144866804,,,,,
2021-06-06,,,,,,0.017874280878071483,0.008845201274257022,0.0160858138391753,0.01758257764553641,0.01619977640256392,,,,,
2021-06-07,-0.0019190242636381518,-0.004129095199136221,-0.0005286582375378059,-0.0014580648101511458,-0.0014352411954484017,-0.08261493454301594,-0.06445557842817415,-0.07067189324119764,-0.07909263467178812,-0.07695601242757844,-0.015368342643534448,-0.004462738069848377,-0.007433849304150126,-0.005911257184705902,-0.0023041840363411887
2021-06-08,-0.0026256523440645065,-0.0054851675480494435,0.0001829299383063524,-0.0039144004662921205,-0.00450206541330111,-0.0010986656821033386,-0.002189549412724894,-0.0012150011538475437,-0.0016288938974013195,-0.0019934438021729007,-0.0023711545670709777,-0.00540152993505106,-0.0015024116822273648,-0.003768838841063804,-0.004458300319427343
2021-06-09,-0.002621494186845723,0.00497691037047718,-0.015367483873397916,-0.0002218044261006464,0.0014919355033939778,0.05692371448042062,0.11295320869971325,0.04747905487945816,0.060998241773959815,0.07080427055955939,0.0073027072576986665,0.005139629384101159,-0.007105866740166425,0.003213419079666928,0.002245866585062535
2021-06-10,0.003598385643246949,0.008362252257084868,-0.0031613770036635434,0.005500034441544646,0.007300642983326829,-0.0467902209683756,-0.018572487386810308,-0.05535348785211261,-0.04387872632838122,-0.03859142862688667,-0.004799715458690142,0.008218534899115434,-0.008342948095895374,0.00268688411945835,0.007262402147283134
2021-06-11,-0.00019304660451298513,0.002004543248437003,0.0007555484634483667,-0.00035382060628305325,-0.0008290013086383796,-0.034612165788076216,0.014802621362143805,-0.043311504651643656,-0.03091162105562982,-0.022108548752594104,-0.005929566468440189,0.0017696424321208394,-0.003326442928299656,-0.0021953758305545803,-0.0008843409957565761
2021-06-12,,,,,,-0.006108771207590479,-0.04543401039784068,0.006635766256893902,-0.008940127251061065,-0.017221826192016773,,,,,
2021-06-13,,,,,,0.06060711073488845,0.09824363245105604,0.060617760824588904,0.06378473111177392,0.06998213575793522,,,,,
2021-06-14,-0.0015218262616063984,0.0003549258852827204,-0.008169333743360246,-0.000166602200668001,0.00026263063268800656,0.012104542324334043,0.028022040825214686,0.010102296211410611,0.01356653445297794,0.016175413625659624,0.0007492351693836757,0.00038739611875087494,-0.005070551593200312,0.0005763192278336798,0.000752445858003936
2021-06-15,-0.0014924320060200657,-0.004485108833431667,-0.005527821391410449,-0.0031742823685513874,-0.0024358140270290037,0.012503131044355522,0.004937893980385567,0.013730779960885226,0.012542444235244633,0.011495296006747332,0.0008401618357091983,-0.004454232965424848,-0.003282246105670273,-0.002221519139587632,-0.003081593308449362
2021-06-16,-0.007942953726279381,-0.01100496877440947,-0.010140725589129906,-0.009385837634163199,-0.009156339642663516,-0.0697520672369448,-0.0516486902298026,-0.07371610297240037,-0.06845791095118164,-0.06473286774229015,-0.01824447264472362,-0.011237871861026299,-0.015115374384732292,-0.012709310831940114,-0.010004392013928018
2021-06-17,-0.008628992318018565,-0.00041169278532709054,-0.013746712883135967,-0.00458034653995971,-0.0007935263402802818,0.009720760770419102,-0.007384598836249952,0.0008492666184704453,0.008607315807336056,0.008048533924164472,-0.005570700136612286,-0.00014353012655008498,-0.012876802353557612,-0.003644501295251772,0.00019932280321643427
2021-06-18,-0.015075440337741249,-0.010734902421630105,-0.007204084703121236,-0.013974263025622565,-0.01362066713683894,-0.05772062088488967,-0.059117909383899894,-0.05072805016772989,-0.057748432840713064,-0.058189804933057476,-0.02218297042893265,-0.01096309312204021,-0.011059146005248058,-0.016519615711636158,-0.013313843995949216
2021-06-19,,,,,,-0.020498713298390713,-0.00525726028864896,-0.020087187231131006,-0.01893384109696999,-0.01605382380191813,,,,,
2021-06-20,,,,,,0.011456111133318935,0.003015805201707897,0.0199563263566304,0.011171385462665112,0.008116769327034092,,,,,
2021-06-21,0.016981836922855053,0.010397359345102683,0.020822036099449544,0.014499089899889921,0.013219515050407207,-0.19019405150636529,-0.11502469145166581,-0.1809987619768071,-0.18192192959992073,-0.17074912187046323,-0.017547477815348333,0.009492499229283725,0.002320840250646299,0.0032764365090467585,0.009440050639372722
2021-06-22,0.0013849084679286628,-0.0008343556391100505,0.0018331006436205354,0.0005347173919428596,-0.00036724873278364375,-0.034837352458124686,0.024352284538069514,-0.027721937881008185,-0.02827996222412077,-0.019905520985921986,-0.004652135019746895,-0.0010656041218705863,-0.0016481316722238288,-0.0013493844608420485,-0.00015641484908839607
2021-06-23,-0.0034092189923983843,-0.007402128971307818,-0.0010747142014744908,-0.005035340418992664,-0.006580636171294608,0.0855970046606085,0.039196556892021624,0.08441749517132312,0.08020049773258636,0.07245851641608082,0.0114251516164361,-0.007041250390499538,0.006314429584829748,-0.00010718438735505761,-0.00456968752024431
2021-06-24,0.008045844887354254,0.005181113067993102,0.011297411556577446,0.006354746190862896,0.004961773899642485,0.06135694304332537,0.029564156461672594,0.05868393580318077,0.0583308608181774,0.056873553386815545,0.01693102791334944,0.00595541160297753,0.015508490234869018,0.009512076354375837,0.006171987061364663
2021-06-25,0.007796049512859093,0.011347541090892874,-0.000616418333383772,0.008239307157625376,0.008707803760951854,-0.08057487382765759,-0.08683750988469796,-0.07881973828532025,-0.08075006295706083,-0.08133047056383048,-0.006932437710560354,0.01073929475309462,-0.007288034457797215,0.003199116599224858,0.006706947990578875
2021-06-26,,,,,,0.011936020786419109,0.01673918255157051,0.005599081820683172,0.012065640407581759,0.01320998512203032,,,,,
2021-06-27,,,,,,0.05340874980562807,0.07612895291366732,0.06552783332111858,0.0563610126253489,0.059067354530879385,,,,,
2021-06-28,-0.0016871117212886432,0.0022695330175285687,0.0009634302987616442,0.0011954181012021146,0.001385011656436891,0.018891398769319223,-0.006109497466232067,0.010281103761459893,0.017288613965795965,0.013629591497390538,0.0017426400271460013,0.002344458372696767,0.001113107355357207,0.0020559995241382816,0.00292821871885885
2021-06-29,-0.00041512416175831335,-0.0030498982339937208,0.006478710654224614,-0.001035545509101797,-0.0013709302450443399,0.07656251270863891,0.042680030148018994,0.09666190345048278,0.07048952019987782,0.06571188979818225,0.012414481983307891,-0.002945344176807065,0.018386461694375626,0.0029997943991857583,0.0002152299556443514
2021-06-30,0.004396661504242163,0.007554502156965189,0.0039026428218903297,0.003692799001315647,0.0028073775205371713,0.010229283835137904,-0.021862699288515877,0.019063841991536754,0.008507896890250936,0.0029106616977050684,0.005368765226058119,0.007544311970495098,0.004516921245563287,0.003959378945200674,0.002510161020509236
2021-07-01,0.006588444236266208,0.0036208234084137113,0.0018597019073087202,0.005522250396151832,0.0054250609587436485,-0.052857881690813346,-0.04202016893051687,-0.05247870377184488,-0.05196247068112186,-0.0504185079746623,-0.0033192767515803833,0.0034072738412928303,-0.001543043189183259,0.0027472673191736266,0.0053001870711713184
2021-07-02,0.0037870288658624985,0.005054390894331568,0.004673040623756047,0.004433530886551821,0.004825236154532592,0.006644821951439307,0.01100055530964389,0.029887123844854327,0.008242735952748527,0.008803495348582026,0.004263327713458632,0.0051178668262366585,0.005265079213187306,0.004585912046485018,0.005435686039662076
2021-07-03,,,,,,0.022742221109748106,0.02242662512220177,0.026817332507093734,0.022638762338609723,0.02292421118905974,,,,,
2021-07-04,,,,,,0.02195183945789651,0.018846135653128707,0.024873905747433245,0.022681451319626476,0.020898086073597503,,,,,
2021-07-05,,,,,,-0.04758275314865554,-0.04355524975893254,-0.04198503801273302,-0.04699618220994877,-0.046218755837640145,,,,,
2021-07-06,-0.008689862235726455,-0.0021156335164099604,-0.0019825844868980977,-0.005128143083943356,-0.0029931292214664513,0.018173860759549767,0.014858346412653118,0.020716352269716732,0.018643429898910092,0.017283198451901037,-0.004212575069847085,-0.002112246145466756,-0.0006917812030957533,-0.00395142085858002,-0.0025481394640038102
2021-07-07,9.602564581949073e-05,0.0023309171369904993,0.0014507473442826328,0.001584473477098679,0.00314062347616329,-0.01356780382657763,-0.010986595278417898,-0.016000650156325555,-0.012843849714019369,-0.012671469711096896,-0.002181279266246696,0.002346770971450588,-0.0004645932990890436,0.0008824219929372401,0.0032082109770976046
2021-07-08,-0.006922522612545074,-0.004913587890113896,-0.011262821089884339,-0.006452897786374595,-0.005545123423270803,-0.04999297514892138,-0.03041666987445986,-0.06010563174286368,-0.04910988149094831,-0.04499986864047543,-0.01410093136860779,-0.005239582699975883,-0.012824421314274546,-0.008482583243062322,-0.005740054285608929
2021-07-09,0.01211670315324331,0.006836191081019716,0.01894197513553843,0.00992537558890693,0.008057304621962219,0.03256800205560832,0.02732506325076473,0.012928718287481798,0.029997719043793607,0.031488352827270936,0.015525252970304146,0.006848153635552612,0.018639267967480926,0.010948853993501938,0.007643242555974105
2021-07-10,,,,,,-0.01606017871014616,-0.00837610237659911,-0.013551459222058228,-0.014833238700091783,-0.014438897439771182,,,,,
2021-07-11,,,,,,0.01105089689578709,0.020922385398578484,0.01023313832523216,0.01171306094614333,0.013665333488069399,,,,,
2021-07-12,0.004299687110597881,0.0021582773122118567,0.008900549008463295,0.003941569272953418,0.003199504083878664,-0.021458439480235236,-0.031622363758555,-0.032385984905386,-0.023426131086839115,-0.024706878681716254,6.6660121256945256e-06,0.00195746735548696,0.006468467614460862,0.002635295166009488,0.0027329782077232492
2021-07-13,-0.004766188522257003,-0.0026090601577645,-0.01202340901013954,-0.0037803373327531453,-0.0032395031951028904,-0.032729916190515705,-0.014986218323935563,-0.04218375804892772,-0.030977545442480495,-0.028042198089320753,-0.009426809800300116,-0.002716805968311029,-0.01261971548381825,-0.005178238445834026,-0.003099936647296225
2021-07-14,-0.0013789228043061597,0.004081621131979948,-0.0009905946521046025,0.0011336790601923663,0.003192433447927885,0.005343652094854679,0.0037772358159157827,0.0043886335991932595,0.005865805402416024,0.004691788516708113,-0.00025849365444602005,0.0041961913095416616,-0.0004334429210727894,0.0014623862242825823,0.00303884673842664
2021-07-15,-0.0012527313665276262,0.0014852032935192482,-0.004311707499386063,0.00031567413564947776,0.0021555242812746956,-0.033657562374154494,-0.03183369292439852,-0.039374329219738186,-0.03392478018368598,-0.034209907987086584,-0.006653536534465437,0.0012022905732957676,-0.005700518146132877,-0.0012517732141057337,0.0016203491995848646
2021-07-16,-0.0094583508671908,-0.0013101406818695467,-0.014412940593094762,-0.005506068436111791,-0.0023735128555914687,-0.02451103417517737,-0.012403937263854312,-0.0370376095694583,-0.023901253254392768,-0.021731050270475567,-0.011967131418521895,-0.001516178293812974,-0.01427881775811383,-0.0063115173304703195,-0.0026191346101433143
2021-07-17,,,,,,-0.0020961608637220745,0.0034593858533821104,0.0023626762612507257,-0.0011271534122764865,0.00011478048156162205,,,,,
2021-07-18,,,,,,0.0029498340208449774,0.008284083117168191,0.008540733634493002,0.0032892428378617257,0.0045663936868281015,,,,,
2021-07-19,-0.017265279227803593,-0.013631735513447414,-0.01327226685224691,-0.01480873769854671,-0.013075352147616345,-0.048431026233618495,-0.03171043211295755,-0.03946872873683395,-0.04666848298080065,-0.04286592436310562,-0.02245957039543941,-0.01396120293562131,-0.015159042172331478,-0.016470561590242447,-0.013126413163707705
2021-07-20,0.011365506267585474,0.005434104031562778,0.015937867164965865,0.009069660921191595,0.007168467573490856,-0.039675775806226554,-0.03347398988775649,-0.04846124545851267,-0.03905342020104118,-0.03904111045617628,0.002858625921950135,0.005012603841537453,0.013924230695157391,0.006710531243898739,0.006068931896510849
2021-07-21,0.010312805453817258,-0.0017316637285765353,0.009389568221877342,0.00554837347027012,0.0017209633429680984,0.08404642491288189,0.0787595824159415,0.10239651914217193,0.08488239109723653,0.08228531683916344,0.022601742030328022,-0.0012484543615070374,0.01293468059748533,0.009277214814411629,0.0028563457035723433
2021-07-22,-0.001290319131949631,-9.097748468928936e-05,0.002212952624492539,-0.0007926640955697127,-0.0007180456079454614,0.035105539490129026,0.006769156193451611,0.015039978278373759,0.03118155753134635,0.024186700424674995,0.004775657305063478,7.805892087359925e-05,0.0022881257748072056,0.0006784078618574109,0.0003491466829938341
2021-07-23,0.005172454986152822,0.010213713734411158,0.007279533623692095,0.007007661276053036,0.0079809889985954,0.030230782391342626,0.03858587447797228,0.0331404850732143,0.031196782799442987,0.03254882453446565,0.009348842887017789,0.010182609128912707,0.008482289048850416,0.008213303789442803,0.008965208406800871
2021-07-24,,,,,,0.02087857317535161,0.02133467761249975,0.03983756339735982,0.02134075905951145,0.022088633939074193,,,,,
2021-07-25,,,,,,-0.0013191821921649028,0.029219045090426835,-0.0076694542227379705,0.0019316052670910317,0.007407800257462167,,,,,
2021-07-26,0.005689444061937252,0.0010462031129656883,0.002897336365791791,0.003390700270672457,0.0017544846502884081,0.024043643109556537,0.05461190656371224,0.017156044079096065,0.026736819806298804,0.032620862795278364,0.008748477236540465,0.0011250056351987696,0.003747526706751996,0.004485765045701181,0.0010562324066067462
2021-07-27,-0.0020674143337947658,0.0011418242871559378,-0.005597350475574378,-0.0005135674024261516,0.0012517581310175225,0.026644279596079668,0.05367654465219637,0.019137667809099788,0.029097514085173276,0.03460496968475747,0.002717867987850973,0.0012836270260991561,-0.004312390334641949,0.0010476189591101168,0.001510057475270274
2021-07-28,0.0024506105914112643,-0.0009967298926429815,0.0033299124676568173,0.0009952315774090573,-0.0008731957041717153,0.025869776100008457,0.014353323175513273,0.0004522479011328483,0.023182023999881497,0.021196836829756472,0.00635380484284413,-0.0010740692137774593,0.0029702782054951016,0.0019347708620080233,-5.751326392360555e-05
2021-07-29,0.0063301812971962015,-0.0006246335799887878,0.00851366998130836,0.004389538460341495,0.003015757710396948,0.018439540828283675,0.0007815727076759414,0.007311174153500677,0.017073576918992684,0.014776583514777437,0.008348407885710781,-0.0005124499672951152,0.0074513334923557665,0.004918286923174852,0.002463757855383173
2021-07-30,-0.005476928437086,-0.0027137200765137343,-0.001706653111998821,-0.004301785573681421,-0.003842015955290888,0.02907854641851262,0.054121789051920915,0.027309680259669893,0.03146565128630123,0.035963982301774944,0.00028231737218043667,-0.002550197497926911,7.573830005608022e-06,-0.0026595508405064592,-0.0036683442983971035
2021-07-31,,,,,,0.00498091412772671,-0.013006371116805039,0.012403567913492286,0.004117540409049612,0.00014323962470152172,,,,,
2021-08-01,,,,,,-0.022758807451950847,-0.038448065877522725,-0.0057178921310311465,-0.02254660015607721,-0.025131362803192028,,,,,
2021-08-02,-0.0025946151195928866,-0.0015054084165582655,-0.00307545109619925,-0.0016486822888402773,-0.0014843663890236744,0.010486102598031722,-0.018879288423847146,0.0045078305206483656,0.007978937555027979,0.004699196956882255,-0.0004144954999887856,-0.001310835742576069,-0.0031668114515112653,-0.0011235461397217199,-0.0014201908621146047
2021-08-03,0.006555937558699149,0.00065367850395508,0.008150460748380378,0.004839061732177042,0.004964917259227313,-0.015388954950252167,-0.024437890999906318,0.007835733504013401,-0.016099772012556694,-0.019242430437138927,0.0028984554738739313,0.00026661191697836416,0.005687716012719377,0.0038232690433635083,0.004352975140816399
2021-08-04,-0.007995184894552278,-0.008140423256153988,-0.004403876446348989,-0.00712840475312621,-0.008045517673069635,0.03586243098793669,0.040667087039346655,0.03036666384197173,0.037802829492506414,0.03942102669497574,-0.0006855822474707831,-0.00781729701618792,-0.002017723366364292,-0.005099324320500585,-0.006239969502162091
2021-08-05,0.004858409186381643,0.004406298466594365,0.0052648019476017735,0.004440807962481086,0.004989183626005363,0.0162912139985419,0.027511258297723648,0.014117295091346483,0.018003817243254408,0.02012102608486679,0.006763876655075019,0.0046543054630882085,0.006935251378643945,0.0052618905816141604,0.005221319067177272
2021-08-06,0.0033861593133184616,-0.001187184813903018,0.0020042287732163636,0.0013622321796886642,0.000933429370628997,0.022413974415808856,0.04641045703823423,0.012655157454284775,0.024435856602028034,0.028405944119112233,0.006557461830400195,-0.0009055246889956033,0.0027107311040713497,0.0024223750651982227,0.0004606447533043307
2021-08-07,,,,,,0.07056124046525344,0.04091000527417309,0.08049370468067885,0.06760476804822423,0.06215513548114985,,,,,
2021-08-08,,,,,,-0.044867926635484945,-0.017414833905218936,-0.03870657260601383,-0.04196887707808418,-0.037510088033086614,,,,,
2021-08-09,-0.0025151353318879437,0.0010719979406385476,0.009263932093847954,-0.0015811357126945544,-0.0009044935439893905,0.053636190115404374,0.057815001489885706,0.03733262222511894,0.05417099507535872,0.057161173605762367,0.006843418909327442,0.0012783038014764082,0.010952124371365593,0.0010538233641562585,-0.0006756480875847859
2021-08-10,0.006225201968229889,0.004481796016075238,0.015817896082885093,0.004218003363750188,0.004286780082103725,0.01922318186200601,-0.011808097008454728,0.07434940896149306,0.017115051812702495,0.008239478633898822,0.00839153195052591,0.004429280134966327,0.013354453419182944,0.004767615329723008,0.0033912167413869096
2021-08-11,0.008553749273534144,0.004149948608678924,0.006549184943672088,0.00727032830744114,0.006568964550262002,0.06307775869864235,0.002715534964021585,0.05400189994186852,0.05663285768106205,0.04756921115508991,0.017641084177718844,0.0048163105778063955,0.007311989076825585,0.009754296187306066,0.006807818047311251
2021-08-12,0.0018025545333928796,0.0027599299773116,0.007435179316113223,0.002449103879194734,0.0024972091386753696,-0.021826703867775823,-0.024211091411415992,-0.0013777359947844577,-0.02162368201782699,-0.022193596898870183,-0.002135655200135237,0.002824540587520112,0.006003604103894826,0.0013560526986542757,0.0014932780579536714
2021-08-13,0.0011371561711445751,0.003940008112491921,0.0004001979789201353,0.0027079818679536117,0.003478867915527595,0.10036157544278568,0.07896325281445533,0.1324642627554291,0.0990368924267172,0.09314838126024336,0.017674559383084754,0.004286967895887722,0.0035993964694787627,0.0072332946931361365,0.005254579109741095
2021-08-14,,,,,,0.0461467226724572,-0.013199493027641689,0.02446751170507666,0.037398978148178864,0.02602968603152013,,,,,
2021-08-15,,,,,,0.01899541951065865,-0.001371770833716683,0.027239199819018806,0.01603397202712628,0.01360100734409449,,,,,
2021-08-16,-0.0013067599761297918,0.006761398258846031,0.0003535488607989957,0.0018168310704884407,0.0037546222732150586,-0.044065728043762666,-0.022807773491106822,-0.05075640907106834,-0.042013072637486534,-0.03850555431946604,-0.008433254654068604,0.006491173484084776,-0.0010230561911908726,-0.00017078937269304184,0.0032253352354481746
2021-08-17,-0.0053479278173609686,0.002847085224580194,-0.009085422761309091,-0.0024170855791839983,-0.002013785650782573,-0.06500531543194384,-0.029977111990177868,-0.0743828391032129,-0.060903826122318,-0.054118345812922554,-0.015290825753124779,0.0024893776849313305,-0.010278382963458009,-0.005186525641148876,-0.0026847504359859093
2021-08-18,-0.012821725418145536,-0.010896369159670316,-0.004230105031193988,-0.012095796569406283,-0.011262227920520756,0.013070150055442396,0.005476971363692065,0.06001005982151651,0.013015946116455446,0.008981428511884732,-0.008506412839214213,-0.010838154983146633,-0.003665641962939828,-0.010887642733864852,-0.011175693258407919
2021-08-19,-0.004620087357378641,0.0014939340578350728,-0.0031533991446446026,-0.0014373792649454576,-0.00025472262749444554,0.06192229008871089,0.04644888981042152,0.10867594963122829,0.061440830545267236,0.055626506714516175,0.0064703088836362815,0.0017142351762848929,-0.0010841521565955544,0.001506799838895271,0.0007340613573513579
2021-08-20,0.005321036088544202,0.003840828786906594,0.00924554168556365,0.0054337738105952535,0.005105272449872313,0.038683251853805764,0.05463210637452423,0.02412200712802364,0.03931743984377432,0.04224779587451142,0.010881405382754462,0.003931260231445394,0.010955141835458131,0.006986761027694073,0.0061506332729113445
2021-08-21,,,,,,-0.02392748511978322,-0.008798966306484596,-0.017578718373303808,-0.02218129436553788,-0.02023611730274937,,,,,
2021-08-22,,,,,,0.018669111161964916,0.012080608577179125,0.0672474609069092,0.01945009823156919,0.016511883788557946,,,,,
2021-08-23,0.010275235784609368,-0.0014059160961779377,0.009399209527828595,0.00580558330553615,0.002450269291706657,0.02087886156926002,0.006932150106432219,0.05016236621420406,0.020434111943964703,0.016248315118906044,0.012042506748717808,-0.0013004279789979548,0.008011264885598491,0.006256281411347338,0.0033502947058646976
2021-08-24,0.0021334034039965652,-0.005194555902313574,0.0028886985393025586,-0.0007373864913901124,-0.0023133572779861973,-0.06750241932459834,-0.038155697560293605,-0.06672795957914789,-0.06394765866651032,-0.05906337343422622,-0.009472567050769251,-0.005518665229503969,-0.000558819146106805,-0.003886488201455791,-0.003234310515527717
2021-08-25,0.00029726073591912494,-0.003581727733421631,-0.0005061088416445959,-0.000988187588272405,-0.0019346043973131172,0.02174154514931408,0.02562341269523551,0.009259555964824247,0.02178713100101372,0.022895216705084466,0.0038713081381516177,-0.003396949688400181,0.0010196053740891735,0.00015942662420268862,-0.0015735588015173142
2021-08-26,-0.007054964671320488,-0.006186486459911392,-0.006483237501064613,-0.0058753710150546284,-0.005186693352481118,-0.06146006562904986,-0.042334692392467906,-0.06512533036561838,-0.05879955658784857,-0.05478543206574672,-0.016122481497608716,-0.006441546424096021,-0.008402238560334145,-0.008366335783344886,-0.006452405377518067
2021-08-27,0.011274058695481981,0.0017724476357207433,0.011396538636461874,0.007961915430047426,0.005361395647601722,0.07269710012304198,0.0490063180604436,0.12155186236201915,0.07105575907543707,0.06408561629785857,0.02151123226674198,0.0021608382366329754,0.013315544450725084,0.010877574614168078,0.006308683877471923
2021-08-28,,,,,,-0.010523062092153713,-0.0041868586910755855,-0.019856631303792928,-0.009933682769910402,-0.0069730039605198,,,,,
2021-08-29,,,,,,-4.2230907735907525e-05,-0.0013331218161043636,-0.0023856496334456524,-0.00031624174419891303,-0.0002640788636914305,,,,,
2021-08-30,-0.0008556941413459171,0.003804633801766096,0.0027127750790629356,0.0012416298996525976,0.0030818699052953184,-0.03427301946401956,-0.036572462557237305,-0.03222281703906453,-0.03346202434428835,-0.03357111651098843,-0.006425248361791524,0.003532694996335368,0.0007758570803319399,-0.00037010780425963556,0.002426730412037993
2021-08-31,-0.0003515428249847849,0.0037238788013260354,-0.0022189289533116347,0.0008150148749865014,0.0005829228705348161,0.033926461457846724,0.002779447290033442,0.027439386842186046,0.03160400548352551,0.02634696630373914,0.005361457888820467,0.003920073785877019,-0.00048665750285676793,0.0023563232897729257,0.0009960961332406662
2021-09-01,-0.0020525501983184175,0.0010546671243258827,0.004379153248036101,0.00024398347858392997,0.0008429452961651284,0.05544915718852714,0.035620318040508823,0.05234218887471687,0.05548331851998892,0.05356654871651129,0.007531067699489176,0.0011300241023878626,0.007452287176438535,0.00290625693301658,7.88207280907894e-05
2021-09-02,0.0069241341926257706,0.006266932552368633,0.0023736408849254643,0.005797513685772336,0.005172278695715076,0.011792504731032993,0.010522376372917027,0.016604404478084527,0.012165474407236043,0.013405753458680237,0.007735529282360307,0.006564404848981758,0.004287162974303732,0.006215491360194706,0.005082505798045735
2021-09-03,-0.0034739609787678314,-0.0011431858329368988,-0.0029630719423754896,-0.0025991655976435484,-0.0020700764544110415,0.04657082039539469,0.013762859824393858,0.012177404850942002,0.04398314239365514,0.04605206550872672,0.004866835916925921,-0.0011760369844172386,-0.002539225637769272,-0.000462271762430485,-0.0011185611234777728
2021-09-04,,,,,,-0.010212329589721382,-0.0029509328621352676,-0.03578778213255779,-0.01005230286333912,-0.0069921898645848865,,,,,
2021-09-05,,,,,,0.056626714700174774,0.035952327710499055,0.036879438856591354,0.05299346141902805,0.05143138064614307,,,,,
2021-09-06,,,,,,0.006357202425683395,0.015666085370570664,-0.018867274586472565,0.005333326172000948,0.00340899665766859,,,,,
2021-09-07,-0.010009097258011456,-0.013723425694633265,-0.0082365979771798,-0.01123626698248984,-0.012440199610975844,-0.16764027258755143,-0.11079467530245124,-0.13676612830739723,-0.16090885985458836,-0.1543392335911446,-0.03628095981293478,-0.015231195109373985,-0.016300558141119803,-0.018507334748121627,-0.014285873656856605
2021-09-08,-0.0019721439613384524,0.004304879650919361,-0.0016476141588610488,0.0010032766830355788,0.0032812977201244413,0.0004307836574903973,-0.015242171376337607,-0.008240933718835504,0.0011675555745470896,0.0037384446811771213,-0.001571656024866978,0.005119122619126394,-0.00077965726746542,0.0013877197618213653,0.0027135063105288636
2021-09-09,-0.006242056306770115,-0.011067306449851474,-0.00746806535414842,-0.00797110621831841,-0.009626688666192443,0.002673009912500279,0.006835493754687401,0.011467541917052432,0.002457515497103395,0.0023259936659936207,-0.004756211936891716,-0.011132699763276752,-0.0067724150613273516,-0.007576121154102896,-0.00964818831937824
2021-09-10,-0.003712271977980051,-0.0074054058125537,-0.002370047201732071,-0.004469175456983356,-0.004980882258692542,-0.042101786452271174,-0.0330979631523041,-0.050918498894380236,-0.04168291546953547,-0.038859828160428184,-0.010110524390361903,-0.007753933731910808,-0.005206929562692884,-0.006331929111492337,-0.005226370437623086
2021-09-11,,,,,,0.029784970815188095,0.010017425481570672,0.07510582189799514,0.029244381044343903,0.024545133895192646,,,,,
2021-09-12,,,,,,0.03900898067552668,0.017884784685356248,-0.0056644409005555205,0.0382273466626227,0.04354572797610458,,,,,
2021-09-13,0.005540850199334926,-0.00031489320782603785,-0.004098618277932085,0.0026116187873295566,0.0015588112212398435,-0.043186748837215544,-0.025289090632298606,-0.060421715069586185,-0.04204285635254096,-0.038783258573409744,-0.002580416306756818,-0.0006989281109438697,-0.005652802002425193,0.000564186173845016,0.00022594214394473913
2021-09-14,-0.009594622715975656,-0.005698281236062358,-0.011319499703165412,-0.007950693283166764,-0.007357294845000117,0.03937859648466578,0.04585730066919218,0.007784890137038392,0.04053239140589565,0.04634146178121598,-0.0014324195158687495,-0.0048323281459267675,-0.00913852580402994,-0.005492483812702564,-0.0062204049548624804
2021-09-15,0.008697701909292485,0.0029364636342185304,0.007092618280680274,0.005633790384024055,0.004209388433633566,0.033761799679333064,0.02366026867831638,0.043054963326826366,0.0333982577625911,0.030949555655150753,0.012875051537632581,0.0034308780920291747,0.008673401485954923,0.006984188775944238,0.004741608287178687
2021-09-16,-0.004843745212585662,-0.004669376261053886,-0.0063182506799479,-0.004691889055768878,-0.004272589655116899,-0.02260339800954957,-0.008888885185064498,-0.0274812542492119,-0.021558545654740448,-0.01964952007461796,-0.007803687345412979,-0.0049374688419697235,-0.007670996630094745,-0.005578100797052973,-0.004726947825704114
2021-09-17,-0.011501394104243307,-0.007905418505960937,-0.018966159268698275,-0.010972755201665664,-0.01032538132276474,-0.02821032375523107,-0.01140276382095179,-0.030454351629445504,-0.02906446662089546,-0.029138523874519113,-0.014286215712741265,-0.008398289190402121,-0.018873553720399595,-0.011861530756679629,-0.010009977025599167
2021-09-18,,,,,,0.014642044853208722,0.021041013095260457,0.010259200016998,0.014532623213257243,0.015441817381765057,,,,,
2021-09-19,,,,,,-0.035910362635661094,-0.021572157449935004,-0.03571658352385538,-0.03369739045307805,-0.03136711396088531,,,,,
2021-09-20,-0.017107007363820304,-0.00912916329843891,-0.01889711032584583,-0.013947822857721177,-0.010871098387898683,-0.11422485591169482,-0.09351591233054304,-0.10182225748705609,-0.11185977359847357,-0.11018652240230531,-0.03329331545513273,-0.00974890814761736,-0.021149000243481236,-0.018402837109553007,-0.012666955460093776
2021-09-21,-0.002108905432231736,-0.00424793775895072,-0.0035569864010716453,-0.0023955355654233673,-0.0019895785261744184,-0.05343634371662165,-0.049793478661372334,-0.046162121107605765,-0.05271299784795311,-0.0517692413688227,-0.010663478479630055,-0.004535577261231566,-0.006238815280800811,-0.004749502542827887,-0.001806126538898257
2021-09-22,0.008905878341474214,0.0004480497359612165,0.00752005062034189,0.005382817590838186,0.002843754544973968,0.10935609613773782,0.07290988155754013,0.13364833265760498,0.10669296431885618,0.09953677513612659,0.025647581307518146,0.0012940205577499954,0.013127201120537378,0.01013078117651103,0.0043726054277175574
2021-09-23,0.011459114793696431,0.003270102561018502,0.007249393705969075,0.007717637360773946,0.0054302222226893905,0.01626576948492713,0.03025392783161078,0.021578215431036628,0.01778864584912798,0.018494837796771045,0.012260223908901548,0.0032492901499228954,0.0072073780462867925,0.008003057537365665,0.005449242913192035
2021-09-24,-0.0023443356466225375,-0.0025509859738710667,-0.005853436851608988,-0.0032294863273073593,-0.0039725194914274325,-0.06248339107083246,-0.045037876703921904,-0.03747413384913713,-0.06071822751985534,-0.060192913398608966,-0.012367511550657524,-0.003211872483792384,-0.008294642613808483,-0.005983329460909832,-0.006113506565749231
2021-09-25,,,,,,-0.004266625386774614,-0.002517606201603087,0.004413682263487672,-0.004090266407392719,-0.004550078916150428,,,,,
2021-09-26,,,,,,-0.006350457317357295,0.009938848917038345,-0.025031817353410465,-0.004163960375450217,-0.0019926740293957123,,,,,
2021-09-27,0.00328948149457919,-0.003372562035130389,-0.0029499186782936566,-0.001226589045919351,-0.005092128837903865,-0.031077363869180547,-0.02282874377146627,-0.034482859779964646,-0.03060041575648711,-0.028690944533903973,-0.0024383260660474325,-0.003316511376967586,-0.00519947373697664,-0.0026340266514683704,-0.005017883157610198
2021-09-28,-0.011152180037691915,-0.005401568729768047,-0.007859374460433294,-0.010267625709418483,-0.009642782131856927,-0.032985894716289745,-0.02895228065711551,-0.036303618597141714,-0.03319543298480779,-0.032695294085007126,-0.014791132484124888,-0.005475351927651273,-0.007664706702719792,-0.011139242895711571,-0.009971646825032945
2021-09-29,0.003919694130095626,0.008619196993417282,-0.0008045586654544393,0.005690222311483523,0.007137958725183698,0.025201653417809958,0.012914850927287863,0.013128183110994274,0.02406620587997767,0.022915022765538716,0.00746668734471468,0.00898593546714852,0.0014144977784621884,0.006710665199236046,0.007389994749001295
2021-09-30,-0.010112777369907561,-0.009451977757710619,-0.013899281818687124,-0.009415220173181643,-0.009918031628546844,0.03985386657347911,0.05265828570403337,0.027415315509747476,0.041267980301358635,0.04483974913388078,-0.0017850033793431167,-0.00913530051820844,-0.01193381023607381,-0.007219965858608501,-0.008890961418747689
2021-10-01,0.012342170182835961,0.014255347070048554,0.00830471566713411,0.010318932408077294,0.008330919573751634,0.08583803887920276,0.09819720095098518,0.08200879879093265,0.08641090354832828,0.08746401573254038,0.024591481632230426,0.014213457251367885,0.014644922739370474,0.013568542565013655,0.010349231507157467
2021-10-02,,,,,,0.01314684618977272,-0.008321425167439226,0.006594105796209608,0.011788743337930774,0.008051347190682432,,,,,
2021-10-03,,,,,,0.016058019141841507,0.010053563105264797,0.0037758764805265136,0.014171763920236025,0.013163907012189828,,,,,
2021-10-04,-0.0027451043939078824,0.00226978822080162,-0.00895605435376495,-0.001960901367628686,-0.0007696164242402817,-0.0148396687445018,0.018035762437468107,-0.02484272409049229,-0.01261351629338446,-0.00815082696331819,-0.004760865119006868,0.002246111760890763,-0.0075819602890569125,-0.0022586832316560425,-0.0019511403073751727
2021-10-05,0.005693677902995397,0.0011187089960908016,0.0076885411531864315,0.00407685512679071,0.0023208535176679774,0.03911206691222192,0.048352364728760686,0.026964088157705072,0.03942068817980082,0.0392587650372764,0.011263409404533147,0.0011181713746449048,0.006847578572589086,0.005418277666843506,0.002277012660839788
2021-10-06,0.0010971533003962212,0.002562577561881596,0.007395800092239063,0.002874577729024736,0.0042714270311959525,0.02631207745706715,0.07305815017164098,-0.0035033041701094825,0.029837823931690675,0.03290648285943283,0.005299640659841376,0.002569074842878699,0.008505317211112973,0.003969087652394079,0.00417769492654489
2021-10-07,0.008043666617446345,0.008662441437762795,0.006021137159838878,0.0071322357702544486,0.005356450190003311,-0.00638939697911447,-0.0269954161104167,0.013309058063440371,-0.006995713653827281,-0.007903341556308247,0.005638156018019543,0.00862634610347759,0.004555976037813892,0.006487849187953203,0.006041337090538181
2021-10-08,-0.0008405341466329583,-0.005086047706870067,-0.001369409992845395,-0.002655340146985141,-0.004740388547067541,-0.00968783863579299,0.0026151503381572306,-0.014541745795256581,-0.008732801612545598,-0.006184662293590418,-0.002315084894826297,-0.005122207393152489,-0.0013198709845304245,-0.0028395809499379273,-0.00493099399272532
2021-10-09,,,,,,0.039018902838405284,0.018433354781377885,0.027630923065048274,0.03547250869487163,0.03193612960972207,,,,,
2021-10-10,,,,,,-0.039372271971353526,-0.004096097775969818,-0.03417172227202109,-0.03626419296365729,-0.03204323773693905,,,,,
2021-10-11,-0.008973806475380097,-0.008654263960254783,-0.003419178239213258,-0.008691028670888983,-0.009157501620186328,0.01616616745924252,0.04837870117187503,-0.0008184094366070774,0.019011555422789362,0.02193876234628158,-0.004783810819609661,-0.0086615498622522,-0.0029253170093859983,-0.007509474929270604,-0.008526247899432158
2021-10-12,-0.0007657505468342874,-0.0008445131956295254,0.012309608312575361,0.0003792382448710005,0.00037502638559274684,-0.02450992776943369,-0.025111596081213942,-0.024971096604734247,-0.0245699678517113,-0.023884279386071326,-0.004723113417267521,-0.000831757580953168,0.010953020690311456,-0.0005924250049891524,-9.155528777497063e-05
2021-10-13,0.0032749128553063644,0.0006446559733043931,0.010129897874662704,0.003812789780587176,0.0038276853576398218,0.03190285056564601,0.024435458113150343,0.02551332318300064,0.03225170941348362,0.031784126516562324,0.008046235807029638,0.0006662355997161638,0.011349884952218343,0.0049000729566416636,0.004268969114175127
2021-10-14,0.012783921551769493,0.008819051039690403,0.02143034290322699,0.012459873316321922,0.01296653343993349,0.008162714258494455,-0.001523459463178706,0.001299946602022562,0.008247735188256944,0.007898521359678176,0.012013720336223652,0.008849818627109257,0.019800898787986097,0.012211319948539277,0.013044944125403147
2021-10-15,0.0047869773089702266,-0.000658154639899361,-0.0024984734139354707,0.0025932151396532268,0.0012911619398083983,0.021102700113018333,0.07349617788793347,0.012211620271670437,0.025221354324724558,0.031067351777580077,0.007506264442978245,-0.0006580912777139039,-0.002074261727099186,0.003510263611943889,0.0013571219753726437
2021-10-16,,,,,,0.002720576167623345,-0.011494862448222077,-0.011724460640521127,0.001898341198508834,-0.0010667354841275999,,,,,
2021-10-17,,,,,,-0.015497446977474582,0.010471327362868479,-0.015012379619162214,-0.012600639838075313,-0.008088872986742544,,,,,
2021-10-18,0.00027362495568025166,-0.0017887395252646641,0.0070887038860523496,-0.0011676001754444207,-0.0032495714419372534,-0.005306693572157262,0.0072731595287498,-0.012149086119651044,-0.005006743201148201,-0.004753949969248881,-0.0006564281322926671,-0.0017524778792186466,0.006014557782486901,-0.0014092498549258476,-0.0040285907881552376
2021-10-19,0.009805851901735373,0.013747404981622217,0.0005296613260797558,0.010838736720761,0.011441494801397705,0.012977207830322194,0.035218639130570537,-0.0009754435513645558,0.014839396499699606,0.018324489802117178,0.010334411223166511,0.013727520858617767,0.000548229366897739,0.010981935415128643,0.011371970117617798
2021-10-20,0.00885848761322351,0.010458191820486401,0.0018547349872893655,0.009911796088941304,0.01078830818339943,0.051224364064108824,0.027080118470064588,0.04007073853637573,0.04969923307475249,0.046613195674668005,0.015919467021704395,0.010424910818665907,0.004016221290169541,0.011552426384321687,0.010692080471924938
2021-10-21,0.0007577563531104439,0.005553650678949129,-0.0026310516217534904,0.003213453929790952,0.0023872787449785537,-0.034430299987499836,-0.05665298810035874,-0.01839003574072304,-0.03613212427531765,-0.03867768745293111,-0.005106919703657935,0.005541504567979248,-0.004022727667767871,0.0015800896109718693,0.002359547166317245
2021-10-22,0.0012181275672072393,0.002459363959860076,0.01135949060431583,0.0016333603790900245,0.0010286505885802257,-0.009454713940141793,-0.023773570411036962,-1.5218061166473161e-05,-0.010531806138189827,-0.011836911328766587,-0.0005606793506842661,0.002475770220887882,0.011227745652625241,0.0011511943453283344,0.001325684630265811
2021-10-23,,,,,,0.019371535732781185,0.01144654627159889,0.011909236412568691,0.019329656047312637,0.019178657084084644,,,,,
2021-10-24,,,,,,-0.014741306991866012,-0.007777357093383914,-0.01781821511897957,-0.014842830631769327,-0.013927345935687924,,,,,
2021-10-25,0.0061577379699742085,0.0044078756016839755,0.012340576697306765,0.004527234539447374,0.002963860184752085,0.018419186895322202,0.03413528024496565,0.008554258248425614,0.020234847877830538,0.022740754255179053,0.00820131279086554,0.004407548588033697,0.010221059611642224,0.0050980077629070595,0.0037107427783389935
2021-10-26,0.005035039278010809,2.8719470417829657e-05,0.012046671847954923,0.004782661463892154,0.0035168386002204883,-0.012946919667983725,-0.04168294584445521,-0.00707309403355185,-0.01478474637982115,-0.01788917735357991,0.0020380461203450533,2.6613162447976228e-05,0.008295552399436475,0.0039487411825585945,0.0041339438239600184
2021-10-27,-0.016021570019775676,-0.010824222403131155,-0.018687466847877688,-0.013153207405023983,-0.011444269407428626,-0.09185131642847817,-0.0325926411303591,-0.10337761006296703,-0.08630758478804484,-0.07745518888213397,-0.028659861087892754,-0.010854459371590058,-0.023506766989407353,-0.01630958140701671,-0.012637018236913421
2021-10-28,0.008177747360443858,0.018173793720377442,0.02048577018650355,0.008601427776586477,0.00952274642476407,0.056729009743049105,0.03663787165383216,0.051762975043608286,0.05551063044075005,0.05387937380915875,0.016269624424211402,0.018137894978683507,0.023346282523088395,0.01072746594754843,0.009300956696917445
2021-10-29,-0.0029640878507516404,-0.0010780375486003102,0.004280896583343274,-0.0029030901465278997,-0.0034723688500802063,0.029088612824405093,0.026212279099708503,0.01746935470195932,0.029108888124318433,0.02843298544839087,0.0023780289284411485,-0.0011457790198563676,0.004071662848266272,-0.0016195184352090146,-0.0027210106254590208
2021-10-30,,,,,,-0.010681812392085377,-0.005867350881318307,-0.020925261716203035,-0.01098933757681404,-0.010172951293113089,,,,,
2021-10-31,,,,,,0.014693243654273571,-0.008956912997590267,0.01370202587691183,0.011714506693494477,0.007098671188333065,,,,,
2021-11-01,0.007461175731891199,0.005372920350737872,0.004207666874537152,0.005567094561814269,0.0038314720975368855,-0.004326641926342823,-0.0051297477399965255,-0.005867129649456076,-0.0038259038222263142,-0.0021356394502442125,0.00549653945551886,0.005350386001361463,0.0047066565856343275,0.005146411909812128,0.0039866983502289885
2021-11-02,0.004540063787491218,0.004679023099869367,0.01058669706626239,0.004833715181423509,0.004609968291108945,0.033065335844914154,0.03642353446805324,0.037595256068305494,0.03404198399275511,0.03594505223570456,0.009294275797061706,0.004676841015854623,0.011177868285282416,0.0059611796428805965,0.005377534511338935
2021-11-03,0.005006007983429447,0.0001248186579179989,-0.00429328012180095,0.004667337667792035,0.005373291496930019,0.01674063604824131,-0.004054563588107405,0.015867900864483035,0.015553649181917992,0.012345080476687798,0.006961779327564759,8.823460693542636e-05,-0.0034595136971278307,0.0049033117173092975,0.006330632979003952
2021-11-04,0.004566805541999331,0.0005862625425735351,0.006186503500673514,0.003859652731762083,0.0012123905000699948,-0.02555910524069758,-0.024103783966732184,-0.02252731385879772,-0.02538465477642964,-0.02508387883654359,-0.00045417958845015447,0.0005727090449682851,0.0023347533003049794,0.0023926733601981626,-0.00016897837350334088
2021-11-05,0.004317548129979447,-0.012055830744201,-0.017656523261899478,0.00011777345800001534,0.00046623632245157686,-0.010200996638369953,-0.005313959884109655,-0.014120820683668746,-0.009794032792263973,-0.008597427044947875,0.00189779066858788,-0.012131579643425086,-0.016405385901095394,-0.00017271805409006444,-0.0008782164043862386
2021-11-06,,,,,,-0.004239194414665415,0.006573419146120196,-0.0030187847962620984,-0.002685706724272781,2.9147774298441266e-05,,,,,
2021-11-07,,,,,,0.023886360748030924,0.029247220896912562,0.02640791678773815,0.02354439148715705,0.022703377855740368,,,,,
2021-11-08,0.0037433371955652994,0.0015477550166947155,0.01048779252169372,0.0017401276678557331,-0.001328348664702969,0.060246401128590546,0.06695154718111462,0.04646036899239847,0.06074103025457171,0.06236848724219097,0.013160514517736175,0.0015850080948441496,0.010674301015794124,0.0037547999809350117,-0.0008534193803911606
2021-11-09,-0.0007145187867039059,0.000605612930700316,-0.0033120715838008737,0.0003885398990497048,0.0008142636946657413,0.058033521566359034,-0.008806096371717134,0.03471858033683791,0.05234717422229896,0.042534339904730836,0.009076821272139917,0.0006111255804662438,-0.00019564845630163047,0.002381007791687662,0.0010781540200427975
2021-11-10,-0.007127343452293766,0.0008220956690388504,-0.005639410652178549,-0.003519657927355286,0.00038314618751387607,-0.052120905365666895,-0.029513867421399387,-0.05104336332858899,-0.04943684602706651,-0.044139333464876904,-0.014626270437855955,0.0008629093228584689,-0.007251350827159773,-0.005092730452721552,0.0009612491693820959
2021-11-11,0.0010659591267172446,0.0023192638618349986,0.007798727394593804,0.0006255744340566253,-0.002205358378593251,0.011579788077556885,-0.0006965054346836909,0.0104680950306854,0.010549962821626901,0.00836466969457998,0.002818263951857184,0.002370590693548262,0.006810185005208824,0.0008867467302625425,-0.0015833451800367068
2021-11-12,0.002158136556547572,0.002349469566018391,0.0030824702205195214,0.0023021086090274966,0.002184512275931487,-0.021045339029769496,-0.012225096363245981,-0.020569170165799115,-0.02049903802819013,-0.01958042814622443,-0.0017091093745052724,0.0023258983828028535,0.002330440905273808,0.00141327314979371,0.0019521630481302372
2021-11-13,,,,,,0.012155992174102794,0.004887870563917041,0.007359738539010957,0.011032854277624236,0.010398613158385767,,,,,
2021-11-14,,,,,,0.011670347080749634,0.015469517787564337,-0.003999360689664358,0.012352683562472891,0.01460527032564007,,,,,
2021-11-15,-0.000857079697434908,-0.002487426685534106,0.0018734838570436839,-0.001645797943040878,-0.00046559737136474386,-0.014913367152786263,-0.029159323323932344,-0.020009685271999596,-0.015416148274427933,-0.016134695447920486,-0.0031997942733268006,-0.0024678277206368194,0.0021453341591567182,-0.0020787020899062075,-0.0014968503481044325
2021-11-16,-4.3818578374865274e-05,-0.005012945120775286,-0.0031184500745666654,-0.0010051355751637238,-0.0019952597699404405,-0.0853953676242598,-0.05344145330150952,-0.07151729152051929,-0.08301217566869062,-0.07924993389182322,-0.014269076752689023,-0.005043132351927323,-0.007041310648735652,-0.004309811191053015,-0.0028215885971602447
2021-11-17,-0.006410498431443284,-0.002897926126254778,-0.007499318551048685,-0.004553990414229048,-0.0035811943918035213,0.005029029807759611,0.003436857419438999,0.009249560110247248,0.005059269918884754,0.00540971545807484,-0.004503910391576134,-0.002924483829187902,-0.005071170961781564,-0.0040444941991186695,-0.0033478016779913125
2021-11-18,-0.0012952494090488886,-0.002043217622010963,0.009382406030335601,-0.00185407375754833,-0.003477485994092489,-0.06659550799716892,-0.056749839898005756,-0.05739543715031149,-0.0662023938591545,-0.06660196815914118,-0.012178625840402225,-0.002025305626043601,0.006308820679725359,-0.004505201548507759,-0.0043760400060797785
2021-11-19,-0.008108011963673636,-0.008071099352909356,-0.008484803595881128,-0.0059429817825734,-0.0033354849949914873,0.050189937841265554,0.020677857806173486,0.055342830401342656,0.04894611219274304,0.046389865605970665,0.0016083130038162296,-0.008063468666293398,-0.00787764804665019,-0.003928858683746917,-0.0034306618120643877
2021-11-20,,,,,,0.01576936969310213,0.027144333086984274,0.01162266009615349,0.017335963141529416,0.02080047748072046,,,,,
2021-11-21,,,,,,-0.01876418665940255,-0.01619370466132397,-0.019990105556302804,-0.019220047591295763,-0.01932115524322682,,,,,
2021-11-22,0.0021290502357046793,0.0037424408082244696,0.0031972656131172184,-2.5402970695143106e-05,0.0012599188960225188,-0.036598052294896724,-0.041565940596482776,-0.0369974773427995,-0.03739070427685547,-0.039765931224538024,-0.004325466852728888,0.0037856860659086777,0.0010977535917573336,-0.0013192003268521102,0.00019624464440558533
2021-11-23,0.007614035389942484,0.006701121702178598,0.011805360598461906,0.006252447610625577,0.00466021987523904,0.02241482154078316,0.022735855747423095,0.033485031480917686,0.022645784106292643,0.023168771060391776,0.010080833081749263,0.006680467639495898,0.011983390234178838,0.006992441308038756,0.005615400372127417
2021-11-24,0.0015933253638177255,-0.0008965715935386017,0.0047476229388966375,0.0014275941658380737,-2.573229768689156e-06,-0.024994581710023545,-0.02238438701660228,-0.02387548444172055,-0.025013460449455044,-0.025157363503190342,-0.002837992481822486,-0.0008996350176754605,0.004572856601416019,0.00038505360212459996,-0.0005354125575581544
2021-11-25,,,,,,0.009420096135543754,0.017666069374003168,-0.0011928273647917962,0.009230143985606695,0.007339310550405899,,,,,
2021-11-26,-0.02190708025971444,-0.014630054643963391,-0.027752000913103897,-0.018204266400724516,-0.016105138411912127,-0.06649545894871833,-0.06468677053655503,-0.05102255855877894,-0.06613128528998832,-0.06534073066463622,-0.029338476707881755,-0.014652729634322985,-0.030890596860562843,-0.020172028658686243,-0.01623673810899283
2021-11-27,,,,,,0.01136172499470266,0.02324655494514305,0.010833415340892792,0.012114032583647471,0.01361520770326299,,,,,
2021-11-28,,,,,,0.021529982658934313,0.044392510044424904,0.02550084173034081,0.023952694943745013,0.02885692605583249,,,,,
2021-11-29,0.0071002398395622725,-0.0006708687285007318,0.012462779229029783,0.006756598668310503,0.005463496626469434,0.017998706153176246,0.009748898117819095,0.022850628084677256,0.017833061228746106,0.01773277816903995,0.008916650891831267,-0.0007101767079647115,0.01351186663003053,0.007133829029111318,0.0044773743233339465
2021-11-30,-0.022736652197169208,-0.021655352046704855,-0.016427579891159283,-0.022226655414288976,-0.02255606898365902,0.0029870595108775207,-0.013858989986877734,0.014332394326418243,0.002438110341443884,0.001363616436721109,-0.018449366912494755,-0.021621672067731676,-0.016469039410568983,-0.0213535841282425,-0.022169979729200658
2021-12-01,-0.013137975243081345,-0.01154715166189825,-0.010152366141181451,-0.01191297703804803,-0.009979462536074143,-0.004816033852340695,0.003936508510805847,-0.00977313353164389,-0.004338508863555054,-0.0027810297517256435,-0.011750985011291237,-0.011566272195087823,-0.01029890394246053,-0.011549286086194644,-0.010623054799426645
2021-12-02,0.021514026022957156,0.014147635146740382,0.02572418025877412,0.019533531003025045,0.017161925265047097,0.0029771478098470144,-0.013140205787574133,-0.01682536924605546,0.003943794075476039,0.0047672275169001,0.018424546320772135,0.014108271682748485,0.02799367547778341,0.01899303535142556,0.01776885362229228
2021-12-03,-0.0009151530011433471,0.0089225126999135,-0.0076856447545888395,0.0016868531311340956,0.004034181070003946,-0.054804135310390995,-0.05098586481791345,-0.05686491415190311,-0.05569178340630211,-0.057616505423247234,-0.00989665005268462,0.008915282394069987,-0.010604464440599353,-0.00031691116394320197,0.004079624162313342
2021-12-04,,,,,,-0.09966679308991833,-0.08204639683653359,-0.06485905832816959,-0.09512625370720855,-0.08724205147399906,,,,,
2021-12-05,,,,,,-0.025153555791845417,0.003417522933012006,0.005020547034211551,-0.021821340836366276,-0.01520316540005911,,,,,
2021-12-06,0.013552429844853974,0.010319336614991226,0.00669240555915364,0.013044687374001915,0.013391828234457578,0.040040442806494346,0.02458589579002135,0.028957203327043646,0.03838730299137145,0.03436563658278145,0.017967098671794034,0.01030815572222795,0.007754789551392209,0.014053476680049505,0.013964781741981944
2021-12-07,0.014952137327276696,0.0030755030565581144,0.021951741492236887,0.011876469925290218,0.008218070706177886,-0.005612405331474191,0.002322159783127109,-0.0029013202475564694,-0.005516125538380777,-0.0033940041440365582,0.011524713550818215,0.00305989132082953,0.020606319432144447,0.011189002126702896,0.0077277914516120025
2021-12-08,-0.0005769049565259764,0.0009166079928236812,-0.0018158607584446947,9.86683075561881e-05,0.000635463011508895,0.03731739189615066,-0.0038518487471744787,0.029682465889430704,0.03223304328014357,0.022024443861661025,0.005738811185586795,0.000917117601375796,-0.0012780520171577737,0.0013929958650589597,0.0009187755310325285
2021-12-09,-0.006819833181712462,-0.00293515797796446,-0.007640143570180199,-0.005840795096619512,-0.004104759956021877,-0.06974011815598744,-0.05608726213196957,-0.07600137893027918,-0.06870591503736509,-0.06672512832659522,-0.017306547344091622,-0.002945158041716716,-0.009665761771081915,-0.008023457510406968,-0.004460399516876627
2021-12-10,0.005428423454781843,0.007639681815240541,0.005317373315729242,0.005971334391295046,0.006490236787202982,-0.03764782144196946,-0.00899511908452133,-0.042268266772507064,-0.03586577016219454,-0.031272013350421776,-0.0017509506946767062,0.007639366516696097,0.004232216160479592,0.004419043441388882,0.005808488259287852
2021-12-11,,,,,,0.062185845911676044,0.044857216044006165,0.04361886992674673,0.06077574506821179,0.058339254730588486,,,,,
2021-12-12,,,,,,0.0005450006496776847,0.014906619570362878,0.006432449923307785,0.0022411913995309617,0.004952816307334381,,,,,
2021-12-13,-0.006038152907783944,0.004949081688695355,-0.006108293198486964,-0.0011109673623609798,0.0019012915996062904,-0.08065923921980626,-0.0670851717099511,-0.09025311639357295,-0.0800260208039951,-0.07924314930863263,-0.018475000626454335,0.004961306580313708,-0.008632007977223922,-0.004007818106226497,-0.00048119488747796666
2021-12-14,-0.0019345036185553586,-0.00025892900820394986,0.002354611616142217,-0.002456778887892132,-0.002492210342365776,0.011911581619101387,-0.00267125345649466,-0.0031986602576176797,0.009444724625623579,0.004359260316883528,0.00037317725438743184,-0.0002584558262158134,0.0022146250758014892,-0.001938869958899528,-0.0019491522378445188
2021-12-15,0.008657972774681654,0.013056822052459774,0.018993462297386923,0.010299208098543492,0.009401957941725169,0.04872903431115066,0.04900151967252708,0.06200176319918639,0.050068177806534594,0.051932078377128654,0.01533648303075982,0.013049397959120489,0.021780803112092958,0.011694154864513416,0.009856017216568114
2021-12-16,0.004803852555990486,0.010419694596115834,0.0006470698923133313,0.006095938105418431,0.008922703683323365,-0.03275391370957651,-0.025181582897818466,-0.018357196384183514,-0.03226696661481775,-0.030450040979835266,-0.0014557751549373467,0.01042425757832898,-0.0010726817299051027,0.004877407241160471,0.008435182698489016
2021-12-17,-0.012437317144134916,-0.012368010721389404,-0.013621022936288663,-0.011431300236610391,-0.010456985423866555,-0.024771957522853386,-0.030699007215741814,-0.02215876619086582,-0.025214709725573808,-0.02780621955966772,-0.014493090540587995,-0.012368478299628845,-0.014738403708076976,-0.011989646185771483,-0.011408884426390792
2021-12-18,,,,,,0.020225622720911683,0.013995731563123393,0.02074189777513832,0.01936883597890039,0.018090005983864677,,,,,
2021-12-19,,,,,,-0.002246589268154565,-0.0030259427628138713,-0.008035505981324827,-0.0020908661340863577,-0.0016554718606091802,,,,,
2021-12-20,-0.008131606148534013,0.0019530661779377301,-0.004625321915887511,-0.004975481823926083,-0.004048546218538519,0.0027239347357453153,0.0037095437683511982,-0.0025168214271113487,0.0025094833756842735,6.043572067653685e-05,-0.006322349334487459,0.0019389047307088562,-0.003300200619678196,-0.004606308900025939,-0.0036788981206346103
2021-12-21,0.01462265780225411,0.003736987737215491,0.008835997441886874,0.010269101190660952,0.007383020580812676,0.03319664389737751,0.04386356169401262,0.023092746464898194,0.03333118410120061,0.03225668285376883,0.017718322151441344,0.003756315030850632,0.009138075149912541,0.011050593826416093,0.008245948995545222
2021-12-22,0.0059381861769704026,0.006357352102626415,0.009274997076404685,0.005910908698519641,0.006435992042378859,0.005615825220858106,-0.006295931447672265,-0.001183207834029283,0.0047380759080835316,0.0035497549152816183,0.005884459350951685,0.006361481432897579,0.009578401784868329,0.005824950857374972,0.0061090233759400975
2021-12-23,0.005000741890955203,0.0017280579936531466,-0.00017369991145740058,0.004033894483488093,0.00403278963367414,0.05288152119073466,0.04433669194360079,0.039478836101833364,0.053265520804820374,0.05350090229488266,0.01298087177425178,0.0017308360621349286,0.0022813512107418728,0.005768855440608997,0.004603986559578999
2021-12-24,,,,,,-0.025854589725139758,0.0007414904357732055,-0.00933035244830234,-0.023955531059590526,-0.019171227687799438,,,,,
2021-12-25,,,,,,0.012088707351344343,-0.007719775485643066,0.013895540669184346,0.011204220252482473,0.008481661437580749,,,,,
2021-12-26,,,,,,-0.0019257207082916453,0.0075284019171428795,-0.005288814596498868,-0.0011657211417240806,-7.069716794287241e-05,,,,,
2021-12-27,0.012643323884424486,0.01063538444727201,0.019513135357625236,0.011975454879000662,0.010865871225377669,0.006955401909512826,-0.0033280706216139984,-0.007911443810815664,0.006677817517073694,0.004500442318113963,0.011695336888605875,0.010639903033977993,0.01994571209372104,0.011699777912982807,0.010180308641239455
2021-12-28,0.0017823302262577135,0.004460198571419195,-0.0027258824060310046,0.002663657309852422,0.0031551866264554083,-0.06626174340482956,-0.06025942562091624,-0.06327883196191698,-0.06557740313862613,-0.06354387936266602,-0.009558348712256833,0.004463146441765894,-0.004237582674311378,0.00020710864319452993,0.0032211695755088414
2021-12-29,0.00038045048004864434,0.0010264876352227635,0.0014032648907339696,0.001355630898741103,0.0026097507210451174,-0.02867247058178535,-0.02404227880624954,-0.03704529022680218,-0.028852905183452657,-0.02829139400936173,-0.004461703030257021,0.0010273304092618778,0.00015052365216584103,0.00031376222747091264,0.0018738061251136642
2021-12-30,-0.001522675024277136,0.0006240217474561391,-0.004045912985960852,-0.0005783302356120958,-0.0002952133999323438,0.016974196767416676,0.01579112126431248,0.019753636184345197,0.017119945479544492,0.017780369843062787,0.001560136941005165,0.0006237362330574832,-0.00340466985674439,6.011093482415536e-05,-6.380234966524085e-06
2021-12-31,-0.001103778985073085,-0.0011480831583993887,-0.00023787021393867718,-0.0010931421260923807,-0.0008139119658996274,-0.015267470914003978,-0.018476352917798256,-0.010859011747764567,-0.015816576017120023,-0.01779843992659681,-0.0034643943065615673,-0.0011391881721816886,-0.0009426713940613698,-0.001637029966915108,-0.0010927135163911318
2022-01-01,,,,,,0.029122690504778354,0.02980939647136727,0.02364183816775101,0.029187357999722604,0.02984776959124845,,,,,
2022-01-02,,,,,,0.015540556191764499,-0.0071632749620243975,0.015881361175891225,0.01386717236528334,0.008796842471885035,,,,,
2022-01-03,0.007893532580496581,0.0021457369242083614,-0.008430112449681112,0.003758257874382169,0.0011190673475616713,-0.020728701930202723,-0.018736877469807907,-0.017804782359288618,-0.02051852920575524,-0.021029050798404912,0.003123160162046698,0.002135984282930016,-0.00936214078019818,0.002711985860277526,3.077319268088396e-05
2022-01-04,0.008287326862424099,-0.0004715524583179065,0.0007318905800520947,0.004368681998392451,0.002561841009246879,-0.011764087452726647,-0.012065555013512695,0.008687307931515727,-0.01152010760781862,-0.01132304068627484,0.00494542447656564,-0.0004531217833132645,0.0007918589330569525,0.0038986728560523607,0.001352314309125787
2022-01-05,-0.009811024567845612,-0.0018088616498817425,-0.007791621472051938,-0.008807288190752478,-0.0061847818245617725,-0.06206812715046752,-0.05073406061509756,-0.06422404850925867,-0.060881521610869224,-0.059606603089082964,-0.018520541664949264,-0.0018056671301923976,-0.008995832161626721,-0.010735733195327899,-0.006736570135154737
2022-01-06,0.000596376931055134,-0.003970914442127862,0.0023566057896327363,-0.0012173486750048552,-0.0020352686396110696,-0.0008726027668847442,-0.009366159015892987,-0.03717306342804149,-0.0017749861923965166,-0.0014297905195173402,0.0003515469813984873,-0.0039637352706938835,0.003157175213850456,-0.0011646085509827086,-0.00253130579360567
2022-01-07,0.0013930725716407816,0.0043088072066666434,-0.014580939718629147,0.0018287368398500069,0.0011538346469361067,-0.040404478130600344,-0.037140704691869926,-0.06587795854818666,-0.04112612701842258,-0.04151728652477534,-0.005573185878732739,0.004297916080120882,-0.01550256758981658,0.00023375898867984696,0.0018497458815556747
2022-01-08,,,,,,-0.02093541927415324,0.004235994902819663,-0.03170407794247287,-0.019190798134730798,-0.016761377392100884,,,,,
2022-01-09,,,,,,0.00938373839620118,0.004256970472081843,0.02127405896064016,0.009068541412405496,0.007053020438215635,,,,,
2022-01-10,-0.006524926800297903,-0.0011588730501980312,0.0035717370479528606,-0.005932159762743741,-0.004853572572239831,-0.03018341787231781,-0.0021554853640055717,-0.02364136800640171,-0.02825036756973514,-0.026221099478205844,-0.010468008645634555,-0.0011679060595471392,0.0030266374708090163,-0.006937957443670104,-0.003959846701668414
2022-01-11,0.010108670902059982,0.0038094477528331882,0.0074131154038387746,0.0067443180540964825,0.0036535076522906367,0.03416218451646136,0.021869109453241508,0.05027854349203764,0.0340240530706843,0.03248623229865781,0.014117589837793544,0.0037891614501805813,0.008396288962130497,0.007674900169419094,0.0034593006871618814
2022-01-12,0.002808856818174212,0.0012386511075054849,0.008559488505711248,0.0028195676798168697,0.0016719795033939165,0.05390506305509349,0.028389418684672724,0.04142745718356022,0.0530369577378631,0.05254569712765364,0.01132489119099409,0.0012311185646258548,0.01033868083948178,0.004815561363978151,0.002035140104193897
2022-01-13,-0.005023576980461088,-0.0021424392892175704,-0.013647886418450562,-0.004386234102554132,-0.002787741457397495,-0.034351553179315694,-0.030888714484173418,-0.03676163434271329,-0.03463495419579092,-0.03421882651814226,-0.009911573013603521,-0.0021446684085396706,-0.013776356517011567,-0.005379939272722506,-0.0032644740205902177
2022-01-14,0.0018072024404420662,-0.0024247445630191586,-0.0009223789257127545,-0.0004793701720333968,-0.0019123059423095687,0.025946966258798367,0.011930269358978684,0.018998586244709736,0.02453775289053524,0.026311952432816296,0.005830496410168117,-0.002448427513548182,0.0002590121736670994,0.00044217681029343615,-0.0019202489026727194
2022-01-15,,,,,,0.008994754628404667,0.0018027786773091596,0.006202201749167192,0.007893653362074758,0.008242253017626034,,,,,
2022-01-16,,,,,,0.006503905118192477,-0.0014711291913973377,0.006122481592311331,0.007317945176731566,0.00993228001793149,,,,,
2022-01-17,,,,,,0.00046937886742684986,-0.02002436679096494,-0.041366808457560675,0.0008300241533850266,0.006498441991599756,,,,,
2022-01-18,-0.010761970773172893,-0.009109664825710587,-0.012296515129270241,-0.009513989905703141,-0.009415897380568972,-0.015388287946141763,0.002960482856131353,-0.015029639521672696,-0.016280318261603047,-0.018218299006993902,-0.011533023635334368,-0.00912502451365501,-0.012128282757521647,-0.009590898008689794,-0.008737173104531513
2022-01-19,-0.006784420342637872,-0.00042125717781799207,-0.01159990986040624,-0.004005413988883771,-0.0034666532867140883,-0.029012441761665654,-0.014897823244158798,-0.02155457545139228,-0.028078168086161384,-0.02826766124207001,-0.010489090579142503,-0.00044049503232344986,-0.012522650851165912,-0.0048754250132983686,-0.0029164522516573524
2022-01-20,-0.011862060931541647,-0.011040672983709622,-0.017128598286200045,-0.010679465885800413,-0.010452409236853253,-0.04252286623358551,-0.02548634039729204,-0.030591452089873686,-0.04106088163596484,-0.0397625930177058,-0.01697219514854896,-0.01103753511695022,-0.017871338997197367,-0.011760327557991234,-0.010590357590507131
2022-01-21,-0.012930960558085396,-0.004506513962446529,-0.01109867466430287,-0.009403683114073025,-0.007709198729641214,-0.115712541101666,-0.10381165615712487,-0.14767435465989753,-0.11572125131884758,-0.11342545494585893,-0.030061223982015495,-0.004512775130945555,-0.012600945770134585,-0.013293935398795299,-0.008430204153706301
2022-01-22,,,,,,-0.05885921527965914,-0.03914348468076912,-0.05971640752836038,-0.05737903069043169,-0.05514659024859912,,,,,
2022-01-23,,,,,,0.03875242717376981,0.03558509252717302,0.053990906269038685,0.03911903142771726,0.03802625609999072,,,,,
2022-01-24,0.002307455792883595,-0.005016394125513615,-0.0004898381993743203,0.0007619848012625731,0.000545852504916837,-0.02866215906522481,0.010406744495611056,-0.03735120652726631,-0.0264076188230645,-0.023374101269656805,-0.0028541466834678063,-0.0049846386400227835,-0.0015495013629498058,-0.00033169222763806977,-0.0001381945352307942
2022-01-25,-0.0033894377559069416,-0.004975586716363709,-0.0004867793327495472,-0.00493982799695132,-0.004787523444323383,0.0004887591135445126,0.00817572703087154,0.006385456601614824,0.0008144392194117541,0.00036610491209586565,-0.002743071610998365,-0.004975368980891115,-0.0002805651650751631,-0.004499900540294706,-0.004875094018479448
2022-01-26,-0.00884844116500199,-0.015976704581480067,-0.009706119903178819,-0.0108943146289598,-0.012406635805427979,0.005058996734153465,-0.0027570168785626594,0.004924891967899027,0.0048979656178878145,0.0050441717797045215,-0.006530534848476082,-0.015971962377115567,-0.008975018293228896,-0.010339109875178594,-0.012416049536581838
2022-01-27,-0.003411783232470778,0.00021925446000242414,-0.0018134925294854966,-0.0027173278142913274,-0.0013108233076216647,-0.008704446363619856,0.007763821260712277,-0.018244935331225953,-0.008303447762927392,-0.0063223380367840865,-0.004293893754328957,0.00021331057177439734,-0.0022772306157597005,-0.0028581521344903447,-0.0017095696293440111
2022-01-28,0.0168862597049742,0.016077322729146706,0.03270036244796558,0.01769165888669404,0.01825306226791874,0.025426408633765198,0.017397102127314046,0.05121368460412511,0.024819354364464263,0.02290727656554451,0.0183096178597727,0.016086109630089974,0.03250516469770511,0.018043260947063426,0.01796383224403362
2022-01-29,,,,,,0.014763887792000531,0.009364930838458243,0.01962735345885491,0.015002371209983382,0.014827459189812311,,,,,
2022-01-30,,,,,,-0.01730228000829739,-0.005783656346668667,0.0024573075711489213,-0.016576118116254143,-0.015626644429771797,,,,,
2022-01-31,0.014021638256743596,0.010882189045899026,0.007607380180865663,0.012884566885875155,0.010029534759399168,0.014535726144460116,0.014914536104501332,0.0325766642825882,0.015011209874239118,0.013671784213996337,0.014107319571363016,0.01087535495502589,0.007015665019523054,0.012686317635894227,0.010619443693661804
2022-02-01,0.010950258432124882,-0.002630219678459709,0.006488662610932674,0.006212769158753105,0.006450459756907953,0.023033684182255224,0.007218282412216494,0.0386263428385125,0.02235121027971851,0.020426186719408112,0.012964162723813273,-0.0025256304433548364,0.007096677333421169,0.006792666412251333,0.005495320467983756
2022-02-02,0.009991702955684327,0.011433206933351595,0.026918828200085888,0.01028070407692793,0.008608533068045867,-0.0392681340350189,-0.044064531012465845,-0.03913273557532226,-0.039385146334880036,-0.039807789456471815,0.0017817301239004546,0.01141380770662844,0.026328256278754045,0.008208960230265292,0.008902446599659596
2022-02-03,-0.00951382855415483,-0.0059303621343786165,-0.008019700724240091,-0.008443382425376332,-0.00681015696730844,0.015430349548788727,0.006437755157446559,-0.001375925132200736,0.014758291488065792,0.013386956094224972,-0.00535646553699757,-0.0059776928998202545,-0.006571568672196293,-0.007456354947138197,-0.006676753928345515
2022-02-04,-0.0009650934505631595,-0.003767533864116694,-0.003093830922729827,-0.00282703461080609,-0.006288866241046907,0.08722734863520698,0.11387446163431458,0.11362666703116958,0.08877724244771315,0.09138113237584164,0.013733646897065199,-0.003775908139043876,-0.002076927563257323,0.0006520314465287538,-0.0056111750742884325
2022-02-05,,,,,,0.009422977778614994,-0.0008678275403161406,0.01041071709708686,0.009446273361245181,0.009535875071614436,,,,,
2022-02-06,,,,,,0.02460039905956177,0.02334651689404518,0.014206593311191477,0.024321830387835523,0.023708030366656252,,,,,
2022-02-07,0.0023266470700742483,-0.0009665896772201405,0.004221111843682665,0.0011242189091266266,0.0004437757319136217,0.07049951598030699,0.033825379398448215,0.027798951436755853,0.06749301809951136,0.05846354916788652,0.013688791888446367,-0.0009608050489615257,0.005815093890781451,0.0037609326479988783,0.0005525512703404038
2022-02-08,0.004025120961881328,-0.0012200074575373654,0.0028488786553543238,0.0033121683623268763,0.004767871203175111,-0.0025026088809162687,0.005317325199988516,-0.00632052369720525,-0.0024976025592877904,-0.005422943688314027,0.0029371659880817287,-0.0012399001263101632,0.002049824805922912,0.0030090893085214098,0.004717753936875497
2022-02-09,0.0126067933136182,0.00646169335876612,0.019888908716284813,0.010319997499114924,0.008779521438201135,0.019764412626272824,0.006616616291774192,0.037420119536786214,0.019499594116921065,0.01983953001294031,0.013799729865727303,0.006434833323077445,0.019962877405210064,0.010449527418122839,0.009052898577911994
2022-02-10,-0.016922118858680186,-0.017326849498937036,-0.0191068752896662,-0.018016950482953428,-0.018281545300962442,-0.026291180600430487,-0.017379977709167327,-0.05000061799033159,-0.02581341240173126,-0.02469413958984492,-0.018483629148971902,-0.01727794028816546,-0.01836258035995708,-0.01834148257226088,-0.019796105030984803
2022-02-11,-0.010206802133622505,-0.002786200848410112,-0.006119707241761335,-0.008458233255005936,-0.00813115375501963,-0.05987846010561804,-0.029935641296406742,-0.048773193196199674,-0.05845969143512618,-0.055955264904020835,-0.01848541179562176,-0.0028591442544926744,-0.005951508924938104,-0.010067239891377922,-0.00910952010016439
2022-02-12,,,,,,0.004881581624613972,-0.004260810850807823,-0.003423108656365847,0.004374074186342578,0.002187614534943886,,,,,
2022-02-13,,,,,,-0.0009595511905362893,0.00025799566459705324,-0.011619882910758442,-0.0007636782399005199,0.0009570426787505408,,,,,
2022-02-14,-0.006341009055696149,-0.007845643928625528,-0.006888957342516126,-0.006097168501568439,-0.004813461102551281,-0.004873680716226226,0.008570994974288577,0.017345677203978144,-0.003968367813683066,-0.0023704380230512977,-0.0060964543324511615,-0.007856991153134676,-0.0076215101855408255,-0.006081438984031763,-0.005230143612691071
2022-02-15,0.0104701416520558,0.0022152896520527287,0.0025486911114816994,0.007631912654312664,0.006822288197361015,0.05531791979116257,0.0457666505900915,0.0839952128620211,0.05471287085406975,0.05153627556844618,0.017944771341906928,0.0022340868097828247,0.002368166903019404,0.009143941913253422,0.006749201223006821
2022-02-16,-0.0004521061122067474,-0.0017602309828111872,0.001616631716516604,-0.0008490303622343151,-0.0009931171433779434,-0.01540312500919441,-0.013083928104586444,-0.016367650670717767,-0.015466034615322402,-0.014973547713556567,-0.0029439425950380242,-0.0017441259669375515,0.0011116771867706247,-0.001372433401632492,-0.001332243305067046
2022-02-17,-0.01523585324930586,-0.006758649176497514,-0.014462048017427676,-0.012333141271340317,-0.009468805749704191,-0.07783500010761192,-0.07640008517751601,-0.07876007915331673,-0.07738770576385087,-0.07573037056348958,-0.02566904439235687,-0.0067879989808727805,-0.015054625585822407,-0.014638803416176878,-0.010629427220646005
2022-02-18,-0.008409016441980766,-0.005450943905252633,-0.008770030956341122,-0.007207455227119915,-0.005831528901476717,-0.007808763498197359,-0.01058170105233633,-0.0332309543276664,-0.008175918671598819,-0.008289640267225949,-0.00830897428468353,-0.005457305933649663,-0.008758342145094388,-0.0071417551572970665,-0.006184421345430725
2022-02-19,,,,,,0.005728448292466137,0.0026265800891769127,-0.007906863423876902,0.005368102685719511,0.004075729386076813,,,,,
2022-02-20,,,,,,-0.04326270437002942,-0.040587491375061215,-0.04886661978848282,-0.04295485527925755,-0.04115002022182264,,,,,
2022-02-21,,,,,,-0.0626345494325867,-0.0356220740973187,-0.020859493650194624,-0.060795726883179205,-0.05689972475191815,,,,,
2022-02-22,-0.006636163123505223,-0.0040365071760623495,-0.0069186160645215876,-0.005305975232294346,-0.004606212769308031,0.039267972983908536,0.03417771563989778,0.02544204798341478,0.03887552453409335,0.038498653650891626,0.001014526227730404,-0.004060525251915675,-0.0056176601339667665,-0.0035054682557750113,-0.004613153890378518
2022-02-23,-0.011444759515712766,-0.0027241489072436804,0.008038495227123969,-0.010093977257927147,-0.010748811366799152,-0.020894244531552655,-0.02594791884726431,-0.018542685538320388,-0.021007643263370214,-0.021474286255243065,-0.013019673685019413,-0.0026585441179445947,0.009037541881448069,-0.010416034933209448,-0.01114976330563537
2022-02-24,0.00664616201331293,-0.001025800678592796,0.001650865255662404,0.005104368228910551,0.003055735748725854,0.0018385094903915378,0.025681910730360837,0.0029754631265472824,0.0034928342965133167,0.006197132448928626,0.005844886592826033,-0.0009970743437577648,0.0007615562112418805,0.004731385490240222,0.004030655554389409
2022-02-25,0.025427521482620962,0.02616766290710605,0.03511808493308839,0.025604166520152637,0.02614990371629287,0.0426568023198654,0.018879595977683673,0.06407398153092878,0.04099881231980295,0.03344804101449798,0.028299068288828364,0.02613152563441231,0.035400549868503765,0.026311077288124207,0.02611801209490294
2022-02-26,,,,,,0.002904508069891176,-0.0025028553309724964,0.005996005841990339,0.002888638350953075,0.0022865948688893132,,,,,
2022-02-27,,,,,,-0.04140870790385846,-0.034779201033781404,-0.057282867108741524,-0.04114617748662819,-0.03841101561843003,,,,,
2022-02-28,-0.002195598379704531,-0.005009178340964716,-0.004297876824528613,-0.00426181658571057,-0.006437308972005752,0.1008640657054067,0.1386207605369431,0.11343321941725866,0.10270284036312124,0.10571483480650465,0.014981012301147338,-0.004958620506896494,-0.002546011366584506,-0.00013833094278009101,-0.0056066055497196576
2022-03-01,-0.012896231197349312,-0.0018176128497621158,0.005623849234781084,-0.009954438151660276,-0.0095812471047091,0.0031196221938872945,0.023336881983214663,0.01881928151095835,0.003908519146629117,0.006172928499212433,-0.010226922298809876,-0.0018134045046090958,0.006034877699658166,-0.009163998243375413,-0.008916256788073373
2022-03-02,0.019780619392027854,0.012060265770749907,0.019421424587131288,0.01715095798034619,0.015378413006060682,-0.018961438742063776,-0.00973653271641025,-0.0076676670491929826,-0.018408475821138505,-0.01791964103691498,0.01332360970301258,0.012071287576018691,0.018160739185641518,0.01564475968796295,0.014304902337097742
2022-03-03,-0.0008418490610408497,0.008436322659696016,0.008257579561509883,0.002543487476098928,0.004756971571856073,-0.01945143008743081,-0.03209059247977637,-0.03882897740224662,-0.020372738939493307,-0.021838470941537666,-0.003943445898772509,0.008432110083205558,0.0088663854386635,0.0018466713747433267,0.004833633047822517
2022-03-04,0.0018169686926337767,0.006825700461341153,0.010524801255213108,0.0038786733758818283,0.002431003325570925,-0.0696371325993718,-0.06978733800539016,-0.07675988077111522,-0.06955686173669412,-0.06814552443461075,-0.010092048189367153,0.006811480421892895,0.008490633184976342,0.001117658375941446,0.0030354033180826187
2022-03-05,,,,,,0.0252353977196617,0.012136316389153341,0.01746232997787629,0.02442849386386274,0.02252978288753949,,,,,
2022-03-06,,,,,,-0.036850288741983914,-0.024899493966872962,-0.040131113163824006,-0.03629730382785291,-0.03536959844314747,,,,,
2022-03-07,-0.01776749892036473,-0.008814916550440813,-0.009657859569467762,-0.013600505006769762,-0.014926401852032135,-0.01777702786344355,-0.008421301688485393,-0.02155410001012577,-0.017550568165786807,-0.016448943305685738,-0.017769087077544526,-0.008799063785920058,-0.009496348499046134,-0.013522082726649707,-0.013820804198521329
2022-03-08,-0.004451663647359793,-0.01365444042561287,-0.022343181978567155,-0.007817066105492727,-0.009287854434745092,0.019149664845266434,0.020135168028786336,0.030708499364097076,0.01963364399813471,0.01986007338249519,-0.0005181088985887563,-0.013636799699939068,-0.022041706324252282,-0.006767469365301504,-0.010863573976973996
2022-03-09,0.015019626125899074,0.0043944470070854036,0.00809345398028053,0.01176134606291594,0.010741370775965615,0.06142501332371159,0.0703169067012537,0.06099106755879324,0.06176311947270511,0.06062864099874441,0.02275385732553449,0.004382117605690514,0.008275959591745624,0.013518446256586032,0.01132403989444298
2022-03-10,-0.0008810613935192377,0.0016710714655712377,0.007996468813833243,-0.00037909908858570836,-0.0015531441486245565,-0.04529719373610162,-0.053005806983095205,-0.0456467737113619,-0.045681185559088254,-0.04575252101590345,-0.008283750117282968,0.001670413542560827,0.0067320781542043835,-0.0021387214115984993,-0.0007981237791680198
2022-03-11,-0.008321164119682882,-0.005394118644788577,-0.0067758741300528785,-0.007682128075400412,-0.006614303350859352,0.00725138935331222,-0.012374278367923394,-0.01843994815130058,0.005576069161240544,0.0015730846627567577,-0.005725738540850366,-0.005396942580821335,-0.006703266171516184,-0.007050115547399654,-0.007296237049079947
2022-03-12,,,,,,-0.0003131008534325579,0.0006533650434233133,0.00573014684931285,-3.0473278666229677e-05,-0.00022403089881393144,,,,,
2022-03-13,,,,,,-0.026829848389654964,-0.023366292124501215,-0.022031524066855827,-0.026447170663581328,-0.025147351365854134,,,,,
2022-03-14,-0.009521426509802984,-0.004691273955978977,-0.011026992900797977,-0.007702259462191789,-0.0030489190543345874,0.025832757715324072,0.04205401634715685,0.02976516908328785,0.026541141883332463,0.02689238001867348,-0.003629062472281808,-0.004698271475953438,-0.009621233545649881,-0.00610477052909737,-0.004982284836776763
2022-03-15,0.009821014009503295,0.007414917670963266,0.007545105867880802,0.00948660438249971,0.01078981387152118,0.002887432540878421,-0.00583983011247129,0.010081100350370865,0.0025943845973180712,0.002083472119390168,0.008665417098065818,0.00739378806117625,0.006163546879289809,0.008917523026365047,0.010985469529522654
2022-03-16,0.01583014592972459,0.005875719334778843,0.005928336661185787,0.012790981069217151,0.010975983766067027,0.041546730983816206,0.03969701716823718,0.057183229086533345,0.041319337614626826,0.04063646269012496,0.020116243438739863,0.00586647910010136,0.006539072057523343,0.013669100574619576,0.01214794941071191
2022-03-17,0.014569366617528789,0.011355584897931375,0.01962454359019498,0.013435198729911967,0.012717379267391285,-0.0021367286149943324,-0.004683093782423948,0.01411986078092686,-0.0021756203691553995,-0.002496550312130985,0.011785017412108275,0.011342577222739816,0.019639786550640664,0.012888700065287775,0.011318341605949772
2022-03-18,0.004900691902451892,0.0032065368736865873,0.007013580391151195,0.0036506074081528663,0.003579494934158731,0.02287071412696635,0.019712837746464953,0.04467773200926726,0.023093766270697706,0.02252492790482681,0.007895695606537636,0.003214056830335664,0.006765659907807016,0.0042867681134673066,0.00407075950587502
2022-03-19,,,,,,0.04889256616829627,0.008335711828473742,0.0009010962730594519,0.04641232681194384,0.04574367086955768,,,,,
2022-03-20,,,,,,-0.0008807548129557868,-0.019830069191837885,-0.028676686430030258,-0.002307869933524937,-0.001337131670179151,,,,,
2022-03-21,0.003616403556229849,0.002587212865872811,0.01473811493469657,0.002527016560540902,0.0004951714678752125,0.023983811636451396,-0.0024581225868325956,0.011985612594472837,0.022442543766921626,0.02089640370663647,0.007010971569600106,0.0025841329012149545,0.014232684056349287,0.0033840093739872378,0.0001088607799119468
2022-03-22,0.0055469342443239394,0.0044798900842471295,0.0021604568040982904,0.005239358454310223,0.005472809818338737,0.06288462575961842,0.030349857780152978,0.02627754849366047,0.061410113472614124,0.060929201706085546,0.015103216163539686,0.004481423796208927,0.006496493777633268,0.007359413654333474,0.005595365682167392
2022-03-23,-0.009675333619606638,-0.009373280664520077,0.0006859960345713816,-0.009050043776069248,-0.009773569162059476,0.012081167675711223,0.012955922732814014,0.019035548303424812,0.012356170786187752,0.01530785883216725,-0.006049250070386995,-0.009378381689287531,0.00020444196295242806,-0.007985046680619503,-0.009387195963262684
2022-03-24,0.010775713212324893,0.006455528067158185,0.01884460993329197,0.009122260096130135,0.008589804943095612,0.02453322843609056,0.023924895154988374,0.0253688968661564,0.02428174700737189,0.025277456120547704,0.013068632416285838,0.0064608545979744055,0.019034412474513616,0.009531516618712172,0.009024569360800204
2022-03-25,0.009012400337871583,0.008596917223861272,0.01095849302623176,0.009289527005401102,0.008547617595368713,-0.011489590412916785,0.004437472146016995,0.00016046907564804016,-0.010625304913603955,-0.009717961184495794,0.005595401879406858,0.0085989093734684,0.01094114182997245,0.008620466856659922,0.00870753428874221
2022-03-26,,,,,,0.009594654493158005,0.00733631358815931,0.011205563965018858,0.009666754387997582,0.010642537436639486,,,,,
2022-03-27,,,,,,0.042547875454710636,0.05098870241344655,0.047535171468296146,0.042954993258456156,0.04439785837284754,,,,,
2022-03-28,0.0008465485017869987,0.005539190926271963,0.0019175625967920939,0.002943026964878311,0.0052372900268279005,0.00445177065782223,0.005226667495516572,0.013221531092392796,0.003862764891338608,0.005031042662105313,0.0014474188611262042,0.005536156341326399,0.0016126940566233373,0.0029413382656011755,0.0058393609662248476
2022-03-29,0.012421936723784475,0.012705782366893912,0.009240782968793196,0.012432818346874633,0.013172810605348258,0.013999177555741139,0.006686495437284722,0.01877199197723818,0.013745254816213692,0.013702168437585056,0.012684810195777252,0.01270045383308687,0.010197650581102297,0.01244037741309651,0.013604974554034404
2022-03-30,-0.004279865159334702,0.0005428336768675127,0.0007782168125565452,-0.0022296239069431933,-0.0015439431970064588,0.009501167971384695,0.002076749486691857,-0.005179535890362111,0.009378315462942495,0.010221168385336543,-0.0019830263042148024,0.0005426543373495394,0.001171429126261316,-0.0016868535216316325,-0.0007529269979187906
2022-03-31,-0.014612859704207257,-0.008934552549481757,-0.011045660621703963,-0.012466759890327804,-0.0109676170736298,-0.03077250341725826,-0.02500923090913462,-0.03069736461624872,-0.029547676422542718,-0.027944953759459774,-0.017306133656382425,-0.008927747579906976,-0.012017442140391143,-0.013128008875566267,-0.01187191194456453
2022-04-01,0.006186125023239843,0.009080981843450589,0.009488787657020924,0.008431760882330564,0.009946029010425692,0.01314246889255092,0.015627142951707355,0.04903462417600826,0.013524912577862952,0.013674385235245954,0.007345515668125022,0.00909399375015593,0.009403585354058115,0.008790065358205534,0.009903282541441814
2022-04-02,,,,,,-0.01024608862981643,-0.012454003875359013,-0.001430741230782725,-0.010292823091850863,-0.011651552847675085,,,,,
2022-04-03,,,,,,0.019144810628382403,0.008945909170151069,0.0225318474333301,0.01848236781045469,0.016738995815839684,,,,,
2022-04-04,0.0023851263573864533,0.0029055719863213744,-0.002981101269345308,0.0013024681799795761,0.0004892495445091187,-0.006553388346854017,-0.006034649806723717,-0.0015590253725759643,-0.006636857903757353,-0.0056827922608660795,0.0008953739066797081,0.0028899883365771342,-0.0031154844118466756,0.0007796839205546416,0.0004978924715071627
2022-04-05,-0.01069834050561134,-0.0044831060125139635,-0.003074856278378115,-0.007033990829777425,-0.003602349841901467,-0.028460521862655356,-0.021993121199099998,-0.029896505352396824,-0.028088498547179055,-0.028937225976334666,-0.013658704065118677,-0.004476038903590074,-0.003450639314207703,-0.007704152204265413,-0.0034036880470730826
2022-04-06,-0.0012633246356550418,0.011058720738850282,0.01658283487005856,0.003873642476402064,0.00890419901942263,-0.09165544300198733,-0.061577538975040036,-0.0702833949433493,-0.08990823457408685,-0.08978352361091856,-0.016328677696710422,0.011056319898933468,0.014994968724326273,0.00037314774177721257,0.008420572180890925
2022-04-07,0.0016102370143205452,0.0035227456487522645,0.013137324083597511,0.0020777655598546245,0.0021611294235359237,0.0361365525133895,0.009915797037398574,0.020368938676642804,0.034431395921784326,0.03463555637345358,0.007364622930832038,0.003512105120571951,0.0155633823028078,0.0033323269718624673,0.0032150496000644658
2022-04-08,0.0031541323434364893,0.007100817258655248,0.004784520592667312,0.003892323911382411,0.004289882216135103,-0.041862478758459706,-0.028418262156521434,-0.014590634397579898,-0.0407753925111598,-0.041410081032132146,-0.004348636173546209,0.007100879733193892,0.004167982897304696,0.002257973382003329,0.003871352833778303
2022-04-09,,,,,,0.01842106310011493,0.014800707894488008,0.02131682614569404,0.01824778876334682,0.018649892572934465,,,,,
2022-04-10,,,,,,-0.01700182837889297,-0.015854633268956177,-0.014964954541291674,-0.016964001078371135,-0.01753882118059199,,,,,
2022-04-11,-0.011840453695113766,-0.014208702671733638,-0.02542836120595857,-0.011596214744711215,-0.010504379294908927,-0.08038746598850147,-0.06505888360608637,-0.07244429900760954,-0.07949200087239372,-0.07863324193904139,-0.023264955744011717,-0.014257493494640512,-0.02683278316994459,-0.014326449358808297,-0.011955251832417614
2022-04-12,-0.0008602131354637923,0.0027295449484935662,0.003931107074139577,-0.0006306230604173279,-0.0010756285326393245,0.0283449435915488,0.019217049540329875,0.017430427119706278,0.02781909769817395,0.027709609465417978,0.004007312985704973,0.0027608279036301767,0.004460414078183593,0.0006217418637833535,-0.0013620693259412716
2022-04-13,0.009111691535789813,0.00619852080488326,-0.006536257143767324,0.0072640805940152806,0.0050435660909542495,0.037169341846512015,0.025932381136460007,0.02787536852650333,0.03707887528266093,0.0333687147692782,0.013787966587576849,0.0061829801120041675,-0.007354563540039991,0.008318653449134924,0.003929229983325752
2022-04-14,-0.0021576094399995685,0.001768705733846581,0.006708499419848538,-0.0009435392226036631,0.0001334556719168537,-0.02365856424583321,-0.027892934492137818,-0.029393465237144457,-0.023927716462102098,-0.025314173137770967,-0.005741101907638509,0.0017915158741738026,0.006586755570420001,-0.0017557065308225978,9.39499046881992e-05
2022-04-15,,,,,,0.031038335249899567,0.019203682621640766,0.011465600358364823,0.02982531130436646,0.028618851641491166,,,,,
2022-04-16,,,,,,0.01442141326466836,-0.002006113009706239,0.006309434526272668,0.01302947152155991,0.012426504295041016,,,,,
2022-04-17,,,,,,-0.038583655169079335,-0.02029040043605172,-0.023366090802233896,-0.03728461249933595,-0.03609454912889924,,,,,
2022-04-18,0.0008561339045568395,-0.004574878686885494,0.0020222517433277883,-0.0014945134955364448,-0.0041638146882392955,0.022289250330103764,0.02630553543394576,0.021343872815872796,0.022654197212314223,0.022825749519935733,0.004428319975481326,-0.0045077634574837225,0.0017110461043833823,-0.0004852895191517365,-0.004056783890524422
2022-04-19,0.012514123824200307,0.008647838675922458,-0.004561887168629792,0.010773586952857996,0.010923810534877338,0.021499995707293638,0.020039655071328915,0.014840321939874628,0.020923629497488393,0.02235737508324057,0.014011769138049194,0.008628853604071403,-0.004195079723041716,0.011057204965632068,0.009578728604226686
2022-04-20,0.0015008733592365077,0.0025642839052402574,0.004722295467179542,0.002840236415773376,0.004607434863347302,-0.012096637850906011,-0.00536271487351095,-0.009773592592784215,-0.012113901945662621,-0.010109878794726176,-0.000765378509120579,0.002607892146764072,0.004758855647941488,0.00239680033428096,0.004571905198028545
2022-04-21,-0.012365582660085608,-0.010608791718490239,-0.017394413006118225,-0.011401529049981754,-0.007446588276817869,-0.020877854849308077,0.023269884504987702,-0.029080481311532114,-0.01746614501167796,-0.00895829642897613,-0.013784294691622687,-0.010579975967688723,-0.017073268871776022,-0.011525799094992193,-0.006922113119989386
2022-04-22,-0.02310687701405425,-0.015774508780970184,-0.026805312331049276,-0.020903794837972462,-0.019832251873070656,-0.011750225224195167,-0.031873491298794646,-0.008280140911255724,-0.012753524072556971,-0.015980416285795974,-0.021214101715744404,-0.01574047566245075,-0.02574853792667803,-0.020523193842595072,-0.01848152035327156
2022-04-23,,,,,,-0.01286054767525191,-0.0011472732131771572,-0.009436992912826675,-0.012166148266099575,-0.01104855519899277,,,,,
2022-04-24,,,,,,-0.013762498814561453,-0.008163642912060114,-0.005687994101751144,-0.013466826759259675,-0.013826801065367078,,,,,
2022-04-25,-0.002562322005097424,-0.0014345664603895288,-0.006935746919779315,-0.0026288553881806905,-0.001568217099973146,0.01016629986165194,0.016746246019193153,0.027468278307636745,0.010755213584276401,0.01090393527675294,-0.00044088502730586316,-0.001455462749131685,-0.007023498292677553,-0.0022258640601449534,-0.0011118739807561512
2022-04-26,-0.02058994664206025,-0.015989804783721282,-0.010076058382430588,-0.017909245964898683,-0.014866999131216878,-0.06831752801509475,-0.05632580767757772,-0.06737726771900422,-0.06750333711239907,-0.06675785565386104,-0.028544543537565997,-0.01598697967661614,-0.011027027791001775,-0.019769686188511094,-0.015901835847157254
2022-04-27,0.0004532832337849469,-0.002912363541146128,0.0012268024572831533,0.00023228025856534293,0.0010104430701586699,0.0244208828580192,0.02718100184143293,0.02797080724761346,0.02467056230180569,0.024516721960938598,0.004447883171157322,-0.002912720952557049,0.0018879233175522168,0.001256061580023921,0.0009211333027069318
2022-04-28,0.0175969767603209,0.015415236336247076,0.018869924496554537,0.01597264395483426,0.013457497311003574,0.008911743483814662,0.012170622011195599,0.014863676863064227,0.008939252679312617,0.009451966604412915,0.016149437880903197,0.015438753053102652,0.017733604026262114,0.015573819294208239,0.01274164135612823
2022-04-29,-0.035137233680550675,-0.03135398125493547,-0.05324497771652346,-0.0338767086969362,-0.033655187958556425,-0.03646867383836265,-0.022251881077635503,-0.041913659786806064,-0.03571997541764525,-0.03353435662796343,-0.03535914037351934,-0.031354614510946996,-0.053915600751882016,-0.033878516017319345,-0.034824108004473824
2022-04-30,,,,,,-0.053359876819118274,-0.02016525672473645,-0.030911066498709908,-0.05095788043117129,-0.04986793915825508,,,,,
2022-05-01,,,,,,0.04733577045165833,0.043140357114048955,0.035737238600731795,0.04773728706106903,0.05115172277552338,,,,,
2022-05-02,0.004282752066340887,0.0005864675071638555,-0.013120054600683738,0.0012721656419142496,4.230548263629372e-05,-0.003150579813704691,-0.005064768895934925,0.010486865128902696,-0.0033293262331680388,-0.006040495449806807,0.0030438634196666248,0.0005868204370871842,-0.013120058956002415,0.0007354023484386674,-0.002914651251154377
2022-05-03,0.006419254004216235,0.0026980951815826337,0.008330069893791078,0.0053268062257300864,0.0045558201199947185,-0.010712090547274924,-0.005068755372258003,-0.025874505818675075,-0.009885835187861288,-0.007247547862985027,0.003564029912301042,0.0026906223919035245,0.008330063616188965,0.004556228234405817,0.0032322105307203853
2022-05-04,0.03059747582803359,0.02455372763090984,0.017518610693239713,0.027868541301813692,0.027540474367137333,0.09768777207422855,0.0812977962258006,0.05646480841047273,0.09749037038434431,0.10309177730559797,0.04177919186906608,0.02456757313889822,0.017518591031213136,0.030793697691038336,0.02648277157566026
2022-05-05,-0.02522333353713442,-0.014916383804416105,-0.023691096451697438,-0.021383277371287927,-0.018227898202742805,-0.08792760957755685,-0.09060951806156307,-0.06509852608755544,-0.0882024227930449,-0.09124371858940433,-0.03567404621053816,-0.014936532844683792,-0.02369110067658295,-0.024068504456129146,-0.018679433607542064
2022-05-06,-0.0037348140552296684,-0.005830394491358069,-0.0007446671986986949,-0.003719265873344815,-0.0030800952531253186,0.009911536356464605,0.02126630986155082,-0.019726880303197487,0.011724789516842644,0.017025166943719805,-0.0014604223199472903,-0.005818241371699187,-0.0007446881767302764,-0.0028468551101630754,-0.004555518805593345
2022-05-07,,,,,,-0.025861551667197516,-0.01892442486487603,-0.021850523755786118,-0.025620634497684647,-0.025271433392075177,,,,,
2022-05-08,,,,,,-0.019123252337417542,-0.021260871265658596,-0.045003365150451835,-0.01888511168198167,-0.017162303771100545,,,,,
2022-05-09,-0.03505511084284932,-0.014145252739261063,-0.05246408265215511,-0.029208373394010532,-0.020703335799582747,-0.13858540201932165,-0.12154265037905182,-0.10805714698013374,-0.13787919169921625,-0.13690923107127081,-0.05231015937226137,-0.01417854233078826,-0.05246410833933827,-0.03380987512671343,-0.02254810556541447
2022-05-10,-0.00435015726679066,-0.007996227516790572,-0.008497700803890168,-0.006183355269924234,-0.007911014814705113,0.03548752611899277,0.0296627813266754,0.043680073778310284,0.03579469817165705,0.03496822691528479,0.0022894566308399125,-0.007983601811922248,-0.008497696618087837,-0.004526749461616455,-0.008039115081553467
2022-05-11,-0.003418132781437833,0.006948046718692597,-0.0012393485533347425,-0.0003373044519855742,0.0006065290777384691,-0.14409244004091043,-0.05998570027492601,-0.11581014355526466,-0.1387833643484188,-0.12862905381348383,-0.026863850658016598,0.006935785315967975,-0.0012393493216031378,-0.006639215553921646,1.836419157181363e-05
2022-05-12,0.0022033135934364755,0.007159388786505077,0.005831904612351517,0.0033203057311678103,0.00556616740260376,-0.04872558742882796,-0.01699505635905673,-0.05328248829405902,-0.04754893061293457,-0.04786834922951947,-0.006284836576940928,0.00714191367957195,0.00583190414902767,0.0010207288960966305,0.0060116887685572875
2022-05-13,0.022291124944625016,0.009875961313184104,0.016164053871979077,0.018073194139784313,0.01392495484966274,0.06680643620759522,0.027693432821097073,0.026872933410718582,0.06532449027258434,0.0655070716359153,0.02971034348845338,0.009892454318340821,0.01616405315409051,0.01987808440998012,0.013868922171139601
2022-05-14,,,,,,0.021150943771016485,0.017192846802379026,0.020778065161833222,0.020630488315131677,0.01980314603800577,,,,,
2022-05-15,,,,,,0.041672055707046005,0.031137887075586373,0.043492678775346655,0.04077016862413562,0.041017609760262294,,,,,
2022-05-16,0.0013181692032246065,0.006131144427251164,0.004251504669673713,0.0027198084190968737,0.0034989876963689905,-0.059615598921542265,-0.04588393424382639,-0.05731483709692376,-0.05896539227200615,-0.05733229431151678,-0.008837458817569869,0.006125851450067473,0.004251506506475279,-6.097725028750224e-05,0.0030381293493717027
2022-05-17,0.019450539934054743,-0.002897113774474219,0.007664049005157768,0.014057233437487637,0.01058517445074479,0.04388035967930752,0.024661995827891428,0.0334613927641423,0.04280284462097374,0.040319486806231764,0.02352217655826353,-0.00283063191695776,0.007664048704164776,0.014969185877065501,0.007876317905217405
2022-05-18,-0.02801387185213911,-0.02456272520103343,-0.03171766773820209,-0.02506364242438217,-0.0232514566870503,-0.0793407584536161,-0.048078239623468105,-0.08311915841461578,-0.07744354761994643,-0.07422788126329453,-0.036568352952385266,-0.024546550758566987,-0.03171764734216336,-0.027316241044821003,-0.02512610926320572
2022-05-19,-0.0018228315479148114,-0.0053086360734809525,0.000765253491704216,-0.0019945310811902684,-0.0027627218238754194,0.047506905607711224,0.05162231087620441,0.053050754503766374,0.04742439022296997,0.04610973006678505,0.006398791311356195,-0.005297639833623097,0.0007652691272225106,0.00024480719625757713,-0.0019290560972973145
2022-05-20,0.0006859801810684973,0.0029540297853346727,0.0021436310671647347,0.0027885193119662056,0.003263027241334883,-0.031759637146683804,-0.035453523404972695,-0.028251243936057383,-0.031703334251850956,-0.03190988269930154,-0.00472162270689022,0.0029447875289364926,0.002143628176312047,0.0013276508200657244,0.004117483276284333
2022-05-21,,,,,,0.01647804411295526,0.014295834480953982,0.006731520527228945,0.0164233992303461,0.017931141884935088,,,,,
2022-05-22,,,,,,0.03472782004763588,0.035467402393089695,0.03476891305694487,0.034887498691048194,0.03612495101787086,,,,,
2022-05-23,0.019290594368582815,0.017135298050251678,0.015380339806950024,0.017291405749426045,0.014949584964775104,-0.03280431624764311,-0.03686181784714913,-0.03474418451813721,-0.03315680576015043,-0.033004697322748314,0.010608109265878497,0.01713563124206751,0.0153803343075806,0.014808065633370632,0.01407279510631203
2022-05-24,0.0004160499764193643,0.009833834322514954,0.0030527677065357514,0.0048108111441220605,0.0073998252811656165,0.03203904359740626,0.027057658409972207,0.003448415875253307,0.0313711889876641,0.03404286051813968,0.005686548913250512,0.00982154435571456,0.0030527649815207778,0.006401917516500783,0.008695535600138457
2022-05-25,0.008934932428617256,0.005413010321271194,0.010692810617714694,0.006944192062217296,0.005942307265667536,-0.009345323136245278,0.008051266789057205,-0.017258819749310178,-0.007933627311562774,-0.004079841433708588,0.005888223167806834,0.00541842825108727,0.010692804829883122,0.006116787574500743,0.005210385289478403
2022-05-26,0.015234428874930364,0.005737965088126703,0.009339975255602932,0.010683473607102282,0.008265669861273433,-0.05070413016976659,-0.013511896865135556,-0.07245605236746351,-0.048866874121908606,-0.045501648151882235,0.0042446690341475385,0.005741348396760887,0.009339974273359435,0.007682151892521267,0.0063140031572221575
2022-05-27,0.01958241057376831,0.010928142299268279,0.019127231423464085,0.01703547557650233,0.014225657212231712,-0.02852164180232375,-0.02172168234135545,-0.043788400029287376,-0.028619601270734155,-0.02723109161143174,0.011565068511086298,0.010949070886386409,0.019127246499841502,0.014758165642588222,0.014116032650473695
2022-05-28,,,,,,0.01804435320543567,0.00681952700348722,0.01914225953266713,0.017378623518518085,0.016546455356557205,,,,,
2022-05-29,,,,,,0.02776182819934858,0.015336559121096036,0.030768501122035552,0.02683329347005718,0.026562714218032645,,,,,
2022-05-30,,,,,,0.08357793585561525,0.0683159202623175,0.10176993535099793,0.08283141137389238,0.08277620494076567,,,,,
2022-05-31,-0.007686832348451913,-0.009250874455999295,-0.015409553567538557,-0.008132964730986686,-0.007949492214364029,0.011728387575256228,0.004001422454905744,-0.027104869889641833,0.01168171731604809,0.01414210633634007,-0.004450962361167223,-0.00927310717814301,-0.015409550301528352,-0.007252185163691306,-0.008806509131104439
2022-06-01,-0.005248085487194567,-0.005548915862282871,0.00039271503538108817,-0.005405034329833063,-0.006100934771114164,-0.0710803050374161,-0.04999585914370519,-0.008516339710219437,-0.06875568489718246,-0.06703906392632793,-0.016220122078898152,-0.006200951615899859,0.00039271009359665137,-0.009102943924694122,-0.0074769997723192925
2022-06-02,0.014666480722361935,0.0030217216998329865,0.0017620190977230678,0.011316917810546251,0.00837586506902713,0.0241083992323192,0.01926480412805172,0.008924915904946063,0.023134312744109257,0.023322234754221807,0.016240133807354812,0.0029774470073019774,0.0017620105075225995,0.011643055384284385,0.00919841295636896
2022-06-03,-0.00828168804204499,-0.00529896872972253,0.002197430486504387,-0.007404455548051102,-0.007063939236812429,-0.02621997954174823,-0.02773384120439986,-0.03651199348035505,-0.026305589278793142,-0.02580327640868596,-0.01127140329199553,-0.005340383773968886,0.002197436311238767,-0.008354116335997936,-0.007445939975282042
2022-06-04,,,,,,0.007294771740642957,0.0010680642202981296,-0.009575553603478375,0.006818588882832827,0.005113188960414288,,,,,
2022-06-05,,,,,,-0.004211390828016736,0.004981289277015483,0.013177089958018568,-0.0036153414165565148,-0.0014901569088984128,,,,,
2022-06-06,-0.0004726634839063059,-0.004582735135422407,-0.0029692662600665524,-0.0008995024805040598,-0.0019222399988134036,0.02920144611179571,0.03828132068577438,0.0034263556344134496,0.028889178531954447,0.028901037220209074,0.004473021448710696,-0.004041304140794116,-0.0029692699886485104,0.0007907198009410164,-0.0007487826399122158
2022-06-07,0.010212564518665375,0.007672654003022364,0.013331559948451376,0.009197293308003103,0.008776431259030253,-0.011969793902402005,-0.004368168681593126,0.0037697449969036284,-0.01157620014688894,-0.012426671192724035,0.006515504781820811,0.00732863275478151,0.013331563898875845,0.007915578396607252,0.007668775023042325
2022-06-08,-0.01288874606797629,-0.009563588634783507,-0.007549905272596063,-0.012441231135628665,-0.011768093696065242,-0.013612383477299806,-0.027059458737188544,-0.016777864091887747,-0.014633043357587684,-0.012492928239392775,-0.013009352302863542,-0.009946260805662927,-0.007549898613286754,-0.012580792405649889,-0.012139195689177188
2022-06-09,-0.02355902207801281,-0.022726885013458112,-0.02480628234890515,-0.02232021633938082,-0.02096411820012271,-0.006290799584613549,-0.0016082100064068881,0.0042040429958103325,-0.005721182220283126,-0.004840098578208942,-0.020680984995779597,-0.022487947233511975,-0.024806288989385847,-0.021309121201630324,-0.020495154379200246
2022-06-10,-0.02572519852341478,-0.009569890332459027,-0.01270926947814079,-0.020566292089253077,-0.01740107495938922,-0.052389569676345525,-0.03202392152756161,-0.02509390743728504,-0.05090402573719481,-0.05115563521926153,-0.03016926038223657,-0.009334772218691473,-0.012709274453643372,-0.021810191773298356,-0.018618193872661507
2022-06-11,,,,,,-0.05910299544008756,-0.027930692974959207,-0.03796357082751811,-0.05772914481592853,-0.0570539425858492,,,,,
2022-06-12,,,,,,-0.05806915079641411,-0.04167335549998768,0.006267465900107779,-0.055769239757189656,-0.05418434207378836,,,,,
2022-06-13,-0.04038529147505947,-0.032355571348963504,-0.04169771563814232,-0.037414318397324973,-0.034072888284319196,-0.12649945561716172,-0.1610373868266986,-0.16525123860314014,-0.1295206851057562,-0.1319995302396098,-0.054737652165409836,-0.03340302732985881,-0.041697703470718724,-0.042458273203178805,-0.0353791806445376
2022-06-14,-0.0064914420956831,-0.013702205838448332,-0.007619158099490888,-0.009369698439675101,-0.01061090685752503,0.011680498107776516,-0.0389769879098849,-0.1255290935154466,0.007091651382435338,0.002350229293814395,-0.0034627853951064965,-0.013815275901711912,-0.007619138374587837,-0.008619472593699006,-0.010367250724806628
2022-06-15,0.010895650187921786,0.0029090198836599366,-0.004832175595721698,0.00889318823059493,0.007881457425282195,0.06542525357596155,0.04264974323467093,0.12811457007507202,0.06383544240026061,0.0657646525230038,0.019983917419261744,0.0029796023166101717,-0.004832178861659356,0.01168410408062667,0.008446017382745237
2022-06-16,-0.02883302653138866,-0.007883071696689435,-0.020815538084664423,-0.022681773449125902,-0.018702244572885343,-0.10718840066102221,-0.08863193619061649,-0.06106491700214194,-0.1060929332088651,-0.1044243421550183,-0.041892255552994244,-0.008538319311129482,-0.020815526726640776,-0.027057843584703097,-0.020633292149652902
2022-06-17,-0.0040129501461385695,-0.0041116673269901635,-0.019739054946677846,-0.0038539241019259433,-0.0025610996108165448,0.03646198203338853,0.006484357970381273,0.013267871448294341,0.034832434828183045,0.029963981526548313,0.002732871883782613,-0.003889862419987734,-0.019739044052545993,-0.001696319843579438,-0.0008286325821143606
2022-06-18,,,,,,-0.04251541303837564,-0.050264610581330325,0.017520138991895452,-0.04250290840342525,-0.04378920191084104,,,,,
2022-06-19,,,,,,0.07927452664115972,0.0640211935592407,0.009388895965015747,0.0776597285085972,0.07707435027449536,,,,,
2022-06-20,,,,,,0.0015757411640274664,0.00041597669032408433,-0.005577667473292905,0.0010370829962514957,0.0033240408574283908,,,,,
2022-06-21,0.021283145794544635,0.022315907894004942,0.03573868310410621,0.021779048906980167,0.02139121788526533,0.005971368768382867,0.018286976604034774,0.06040688099228969,0.0074979410285242925,0.007960467124296657,0.018731182956851004,0.02230319106063408,0.03573869077320031,0.020984933678267825,0.02051188135057727
2022-06-22,-0.003436148511325536,0.003325676252583088,-0.003501395502685269,-0.00011864551752697094,0.00272957707189634,-0.03599036081922781,-0.032968795218632364,-0.026539834684574003,-0.03591735534951523,-0.03673564052683706,-0.008861850562642583,0.0030929799325244926,-0.0035013834924673155,-0.0019799479757654213,0.0022207876755443176
2022-06-23,0.0025338360448495245,0.013023531577532148,0.003391190448098802,0.006369461415036598,0.009131486506214112,0.047340504070337984,0.044400902991391995,0.00985353309190899,0.04696881504821414,0.04707952564153721,0.0100016140490976,0.013604241131255275,0.0033911962598344664,0.008984677091688813,0.010829723464401288
2022-06-24,0.028722864719396547,0.01424337921045144,0.018095595822970188,0.02415415569438477,0.0216138866989318,0.03819140914105866,0.013213329814299634,0.033789708201680695,0.03780415687711156,0.04088488285540791,0.030300955456340234,0.01386519548748074,0.018095597674395454,0.024508662281341707,0.021178614422500654
2022-06-25,,,,,,0.007753439427377806,0.006250049827126145,-0.014976910332770243,0.007263797169988852,0.005074214628016865,,,,,
2022-06-26,,,,,,-0.021408985862141752,-0.01673361154892034,0.0007701480956911818,-0.021255421991241558,-0.020466190529996018,,,,,
2022-06-27,-0.0030991162767539794,-0.002933356959406227,0.012046209114342215,-0.002399098357665189,-0.0018954806618076594,-0.006753675892738909,-0.0030190466830548237,0.032448746003128595,-0.006087055512445161,-0.0042317395213396555,-0.0037082095460848016,-0.0031348668931681406,0.012046209305648902,-0.002531131894714283,-0.0023023976362233716
2022-06-28,-0.009510549810128442,-0.008853484617803664,0.0014761037603381391,-0.009588490364099561,-0.009603814728636086,-0.043163800565628886,-0.020407420527173762,-0.015416255334360324,-0.04185238082576734,-0.03953842929642019,-0.015119424936045182,-0.008817584344697586,0.0014761077005498572,-0.011242507514598057,-0.011067476541320783
2022-06-29,-0.005108620032928052,0.0005350872019300643,-0.006005166321114416,-0.0026151631452772123,-0.0002837027400963638,-0.014634249838758707,-0.01095488115947178,-0.01829249718225478,-0.014974976305701587,-0.017772814188674352,-0.006696225000566496,0.0005251616122265372,-0.0060051635096865525,-0.00314264730072798,0.00010838909994468691
2022-06-30,-0.00757003786096443,-0.007567750491502779,-0.0063948503006621546,-0.00634636519150441,-0.005748391001241587,-0.00736490300233722,-0.012430618887585933,-0.0011568339800731699,-0.007631397277751372,-0.008349286737187017,-0.007535848717859894,-0.007451717880922867,-0.006394856404899006,-0.00622142370994228,-0.004921981236193007
2022-07-01,0.010735052336339567,0.014911835663101098,0.013651705708283168,0.013103248832421388,0.013755112957653696,-0.022743101604300778,-0.019506579595504024,0.0029186762025199407,-0.022098092373108693,-0.022457880513855225,0.005155360012899511,0.014907830532146773,0.013651675408018428,0.011150865405784676,0.01366513520634663
2022-07-02,,,,,,0.010206534368909838,-0.0017082031502000867,-0.0027408509429554997,0.009498102600739527,0.008284136416419629,,,,,
2022-07-03,,,,,,0.006203747849250052,0.007366247084674296,0.022851584856107048,0.006643179072412244,0.007163012280062496,,,,,
2022-07-04,,,,,,0.03434928007958627,0.040859659306158036,0.014974489922158453,0.03441940952777481,0.03542082379113995,,,,,
2022-07-05,-0.006293927342713394,-0.0036234739487129375,-0.012969828190430039,-0.007163429028381625,-0.00741751857370221,-0.019035901264224744,0.001636448655029125,0.014218133416779894,-0.017343709124487527,-0.014973178911593776,-0.008417589662965286,-0.003617522658711435,-0.012969790065164353,-0.008026883243255876,-0.006380236754333283
2022-07-06,-0.00013597333307193254,0.0014747349248195115,-0.0034157799427293927,0.0004810634056800125,0.0014561082208174438,0.01714929107079264,0.011718585383763006,-0.008915808026445078,0.01680229191830056,0.01705450864291274,0.0027449040675721625,0.001475212840078338,-0.0034158033657763444,0.001514710262302521,0.001956594195666098
2022-07-07,0.014110195282665636,0.002398625063067705,0.004036231863102872,0.009551370133023703,0.005809990501955193,0.03818408898870451,0.04457674253068363,0.015654201151573687,0.03813900138675926,0.03918427111566924,0.01812251090033878,0.00239820119256805,0.004036269238940018,0.010983539429418257,0.005986290881503046
2022-07-08,-0.003327694098526209,-0.00283143465860429,0.00035044662248814477,-0.002989720047861157,-0.0025769056152027126,-0.009716256354324614,0.004589949452857963,0.005506639248160409,-0.008678034787403808,-0.006713605723141153,-0.004392454474492608,-0.002834003060935613,0.0003504379939524419,-0.0033157337678188467,-0.002703257126426471
2022-07-09,,,,,,0.014113331687002918,-0.0022950932450122984,0.011749922495481348,0.012829295970903015,0.01109685932238789,,,,,
2022-07-10,,,,,,-0.039914641433941585,-0.03330574807596143,-0.031303255677289206,-0.03971418069664786,-0.03932561297833711,,,,,
2022-07-11,-0.007581620815643344,-3.027269932219727e-05,0.0002569503867589952,-0.004554570836594859,-0.002556549770760947,-0.055941769132582544,-0.042803630101451946,-0.043298327086059525,-0.05498432192130811,-0.053209959073316264,-0.01564164553513321,-2.8482098834435285e-05,0.0002569468297472254,-0.007342669611551609,-0.0030362796548035636
2022-07-12,-0.0038619318641055773,-0.005737056093779452,-0.008255741280462681,-0.004482823503074372,-0.004124397956936815,-0.023506154582261487,-0.025325530027607613,-0.001143409342271431,-0.02308371288871555,-0.023469283279098047,-0.007135968983798228,-0.0057340675102010834,-0.008255772428778783,-0.0056874013920914825,-0.004957854786479799
2022-07-13,-0.0037269688378600173,-0.001328730454399789,-0.00308806180600341,-0.003691354927471031,-0.0039848985824403075,0.04427791375235155,0.041168081566475195,0.02473545679409052,0.04410046913721011,0.04473619586856885,0.004273844927175245,-0.0013293381833171846,-0.003088042353274816,-0.0008492267376778015,-0.0028947018523345206
2022-07-14,-0.0041632110087867465,-0.004825071061635175,-0.0021696361842059083,-0.004313101419475706,-0.0030351767117615673,0.023188826061356818,0.015884713889950074,0.009646287784761853,0.023098926846226213,0.024086337730032565,0.00039546183623718,-0.004819804655907438,-0.0021696548291930003,-0.0027092804656245538,-0.0019111735642494316
2022-07-15,0.018608815343360566,0.010465472966870545,0.01627107912981155,0.01610944109585244,0.013964679813094799,0.013295712298953433,0.010664658641649297,0.0028258556827358613,0.013226363351445808,0.014161525140429457,0.01772329816929271,0.010464487126811192,0.016271110022644048,0.015790683719111163,0.014039912919683643
2022-07-16,,,,,,0.05154078995565464,0.019300626747786265,0.02722492942493428,0.04947370311379405,0.04555860857115132,,,,,
2022-07-17,,,,,,-0.0009481346380628363,-0.019832894305542078,-0.02133619055889246,-0.0029288740307172483,-0.006988243542172404,,,,,
2022-07-18,-0.0032098002043968576,-0.012014638472960588,-0.011733226983197783,-0.006358519659495425,-0.008777988214004545,0.10792768941483928,0.06910214728626371,0.024485687630326144,0.10404859755917228,0.09461241206572134,0.015313114732142499,-0.012009329419305815,-0.011733223755204095,0.00014062754340466973,-0.007650546180418687
2022-07-19,0.027385120685752967,0.013728113010802496,0.010702684957159897,0.022140989707418544,0.018019285631693888,0.018286943077011588,0.031324454061664,0.0009264959728163616,0.018468313291776728,0.01897922506948317,0.025868757750962736,0.013730950570146906,0.010702701614382134,0.021550720320337842,0.018145573496136585
2022-07-20,0.002652137007976471,-0.006576450702187039,-0.007913480771826156,-0.0017480937074547892,-0.004519312272413764,-0.03622962949559685,-0.010239946664868875,-0.022229544954451955,-0.03458628700557074,-0.028811889704326386,-0.003828157409285748,-0.006567334006372714,-0.007913465464156229,-0.004084504542018404,-0.005253013529011037
2022-07-21,0.005351057035176227,0.004041997307999005,-0.0036093773479499137,0.0039610454567510995,0.0024282548535796062,0.024561258029602205,-0.0008097590910807653,0.006315993647637803,0.022669782982341034,0.01720026308329941,0.008552757200913889,0.004046365123334112,-0.003609383631953991,0.004914857244361655,0.0034190660299732037
2022-07-22,-0.004943947923047727,-0.00015553578376980453,0.0032641659977990824,-0.0023097172465234178,-0.0002033575148159024,-0.007789360004250422,-0.018273864516338913,-0.014375485976497843,-0.008419627151225404,-0.012088465439367663,-0.005418183269914842,-0.00015706808515524552,0.0032641384536798847,-0.002461054869449599,-0.00030665837412042926
2022-07-23,,,,,,0.007536720936223896,-0.008823347785569724,-0.001416803595087772,0.005939386656244591,0.0018041632601244009,,,,,
2022-07-24,,,,,,0.01969238716296306,0.004900849573692135,-0.00022398808957523538,0.019191207350896772,0.02047697949867379,,,,,
2022-07-25,0.0035859017301082836,-0.003443750933699807,0.017978982008345037,0.0015808380630778522,0.0014761999345413107,-0.07276478282443084,-0.053135357133027326,-0.04614309156342879,-0.07159543558029226,-0.07010633667640156,-0.009139212362314906,-0.0034346879991175167,0.01797900998992318,-0.0028053901780997906,-0.00011694218260089868
2022-07-26,-0.004859655657097753,-0.004812829965675612,0.0007335539958834222,-0.0028130689609743176,-0.000362126407829319,0.004279722862660339,0.0008289694022217469,0.023240140888373326,0.004172718588306545,0.0020526530946074375,-0.0033364259038047364,-0.004819237924458206,0.0007335071986681596,-0.002401687617434936,-0.0019971693275857337
2022-07-27,0.011691570468449708,0.00478672699228307,0.0027026588479278427,0.00821899964432053,0.005977176819694536,0.10911298957386757,0.0731234080560669,0.050903730273447655,0.1049761327316421,0.09395915506105036,0.02792847365268602,0.004789594834047409,0.002702679462838543,0.013798013625105897,0.007588573981555271
2022-07-28,0.010345161395059147,0.007927329737014153,0.004582439044787475,0.010469565884188615,0.010389670167380315,0.07791692582964407,0.03442371466308874,0.015888785446275276,0.07474862503924942,0.07141579363918091,0.021607122134156633,0.007928673583563486,0.004582362890095853,0.014509776354293206,0.012536579342691463
2022-07-29,0.009706179215131488,0.002825496273420191,-0.0006948363896455648,0.007008950793267046,0.004674004888840716,-0.005829183344439626,-0.002783185864656781,-0.006680486349147196,-0.005750548021605299,-0.007417469983607291,0.007116952121869635,0.0028386667807905235,-0.0006948349508591001,0.006198253982356747,0.004132686691465845
2022-07-30,,,,,,-0.004675670221653649,-0.005306158722325868,-0.0021215176948339246,-0.00435905095205155,-0.004665964863382243,,,,,
2022-07-31,,,,,,-0.016465189612308164,-0.011102876472742901,-0.0028924973298035707,-0.015864945088785637,-0.015079259111385628,,,,,
2022-08-01,-0.0016167632894356567,-0.0049065600677862305,-0.012531660417056367,-0.0026055808832065913,-0.0019570738087580576,-0.012699082640371008,0.0038537862003972397,-0.037713626748164364,-0.010671626967146866,-0.006934326490095394,-0.003463816514591548,-0.004907741008105193,-0.012531648711020693,-0.0032352593676768984,-0.002546789099027498
2022-08-02,-0.009763777204931854,-0.005171343469209014,-0.005947372034026804,-0.009022013188248445,-0.008924724576461573,-0.018731547141342078,-0.016907698475013735,0.042318148699935776,-0.019680355681730297,-0.01923374416867628,-0.01125840552766689,-0.005170954780645893,-0.005947377440251263,-0.009539560195195064,-0.009020474923007804
2022-08-03,0.0063489694907891345,0.013602135092991753,-0.008946073514825712,0.006956804511879411,0.008422042280428524,-0.005898263614123967,-0.006444904458757107,-0.015241665358177392,-0.005925070968985299,-0.005510281913190802,0.004307763973303617,0.013610391306970705,-0.008946078535603407,0.006121653876598461,0.007644915569572738
2022-08-04,-0.001620504861874982,-0.007905033704544333,-0.016570938114892426,-0.0022293785343319122,-0.001843861555521192,0.0014520885855312197,-0.001302120187498276,-0.03335217056145956,0.002240922727783197,0.0014137352330725302,-0.0011084059539739493,-0.007901980612684727,-0.016570931741308772,-0.002168038647993234,-0.002169232026180502
2022-08-05,0.001588598643800305,-0.004367033722829667,0.004574257134996269,0.00028123803568919856,-0.0006484409209250214,0.04574473649123466,0.023989073303532893,0.09922749492462324,0.042892838498810724,0.03965476394930753,0.008947954951706028,-0.00437404643974489,0.004574262322480128,0.002862368680262704,2.4177063911857383e-05
2022-08-06,,,,,,-0.009351144158146453,-0.011266924244623467,-0.010855094572901347,-0.008970556021023124,-0.006195116652904299,,,,,
2022-08-07,,,,,,0.006392427307688353,0.007142311778976212,-0.0032315128243923796,0.006290577264057424,0.006839255537449432,,,,,
2022-08-08,-0.00012185518376140356,0.004179076498628728,0.007001208011324842,0.0011093671464641758,0.0017797565668478065,0.022944762116980797,0.020913429544501053,0.007481817281771222,0.02300132750509863,0.022363391867808762,0.0037225810330289637,0.004181016437154832,0.007001207129116964,0.002499533567026678,0.0025983183242899092
2022-08-09,-0.0008059676403024054,0.0020504928384126164,0.014361560548826298,0.0012222917189843108,0.0015678189147113669,-0.04364255068394754,-0.025917222804931393,-0.04165058947903489,-0.04242877860275029,-0.04115055748651427,-0.007945398147576594,0.0020488204637633158,0.014361572369305178,-0.0011797548718815302,0.00038095421456851787
2022-08-10,0.01673915248481959,0.011406233403751995,0.003353205640452323,0.014008011300165065,0.01339956485390378,0.050017755892849645,0.03167482662498676,0.06331010122317893,0.048236938646588276,0.04454043910005198,0.02228558638615794,0.01141209445404318,0.003353205638442742,0.015843909683617687,0.013930481670381469
2022-08-11,0.005926270642628072,-0.0013226507574630078,0.013016329452506978,0.0035834811440080645,0.0018695774932685877,0.013045285139439911,0.00032351518986295714,0.09112905942611937,0.010758272949884051,0.00908995218435899,0.00711277305876338,-0.0013242068620158635,0.013016325803936558,0.003974316439705724,0.0021604895864325464
2022-08-12,0.014869254887947707,0.014370069371357791,0.006320156338121651,0.014624379753017015,0.014995379497261284,0.014118240519318504,0.013292915532115502,0.02810762051372051,0.01334719704229896,0.011677859654430826,0.014744085826509507,0.014368425701201901,0.0063201634401812345,0.014508983792709911,0.014127631478930367
2022-08-13,,,,,,0.007878268833164915,-0.0018371482387871652,0.0019042276910496987,0.00677151022067447,0.005436936021418576,,,,,
2022-08-14,,,,,,-0.012942023802462376,-0.0007182671273872609,-0.044592959001860666,-0.011603385364603825,-0.009622225941489069,,,,,
2022-08-15,0.004334572828434533,0.011800582892311196,-0.007533805171738023,0.0052491641553088515,0.006651660090281969,-0.016734843725832,-0.011668507321513397,0.009580759883547115,-0.016729983840288475,-0.01578074659981242,0.0008230034027234433,0.011813322596089419,-0.007533803819722859,0.004031884312340729,0.006423757696259746
2022-08-16,0.002959074994956916,0.012941509873166935,0.000546739010074712,0.00449197625926438,0.0062325930156257,0.002091266162104811,-0.003665789968075285,-0.04869819315779644,0.002542117384667556,-0.00014110805623118825,0.002814440189481564,0.01293547486217346,0.0005467387888458946,0.0044333497289941355,0.005838513137648147
2022-08-17,-0.008142599544448665,-0.006252263284048702,-0.0009259288875696879,-0.0071681047355655735,-0.006676390143654779,-0.006078541612463405,-0.02246295037367385,0.0064254889987869195,-0.007213515626278667,-0.010605029955799082,-0.007798589889117788,-0.006256007750992254,-0.0009259297000597595,-0.00699892809124065,-0.006892655871263723
2022-08-18,0.00399189397737818,-0.0025153500440688393,0.010870232908602836,0.0020360973054151213,9.11969925014553e-05,-0.017337879464370286,-0.0071927761806183646,-0.01542253749697964,-0.016815223050776373,-0.019585063579499025,0.0004369317370867693,-0.002518955932352852,0.010870238046819032,0.0008447186816541807,4.360148469969038e-06
2022-08-19,-0.008808503379776999,-0.004575608873734469,0.017171667789981835,-0.00686762152508448,-0.006444955239260595,-0.10808945972908332,-0.08467954994519604,-0.16770785991580295,-0.1041405317233989,-0.09917963165714844,-0.025355329437994716,-0.004577353415431932,0.017171688332364685,-0.012523967870135195,-0.0070199727334694624
2022-08-20,,,,,,0.01436897110145091,0.017838996536267533,-0.002610777067225122,0.014845426491958434,0.01266958924469311,,,,,
2022-08-21,,,,,,0.031694698941254096,0.012860683922470474,0.024841004773427326,0.03002976479146097,0.025497297775817086,,,,,
2022-08-22,-0.019339684380979445,-0.014024882051792677,-0.013902072582189515,-0.017207511008251727,-0.017076945769500553,0.021473569506181945,-0.006320315466734577,0.010152523520609472,0.019224166626497903,0.010827212995356762,-0.01253747539978588,-0.014023265669604556,-0.01390208013996512,-0.014804525149967685,-0.016322013946461243
2022-08-23,0.0019793433425868744,-0.0050314390559165,0.014643285844132669,-0.0003445615791137635,-0.003136909487188196,0.014107231905767193,0.0074824353561364736,0.008457545541859407,0.014119650994585493,0.016189917611377946,0.004000658103116928,-0.0050310998736506395,0.014643292432156153,0.0004221578703078204,-0.0023756736979135156
2022-08-24,0.0023558955475155583,0.0002443781441612673,0.002482230142767479,0.0015668111432231761,0.0010549171504194914,-0.007648736420349412,-0.010892623604535667,0.029484841107094706,-0.008676618212705243,-0.009157648537242167,0.00068845688620473,0.00024431598400725084,0.002482234890546963,0.0009477920894275738,0.00035054251706221983
2022-08-25,0.01385520701878383,0.005786109136615597,0.005460924573204361,0.011455616315184028,0.010654151244796996,0.01094257699168686,0.009743540708345915,0.051649881143130516,0.010145943479710092,0.011057013576494695,0.013369768680934337,0.005786893445759245,0.005460922379132785,0.011185814474175621,0.01018436979576472
2022-08-26,-0.02769034731246524,-0.018094261722951383,-0.013501800922230627,-0.025050390491666644,-0.023761028479241383,-0.07803359417007812,-0.061060132935102596,-0.08741025297798977,-0.0762654631818449,-0.07271490189952738,-0.036080888455400716,-0.01809220391129331,-0.01350179944894203,-0.02789720504893765,-0.026550791344817474
2022-08-27,,,,,,0.00217928456937987,-0.0010264265000989343,-0.026516156550363434,0.002547569970193115,0.0043328894993943995,,,,,
2022-08-28,,,,,,-0.033573061151733086,-0.02167756271242838,-0.06419132144199358,-0.03208739948042275,-0.031221912559760298,,,,,
2022-08-29,-0.0038147275975503716,-0.004106848600279796,0.004954428410430298,-0.0035777279217877184,-0.003956984428940587,0.04925487420357118,0.03347673557999928,0.08779453230308842,0.04728412780820101,0.04530589147150964,0.005030206035969886,-0.004106848808505337,0.0049544288052202415,-0.0003523131995486587,-0.003198108256897166
2022-08-30,-0.013364542345735518,-0.00837207750735646,-0.018037033741165293,-0.012149091436171561,-0.011199269711465759,-0.0268941958202499,-0.010340698094623721,-0.037934466256259514,-0.025013378418091297,-0.020468250849082784,-0.015619484591487919,-0.008367301286894866,-0.018037042973568628,-0.012930989774849562,-0.010741301910658956
2022-08-31,-0.007346647125874835,-0.0021830345838533016,-0.011009068370773305,-0.00646551297502356,-0.006128996220394938,0.0032082975179153817,0.0025223710945527587,0.003377537891181338,0.002941017045753115,0.00186324964657393,-0.005587489685243131,-0.0021814402070203308,-0.011009070185974742,-0.0057922332048740595,-0.00533475110306627
2022-09-01,-0.0006877551969647988,0.011781212344634157,-0.0008753068625878192,0.003794633700368458,0.0067979391430501405,0.02437063798841811,0.0018097933042094223,0.015365403154136965,0.022486731478141966,0.02256120094668208,0.0034886436672656863,0.011780670764537303,-0.0008753040536108256,0.005325660083669691,0.007280320780004932
2022-09-02,-0.009523452905370693,-0.00938535062221521,-0.0002783468737213989,-0.009706427230174458,-0.01110030838541231,0.004941360554689911,-0.008649686995388876,-0.013563405530874633,0.004129354697729414,0.005387815223826521,-0.007112650662027258,-0.009386389219696326,-0.0002783284338656401,-0.008843269527852351,-0.011437416905265283
2022-09-03,,,,,,0.002144406622791495,-0.001981879954618413,-0.006652541188020539,0.0018970885174810041,-0.0011227593314777802,,,,,
2022-09-04,,,,,,0.00946666488626442,0.007365812272584539,0.006225759079670608,0.009064299266546585,0.007698841860017845,,,,,
2022-09-05,,,,,,0.031521784509391984,-0.008778510202437789,0.21734620267723714,0.024579243686819085,0.02215901605232063,,,,,
2022-09-06,-0.003960837321840623,-0.0024721496002577253,-0.007839038309049315,-0.003276227041004312,-0.0034473721683903023,-0.0711698190596358,-0.04453511728884877,-0.12378078884445103,-0.06737637156838498,-0.06594822298788737,-0.01516233427813982,-0.002471499019373531,-0.00783907498079096,-0.007317853090888686,-0.004758275169192309
2022-09-07,0.015912572907354684,0.01658499759865552,0.00170844612858179,0.016573788531455923,0.01742161513722233,0.05776727663863668,0.02186712064525355,0.07636679928418919,0.054273445319696786,0.05346321926897698,0.02288835686256835,0.016583814047604714,0.0017084370943521003,0.019011231121290315,0.01820638172194983
2022-09-08,0.006066542642071269,0.0026961576032215376,-0.0006859126632516583,0.004146995100242976,0.0034444685978755646,0.005849298003899806,-0.0017070966630122254,-0.004032575527606739,0.005658947454428124,0.0023229074452191796,0.006030335202376025,0.002691777190254677,-0.0006859078787277893,0.00410796537637893,0.0027021213656642736
2022-09-09,0.01464305635253413,0.009079611576951651,0.012136727316420709,0.012757463127978928,0.011451988743751699,0.058616277059268106,0.0833519670191028,0.057310563342131485,0.05953271885612077,0.06088374355243159,0.021971926470323123,0.009081209565235795,0.012136757449104826,0.015504172634760945,0.01222516955539638
2022-09-10,,,,,,0.01834220726446272,0.01586444356869723,0.002954036269000889,0.018135390885552168,0.020375468236222036,,,,,
2022-09-11,,,,,,-0.011384277713285618,-8.808745396567293e-05,-0.021836623829533382,-0.010545788320952888,-0.010034425524043076,,,,,
2022-09-12,0.008484821861791864,0.008453913264013839,0.00924150746285034,0.008647954864067204,0.00892918195730032,-0.007453641423881051,0.01729480242554097,-0.003079269180967135,-0.005966204531833912,-0.004727779447083581,0.0058284113141797095,0.008458462411236352,0.009241388314982928,0.007822232711561454,0.008632179812133796
2022-09-13,-0.040049309985713,-0.03011896187961379,-0.023828301060587972,-0.03639965008788998,-0.03444623548929769,-0.07111080127953137,-0.0765340647269504,-0.05918614931716197,-0.07086895543303774,-0.07040164606399879,-0.045226225201349404,-0.030115277306016094,-0.023828349637493442,-0.03827006302609446,-0.034772578151873214
2022-09-14,0.0031318623014507806,0.006267659435578869,0.02093644918886512,0.0036694158073899137,0.0025400159361200544,0.02134357991808681,0.0008572366966521699,0.08926133870400384,0.018563024695742482,0.016970962708988593,0.006167148570890119,0.006269547666171918,0.02093649309020991,0.004655079707914229,0.002363806303501002
2022-09-15,-0.016171537094844503,-0.010517696668682177,-0.01983786121328655,-0.014971288018085468,-0.013174135277300407,-0.04826521767813677,-0.019908035168067485,-0.09488338092589428,-0.04476200404661516,-0.044512957283142536,-0.02152048385872654,-0.010523971196262832,-0.019837879303992934,-0.016795095003565876,-0.014708940453738982
2022-09-16,-0.007247144972022488,0.0006956577575116394,-0.006182191638062617,-0.004531733243899931,-0.004104285436391644,0.0130507130129396,0.0026567879340324966,-0.04335069004224448,0.01454883809945205,0.00846235051553938,-0.0038641686411954733,0.0006917093815359649,-0.006182156744636979,-0.0031986726902979105,-0.0030954466420242683
2022-09-17,,,,,,0.031041752444428396,0.017402628257974513,0.011277586497009186,0.031003657930863314,0.028200209752424984,,,,,
2022-09-18,,,,,,-0.07844006705083154,-0.03113208975188884,-0.14215996019074187,-0.07292677163005308,-0.06994695633247644,,,,,
2022-09-19,0.006236594572679689,0.0037477875315766254,0.0043031939944988724,0.00545596850387216,0.005307740973115928,0.022050621841714125,0.0014664915742434352,0.029809156699880216,0.021013081772327254,0.016367560878646603,0.008872265784185427,0.0037475110791860104,0.0043031857039189415,0.0064226040496857045,0.00548955983508008
2022-09-20,-0.015572445225681552,-0.013454600560647925,-0.008984381699747588,-0.015095874874996428,-0.014765611862611128,0.00012092982397091719,-0.025762068316609897,-0.041287230018471656,0.0009808277846333506,-0.0052703061506654695,-0.01295688271740614,-0.013453745953412172,-0.008984401091248463,-0.014058760088218677,-0.013494372794043863
2022-09-21,-0.01695516019963178,-0.013003404468610109,-0.015380286167995258,-0.01617791166762352,-0.01599045944139067,-0.039127276267486556,-0.015296744835418204,-0.04294938850065341,-0.03751926812507247,-0.03621171498303543,-0.02065051287760758,-0.013001593903490902,-0.015380287436823584,-0.017466398386358828,-0.016037488497440435
2022-09-22,-0.009265739650809665,0.003250147589811548,-0.0010687166881190107,-0.0055002212050456675,-0.004445935015723006,0.06731721632356923,0.037417928128284574,0.025887440379298323,0.0678513362614896,0.05768478183329871,0.0034980863449201507,0.003252429544583219,-0.00106870986294786,-0.0007035572938554678,-0.0015433451621381237
2022-09-23,-0.022218416288988612,-0.016593175652221147,-0.03375972929575063,-0.020048289433429727,-0.01715203184774825,0.011085161822327872,-0.003035303749448579,0.009999796840097521,0.01067594376140049,0.008029992455026103,-0.01666781993710253,-0.016597113453192595,-0.033759775901695266,-0.017987571578641885,-0.015980944571015763
2022-09-24,,,,,,-0.021096523709983692,-0.01572483477603579,-0.0067318123871838035,-0.021186159133727327,-0.01947958916272207,,,,,
2022-09-25,,,,,,-0.013323073667573293,-0.005597718426765594,-0.013922913810476565,-0.012406282261429069,-0.01206945631843742,,,,,
2022-09-26,-0.016062688619373502,-0.010554290013401574,-0.018493054137339468,-0.015152158478473765,-0.01367991112694513,0.002677652663144337,0.014162830907207845,0.004158259638217005,0.0021009870290327618,0.0061142721937174445,-0.012939298405620529,-0.01055867658744886,-0.018492979881393017,-0.014079775085247197,-0.01403621193840528
2022-09-27,-0.003665789050752121,-0.005751386594833039,-0.0029491842124536078,-0.005332671380174321,-0.00609397476360313,-0.01530393045398919,-0.004695719039974035,-0.010526778122594359,-0.015024459608178505,-0.012551842557334691,-0.005605479284624966,-0.005753635542647794,-0.00294923526615957,-0.006098234399786814,-0.007147689318517481
2022-09-28,0.021300718433708198,0.022167150323732055,0.028854654872161278,0.020671386688769076,0.019160456747264194,-0.0012962799289126913,0.012199736946966466,-0.01684129131769687,-0.00028359549813857605,0.0018893505720097123,0.01753455203993805,0.022165643861414504,0.028854705476972924,0.019236627713100952,0.01798864507206381
2022-09-29,-0.019865724827656667,-0.01618163199420162,-0.014339480362149645,-0.019639829514889504,-0.019125488153206277,0.026085138651090946,0.01289612170794437,0.0049818623924052455,0.026945167517044115,0.023272045286726984,-0.012207247581198729,-0.01618577831284865,-0.01433942998582933,-0.016834212504985534,-0.01853331022633719
2022-09-30,-0.014866290633047613,-0.016780608286981212,-0.01779298994788191,-0.015270261956951072,-0.015113837291083194,-0.004491731472247418,-0.004977832925186495,-0.0029513638826588087,-0.004428066646630617,-0.005124446602418707,-0.013137197439580911,-0.016783584305713008,-0.017792874435316682,-0.014641560249052797,-0.014857491993621382
2022-10-01,,,,,,0.0008534505682332936,-0.007168145489702896,-0.006770959565613035,0.0006568703467791238,-0.0009451297025555034,,,,,
2022-10-02,,,,,,-0.025340823712240203,-0.006124862009042036,-0.01852927417918955,-0.02356225351083579,-0.022613964731224248,,,,,
2022-10-03,0.0321847780436476,0.02583509153116819,0.03704447200558069,0.03043743218175683,0.028510620938242286,0.02177381961999727,0.022143866492803803,0.0183576290537851,0.021173019328403708,0.021220769352029184,0.030449618306372543,0.02581944167065161,0.037044469691608115,0.02967340571555749,0.029029720957602978
2022-10-04,0.02965210942898404,0.021106999833613443,0.029096322904465635,0.02668172667726557,0.024789198059760105,0.024596952998144017,0.028328768609055633,0.017031381663120824,0.024813748599363406,0.02465513243552881,0.028809583357177364,0.021087262004548295,0.029096320430729152,0.026288961601032952,0.02490566330023541
2022-10-05,-0.0032365855896064836,-0.0038948000512720373,0.012099971142473543,-0.005069900974571371,-0.005476142861486266,-0.004256612742547319,-0.004753342465730778,-0.009453376793611927,-0.0036179445930945896,-0.0025877847687712546,-0.0034065901150966233,-0.0039012229207000364,0.012099955130488092,-0.005233588001267362,-0.005929150410773105
2022-10-06,-0.011450484466690943,-0.0077098086484914275,0.00013525301224118636,-0.012831124481634803,-0.013645666430934985,-0.006072386991168044,-0.004179885151616422,0.006611081970667047,-0.005659262425473136,-0.005972715402534827,-0.010554134887437125,-0.007695984977774425,0.00013524222973045717,-0.012554083956178687,-0.01337706763644104
2022-10-07,-0.023496317394339133,-0.014044016327800932,-0.009866191340697491,-0.02106879115002739,-0.01874680300566736,-0.004199723701290223,-0.014466062846101838,-0.010943738027843642,-0.003638587664972463,-0.002860190332090529,-0.020280218445497645,-0.014018417333678096,-0.009866195315539138,-0.01968216515227228,-0.01846506425366844
2022-10-08,,,,,,-0.0031627007461755177,-0.006728063815897618,-0.01744091562666129,-0.0026807409876561943,-0.003008955254984992,,,,,
2022-10-09,,,,,,0.010305532644744566,0.003114482338551575,0.0012025747518177993,0.0103553178533196,0.011017037600318967,,,,,
2022-10-10,-0.0056979257390414656,0.0013795211488693373,-0.016434395098462232,-0.0033415377488454747,-0.0011962328213572834,-0.04378364997925048,-0.007321581804527727,-0.08762572623647083,-0.039201951193357856,-0.03764848924453074,-0.012045546445742968,0.001376941363587435,-0.016434398279557238,-0.005855942238177886,-0.0023370829699259333
2022-10-11,-0.0033305028978534044,0.01558243455026134,0.007046245205547849,-0.0004169496905514359,0.0030027040230000386,-0.018113253905372405,-0.010162803111737494,-0.020304091852315628,-0.01831083321857782,-0.017275121601717697,-0.005794294732439904,0.015579835272790036,0.007046242324397401,-0.0015072382557654196,0.0017130913267784382
2022-10-12,-0.005622661763774912,-0.004486888334221728,-0.0023521070089280857,-0.007308033324317887,-0.0071900260523910286,0.0017588610791762663,0.004378425344367916,0.00356778417995651,0.0020579505418761605,0.0026392574421477727,-0.004392407956616383,-0.0044752446224898546,-0.0023521131219527308,-0.006930235994173279,-0.008427315351787408
2022-10-13,0.02967841986663329,0.019218049043331884,0.036591967602502565,0.02785523590935643,0.025468104936778965,-0.016872170705753243,0.0026490458580392235,-0.031329873736884346,-0.01562795857775233,-0.01633221545512454,0.021919988104568865,0.019183960978995773,0.036591972651146866,0.02468045614138318,0.025870638399153274
2022-10-14,-0.01841214369489535,-0.011604914675831735,-0.010042841747254892,-0.016114459921940574,-0.014379656914546962,0.002402632020752704,0.01178324837152193,0.012437416509790224,0.00442371860156936,0.007849216302426687,-0.014943014408954005,-0.011624950691044699,-0.01004284141907823,-0.014621740218201252,-0.01341210663836018
2022-10-15,,,,,,-0.007131151020167647,-0.01632264189769467,-0.018849468626488335,-0.008507568585581904,-0.009449069535438802,,,,,
2022-10-16,,,,,,0.011621146466186614,0.006536509391509455,0.013399579555439512,0.010856029744529719,0.00947233258147632,,,,,
2022-10-17,0.0200606025838804,0.011921054576025457,0.010544702360776412,0.01847006874106345,0.017790209697290987,0.011846976355508422,0.014286292614185982,0.028941183967848616,0.01152952900049379,0.011162560336879162,0.018691664879151738,0.011938813304199939,0.010544700461927793,0.01790172405204449,0.016786170656363265
2022-10-18,0.011945856181977303,0.01059236378486791,0.003928431458280877,0.012205659147647189,0.012821852211541456,-0.015818455509828577,-0.009871610020432676,-0.017048841794256375,-0.015272460121377696,-0.014401440473486309,0.007318470900009659,0.01059484479451694,0.003928436030301186,0.010358068422691087,0.011947597531786671
2022-10-19,-0.00776157460082436,-0.007653905536715927,0.001854008978988894,-0.009135273356250933,-0.01095440842102982,-0.02432465924149701,-0.008625942513480889,-0.040041695884256816,-0.02238949041210125,-0.021828160494396898,-0.010522088707603133,-0.007652805642951333,0.0018540048311559785,-0.010194156765353292,-0.0094428975161583
2022-10-20,-0.004160841489002482,-0.002589321348606289,0.00095400136591137,-0.004552308850419046,-0.0036381186687453903,-0.002619610516268811,-0.0001678061997314286,-0.02519924361562961,-0.0018492135102917999,3.346265574328167e-05,-0.0039039696602135364,-0.0025834560877884493,0.0009539981958807544,-0.004422884604355316,-0.004302090694695878
2022-10-21,0.02375712927962149,0.020229197054541796,0.029077222296713553,0.022473204534377043,0.02123132288793697,0.013255302797449077,0.0005417812738956223,0.013551251481001574,0.011813327427285074,0.010612594694867403,0.022006824865926082,0.02020693814427779,0.029077222039461066,0.021653016333055834,0.0216838710122902
2022-10-22,,,,,,0.010854355840459342,0.0010260385850282537,0.046781851696634506,0.009164844955202126,0.008899058322868409,,,,,
2022-10-23,,,,,,0.019051152137463643,0.013104518756344564,0.006907747028401052,0.01826929544878707,0.016999092530621242,,,,,
2022-10-24,0.008125459137320445,0.01754355587156029,0.013709713381169155,0.009762785612523767,0.012525974572584572,-0.0200393127323265,-0.010187692271657072,-0.02873249873917854,-0.019034158890565055,-0.0196586701205143,0.003431330492379288,0.017548202404726515,0.013709707964037225,0.00780507908006322,0.011360701252129742
2022-10-25,0.016802467883056647,0.008612465441517655,-0.0012548303255970669,0.014921128301669116,0.013944582207876364,0.0531888443019373,0.03059241551056221,0.08185041489643989,0.0493841592786309,0.044466509902815574,0.022866863952870093,0.008628780414185017,-0.0012548225264899745,0.017306302111106085,0.013721959259823963
2022-10-26,0.004962875049564562,0.012251440684700316,0.01652978963901096,0.007104380105138142,0.008875333304768343,0.023395554187381106,0.0270728639603236,0.028609916704113027,0.023099128470810085,0.021041699549409376,0.008034988239200652,0.012230566138571862,0.016529787122516786,0.008314063871510569,0.00874040173421296
2022-10-27,-0.0001484410730095842,0.0014136007959985538,0.002950828964540058,-1.121382442515102e-05,0.0006583018936935445,-0.021055507328959756,-0.01722647157923605,-0.02446228297501282,-0.02033935920747626,-0.018514363699396446,-0.003632952115667946,0.0014201664930818703,0.0029508246567043444,-0.0014639025526321007,-0.0002680532343873477
2022-10-28,0.02428404944569426,0.022718163560326236,-0.0168956161869845,0.023331834467281088,0.0241447505776299,0.020022714690651536,0.012994948280565312,0.025778603001083117,0.019093459876960785,0.017637098519771435,0.023573826986520476,0.022709318012608188,-0.016895616565553707,0.023053478843599914,0.02528675667947394
2022-10-29,,,,,,0.016452207047095668,0.010414844207833838,0.013614569678069465,0.01575789245062957,0.014076530565973766,,,,,
2022-10-30,,,,,,-0.023401822179841575,-0.011605786700183708,-0.04697820721157093,-0.02196299491404939,-0.021612665347638144,,,,,
2022-10-31,-0.007574400264519284,-0.0074759382792936365,-0.0012572408059621704,-0.007129552158099373,-0.007336320883876642,0.001297689207573361,-0.003193638206828222,-0.008627149046401203,0.0012624696659926115,0.002070332935183312,-0.006095718685837175,-0.0074721143958720974,-0.0012572423849820222,-0.006479909116307666,-0.006994540081957851
2022-11-01,0.0023824155053552665,-0.0012088502456815288,0.007933262319394011,0.0015259619604326648,0.000971323407006904,-0.004912792959008127,-0.0032932989831257193,-0.00854803047766904,-0.004833083076412209,-0.004791333765831469,0.0011665474279613675,-0.0012443865816680563,0.007933264994547636,0.0009727781299601836,0.000818720288004827
2022-11-02,-0.017184054928434216,-0.011287227835187293,-0.017658018750020217,-0.016592686122994357,-0.014156977285231359,-0.014486227815160457,-0.018108701526534838,-0.03241850472813671,-0.013816603071398594,-0.016757991066869198,-0.01673441707622192,-0.011231245365126437,-0.017658022911464243,-0.016270778527809497,-0.014362227050741805
2022-11-03,-0.0024372190071154628,-0.004920686966188235,0.0016026674798052978,-0.0032519949600606163,-0.004238177041172358,0.015883857574179074,0.0033119396378248943,0.023795673068646637,0.013978176976468174,0.012426287718070134,0.0006162937564336262,-0.004824192975832458,0.0016026645570700777,-0.0017737461898241463,-0.002763365560744961
2022-11-04,0.01858260290394176,0.014352488456377257,0.010919516963319198,0.016538945824776972,0.015041206276081397,0.0685059505372958,0.044345282853113246,0.05184361657879484,0.06639293936131284,0.0613030646336303,0.0269031608428341,0.014619030599834992,0.010919520595912086,0.020131722240297,0.014425747947868038
2022-11-05,,,,,,-0.00020999726714571263,0.0016297934238952876,0.011270368720032264,-0.0010089085311569196,-0.00034832399022365697,,,,,
2022-11-06,,,,,,-0.03910438366190772,-0.016992716507125426,-0.035810313085137956,-0.036461707669289536,-0.033381179902632355,,,,,
2022-11-07,0.007644605369874352,0.013756891850888426,0.022729763639788344,0.0065297646338318424,0.005229428105578723,0.00012663336940262884,-0.012293639188311946,-0.00020736908394738518,-0.0011642500797785366,-0.002382305437983455,0.006391610036462396,0.013601574235591928,0.022729785205906163,0.005694381554528772,0.004820848108719196
2022-11-08,0.0069143443870953196,0.010956145926644295,0.02153278755157292,0.007718908785927933,0.006762689015755525,-0.11677966879638127,-0.08563710522287954,-0.08995874026065634,-0.11282048931991269,-0.10769307294194552,-0.013701324476817447,0.010418094581889597,0.02153280511059755,-0.001870899444540308,0.004017350634082932
2022-11-09,-0.02140736571925811,-0.011846565984000818,-0.026107196397671423,-0.018579589620927765,-0.016236025517636896,-0.14533737478270545,-0.12550715141136795,-0.12260559948433797,-0.14252723978788226,-0.1389957933053266,-0.042062367229832656,-0.012679389835448994,-0.026107212510819298,-0.02820968083598449,-0.020383694779053184
2022-11-10,0.049564450163136105,0.021929239573259554,0.01274269724752136,0.04350921369583426,0.03892832772032527,0.15718182435819014,0.10102614868413537,0.1340945023694203,0.15135406268738869,0.1421438804037249,0.0675006791956451,0.022770975702002257,0.012742702691817936,0.05165348943118709,0.039959555564107886
2022-11-11,0.011668351522039636,-0.0047665011325621265,0.00574462586151152,0.007332873967414893,0.0058527406654511,-0.017450224027057114,-0.03155227364690075,-0.027529422882617127,-0.01861132089380606,-0.021111817101206954,0.006815255597190178,-0.005021840780785964,0.005744635993853374,0.004913556142151488,0.002533587503753565
2022-11-12,,,,,,-0.031724200843263994,-0.016885523132092132,-0.0305602675902167,-0.030296146777754367,-0.028388306393687484,,,,,
2022-11-13,,,,,,-0.03424062873727751,-0.045817458229248625,-0.05093896758271202,-0.036865078942524054,-0.03760265871350065,,,,,
2022-11-14,-0.00878482610937268,-0.002353695360437737,0.0020394607193592405,-0.008463596971941077,-0.008248970457480388,0.023508344251123928,0.009499430082772879,0.0020695904747974874,0.02240325469778056,0.01698288410968904,-0.003402631049289914,-0.0021451728664355356,0.002039457771689773,-0.006004716559269155,-0.007351522852649532
2022-11-15,0.009768660956136384,0.006864733240633406,0.002793980909472981,0.008879215474284602,0.008477367928328388,0.01477058664012685,0.015097165784225486,0.009711479907671869,0.015026991811319817,0.014373929230071626,0.010602315236801463,0.006987235740811867,0.00279398348528404,0.009395242494533138,0.009594113956426023
2022-11-16,-0.010351341361087306,-0.0007280491960835654,-0.0052369649778067915,-0.007196258542453907,-0.004871584145152839,-0.018455154464827008,-0.012423805994898592,-0.018967702978622217,-0.017722573361752966,-0.017257096713402816,-0.011701976878377256,-0.0007716444288264792,-0.005236969011965026,-0.007758026955526179,-0.0045276930006832765
2022-11-17,-0.0023031547499413737,0.004551011272289607,0.005577290096214252,-0.0020745132310331297,-0.0016666811348904555,0.005198850055400296,0.0003367633637135104,-0.008375970194005496,0.00567493328133355,0.002514092817579707,-0.0010528206157177627,0.004485923056319013,0.005577283090376831,-0.0014968864720458876,-0.001471701696513531
2022-11-18,0.005043184604821626,0.008456323113407563,0.0008432643569621411,0.006599297399365801,0.0076166888054542015,0.0022627748098978167,0.004951714244727308,0.004222293950474617,0.0027277738093598666,0.0034767731779049493,0.004579782972334326,0.008416389336318573,0.0008432675080413079,0.006447491990405953,0.007942319025342684
2022-11-19,,,,,,0.007957564572855104,0.011484304468058662,0.014550994292900193,0.009165988805848927,0.009864021880591458,,,,,
2022-11-20,,,,,,-0.04097185663900473,-0.032637069184515845,-0.05371365316105838,-0.04005021605048262,-0.04027905853104934,,,,,
2022-11-21,0.0008225379434163571,0.0038593524847037827,-0.0009459452340644125,0.002141763177828562,0.002734659589864027,-0.013766519939743083,-0.007588146969170629,0.01058915789652712,-0.011948423354224823,-0.011502605692040802,-0.0016089717037768834,0.0036589855765992163,-0.0009459490932050016,0.0011050726535949686,0.0026255312558596533
2022-11-22,0.014802864627182208,0.009127223430536305,0.014546824697529315,0.013235457131960646,0.012262542361646069,0.03818765204158874,0.010916036406055579,0.002547412463296391,0.035624107338616005,0.028908381619686258,0.01870032919624996,0.009227988913560579,0.014546824272306243,0.014952005550304768,0.012412130207410577
2022-11-23,0.003386155798051085,-0.0011429301417744296,-0.009269468345454897,0.002902919262042377,0.003653554720237735,0.046008196482222,0.02392458961016641,0.060699746567470306,0.04253384657510943,0.039362014495520826,0.010489829245412906,-0.0009697965204239849,-0.00926947587890845,0.006047519652377167,0.00393702390801976
2022-11-24,,,,,,0.01047953732323903,0.010750147723745353,0.008423979799298178,0.011878347680274627,0.010534923165744097,,,,,
2022-11-25,0.0007421905149644115,0.0007657160136809991,-0.0008528414584319732,0.001512640749729538,0.0018448602915365447,-0.006553732974283943,-0.001581833753595893,-0.0021993684926831306,-0.0062191951192379,-0.004655014013268303,-0.0004737967332436474,0.0007553346079965057,-0.0008528469825370564,0.0009941542227709173,0.0020220754413998996
2022-11-26,,,,,,-0.003913906244352328,-0.0047142746391938125,-0.00668782050260457,-0.004054610538658502,-0.0033617026413913626,,,,,
2022-11-27,,,,,,-0.0016151355296764704,0.0024358586690319465,0.0033245018265496474,-0.0007566826540732078,-0.00034594201576151434,,,,,
2022-11-28,-0.018420829031751167,-0.00987216142046107,-0.014651660799880877,-0.01663195245128223,-0.014295547524326118,-0.017932822384435165,-0.010326236691163913,-0.013757415641690461,-0.016962763616955857,-0.016065675957862728,-0.01833949459053183,-0.009904213603292888,-0.01465165572701833,-0.016528985873304706,-0.014078335708317645
2022-11-29,0.004199710872548122,0.003033700790382475,0.002766880018126679,0.003892555071764368,0.0027519017458914456,0.016379010998877484,0.01123057224764014,0.0074511198678269275,0.01597197098954958,0.015319224645074651,0.006229594226936348,0.0030027267987510677,0.002766881497654312,0.004775082870292902,0.002826914860345436
2022-11-30,0.023794226081712402,0.017245572796142958,0.013671176298779128,0.02186590265977009,0.02101678762454333,0.034122282916634196,0.035941602294989404,0.031591401913304396,0.03346568173900832,0.03490181290559611,0.0255155688875327,0.017194971713189133,0.013671173909236582,0.022559293590394654,0.01999669689016116
2022-12-01,-0.0002670937734517388,0.0009914769613471918,-0.002976968494625477,2.8466317105064993e-05,0.0005289812607681976,-0.02010211654273666,-0.010671546996878164,-0.008622418697799485,-0.019220996410510467,-0.017190925221787227,-0.003572930901665892,0.000986250075373639,-0.002976971210312488,-0.0014562322059212792,-0.00034283195692972365
2022-12-02,0.0015015822510261341,0.0028940427259168807,-0.0008312541931604217,0.0016972860877436675,0.0018012439886380233,0.00869650707204106,0.00640096058520527,0.004930365263350558,0.008350936863622989,0.00862676253332266,0.0027007363878619552,0.002901492380350385,-0.0008312626321113514,0.0021691505032049555,0.0019133628520798247
2022-12-03,,,,,,-0.019275456071140586,-0.011864711426943474,-0.014387830777725326,-0.018443803697799303,-0.017608644768353846,,,,,
2022-12-04,,,,,,0.011134860482354783,0.005835765065158451,-0.00827768976995331,0.010083812158042032,0.00951289541903225,,,,,
2022-12-05,-0.017223212605578294,-0.008104039318493265,-0.0078049599075673305,-0.015535262167235225,-0.014451511129684742,-0.0018791591478292907,-0.005274640812059195,0.002086677952114345,-0.0019051936573489065,-0.00306616593735374,-0.014665870362620128,-0.008107472291371891,-0.007804982097872984,-0.014330835897703197,-0.013341892561284133
2022-12-06,-0.01234790929014816,-0.010908841054482296,-0.01316109630890929,-0.010075230044597212,-0.008643451215339739,0.006433327246687715,0.006735802130300185,0.006697275943059884,0.006200364290955579,0.007111020124046616,-0.009217703200675513,-0.01090528550031728,-0.013161112842003275,-0.008546231272497215,-0.007336263069963057
2022-12-07,-0.0011825738283450572,0.0031909414063083807,0.006401501618979452,-3.9215796327884855e-05,0.0005225812146662854,-0.019397341236739144,-0.012821300656396993,-0.01030518821422028,-0.018566069033428848,-0.01615951860550473,-0.004218368396410738,0.00320353396291113,0.006401485084737421,-0.0013467057753997235,-0.0002396364444795501
2022-12-08,0.007090693516795498,0.004321623013125618,0.002840589561857524,0.005836922401953629,0.004633835881670285,0.02164816239338476,0.023952999375485874,0.02604076684764587,0.021914074053164416,0.02196671614172674,0.009516938329560378,0.004320770777426014,0.0028405611036720186,0.006982949283285543,0.0051809854875347885
2022-12-09,-0.01023016726281893,-0.016518265953421932,-0.018008111313128933,-0.010582301929705608,-0.01024593993439978,-0.005385923408072269,-0.002827234590981689,0.002954554699220607,-0.005358203818813443,-0.003244382687440178,-0.00942279328702782,-0.01651878857600049,-0.018008104050641894,-0.01022606676661171,-0.010598028718728926
2022-12-10,,,,,,-0.00041431654895387473,0.0006849798566710372,0.0025067475856639324,-0.00031730134045286347,0.0002063716367747672,,,,,
2022-12-11,,,,,,-0.012363960479477366,-0.006167986541340934,-0.015313057301952931,-0.012139926301305747,-0.01170390254597468,,,,,
2022-12-12,0.01662403157485824,0.006218680029390316,0.006001525615828213,0.015215722508035339,0.014025126000873099,-0.0025423718663757033,0.0011178619279181607,-0.008266746009162428,-0.0019253579180677838,-0.002523198148343902,0.013429631001319248,0.00622191710449106,0.006001535995837588,0.013852248830098822,0.013773663993052698
2022-12-13,0.008769632273229215,0.0037142929340572947,0.004137686481160408,0.007381339488546077,0.005598549446736601,0.022912054945997577,0.0279292615526266,0.017344166347145636,0.02239910216725567,0.023555058565315996,0.01112670271869061,0.0037182992163685056,0.0041376873958720445,0.008418073865790644,0.006105217162359644
2022-12-14,-0.008793645194072683,0.00018519702136400422,0.0019907728567794864,-0.006991515946092399,-0.006759064776057994,-0.010998918446365035,0.009000256980511408,0.02265170619228473,-0.008510584248558913,-0.005417970208743525,-0.009161190736121408,0.00018185190428662824,0.0019907784810251758,-0.00707484564496684,-0.005838631869431081
2022-12-15,-0.02158506981452662,-0.015599916155258797,-0.015010824397636553,-0.01952642427158738,-0.019462078894022773,-0.0234077154992274,-0.01600815523558114,0.0019401410505496255,-0.021745479866255545,-0.0207831381792791,-0.021888844095310084,-0.015588881373333637,-0.015010822143476458,-0.01950403506479114,-0.018589662778779978
2022-12-16,-0.009499489174056307,-0.005706330254428985,-0.002888592344990945,-0.008948076330979719,-0.007550613099608884,-0.08042107349128047,-0.044461601708860286,-0.050543227534526974,-0.07644100356125182,-0.07295416267925474,-0.021319753226927002,-0.005713395356653161,-0.0028885767300975023,-0.014160466752086242,-0.009840007027432257
2022-12-17,,,,,,0.014197022017520213,0.018185850728945775,0.03618163911361213,0.015088479950287706,0.016531625608230606,,,,,
2022-12-18,,,,,,-0.006549228491721326,-0.008189782929872807,-0.019737228909789534,-0.0068348218586682784,-0.007247747408394123,,,,,
2022-12-19,-0.006694591923182898,-0.0012864203222305662,-4.3920322544274085e-07,-0.005487246322667531,-0.005860768997363888,-0.030900155037951897,-0.013503057250721892,-0.0029002799854778586,-0.028636417107763844,-0.02645539410240722,-0.010728852442311063,-0.0012730695114471897,-4.440705780488826e-07,-0.007179369289197616,-0.0052956512112677535
2022-12-20,0.0031792629903663805,0.0011535186621513024,0.0018281046601455954,0.002837337196286669,0.0025192841188821135,0.03630442386762824,0.027307137116756933,0.025227534308138098,0.03498522734381301,0.03429824074304173,0.00870012313657669,0.0011500459150041481,0.0018281048827163827,0.005254087713408857,0.0030684661795859925
2022-12-21,0.017830127277777864,0.011503257456519544,0.01133016770917546,0.015746291983452215,0.014499087961347856,-0.003591498772828527,-0.004315569375335036,-0.00250983677151729,-0.004630241429972542,-0.004407658897015802,0.014259856269343464,0.01150778343996801,0.011330172082656124,0.014066605171114771,0.013695064429568207
2022-12-22,-0.011582264695177421,-0.004726049146781135,-0.006460762117203931,-0.008770292050343133,-0.007124188299247064,0.00618316497357957,0.0048871456181343,0.012853939776316763,0.006732867873947878,0.006223195463337869,-0.008621359750384592,-0.004726265970303885,-0.006460787963868919,-0.007371729360740322,-0.006126535472609538
2022-12-23,0.007750029854520149,0.004630766453134716,0.008226150220151966,0.007392519012702211,0.006009059310434352,-0.0010842824716702953,-0.009389278877702367,-0.023689512816616416,-0.002195519405867233,-0.0036047675208275257,0.006277644466821742,0.004639815711934686,0.008226170758545868,0.006671055152857124,0.006369699269054163
2022-12-24,,,,,,-0.0009345266149806466,0.005175672683534403,0.009329642111524514,-0.0004903745578445809,0.0007008909843410755,,,,,
2022-12-25,,,,,,0.00034347157301206676,0.00022311112007642334,0.0013152366425596255,0.0005812390026537606,0.00019802366384433722,,,,,
2022-12-26,,,,,,0.01605461149027626,0.0014133497970868455,-0.004779794727763288,0.015124866207116481,0.011577921341370936,,,,,
2022-12-27,0.00026554827864285954,0.001354485368101547,0.0033608174836838225,0.0017796540446770516,0.001797360202324781,-0.011762568229070092,-0.010679393389436173,-0.008175671010812782,-0.011334011368917875,-0.010867364380895701,-0.0017391378059759654,0.0013549029794712696,0.003360828120965894,0.0009040037280419473,0.00203586823172347
2022-12-28,-0.012808033008290866,-0.010120405435587128,-0.011976221482602942,-0.012263852205072506,-0.011873534231200938,-0.027080495320851314,-0.006241033823128482,0.0007208084787290401,-0.024651463890158216,-0.02168975468256885,-0.015186776727050941,-0.01012051515525233,-0.011976238382088451,-0.013204366126992696,-0.01176191578926687
2022-12-29,0.013599359712046972,0.006345936911578122,0.002665636649266441,0.011646675823083995,0.011154227874599996,-0.0006051108231715065,0.0027475539172129165,-0.002419426193155804,-0.0015083973901136066,-0.0003654418707089422,0.011231947956177225,0.006344131158117296,0.0026656370223215207,0.010483735796749733,0.009744233144969142
2022-12-30,-0.0018817762241893554,0.0001171304964608112,0.002327424956546983,-0.0021087767957444744,-0.002463413799929246,0.00041194725546174206,0.0007000692414677974,0.006664885887726984,0.0009630251892194388,0.0007754960747215655,-0.0014994889775808392,0.00011076959197979443,0.0023274380029843244,-0.0019551248451391595,-0.0021608336686938685
2022-12-31,,,,,,0.0012423581931927934,-0.0013954747339877665,0.0023172931538556017,0.0007127001897953675,0.0006369845670209956,,,,,
2023-01-01,,,,,,0.007755602914296445,0.005145999337575742,0.0058716044832537485,0.007598889707011502,0.007150728451894477,,,,,
2023-01-02,,,,,,0.01900434961362503,0.004715568894815644,0.006147340460815671,0.0178743010697518,0.01836234604007117,,,,,
2023-01-03,0.0022509057491670536,0.0004381390848615267,-0.010083904145844085,0.0030987258250466322,0.004245660454298496,-0.0027050635667062563,-0.002587857022155119,-0.00587413533913879,-0.002613169778043194,-0.0027049447759817636,0.0014249108631881687,0.0004541703159530803,-0.010083872562306449,0.0026579361861864856,0.0038200547513059548
2023-01-04,0.018428178719494943,0.008745912225352415,0.0065156966905166105,0.016240345009002934,0.014629640865520033,0.037039870961805214,0.006030926857346533,-0.0018419578179582157,0.029747798326126552,0.025588411743720896,0.021530127426546655,0.008695954682257898,0.0065157060900357736,0.017107779057940576,0.014594858183930103
2023-01-05,-0.00679763801193668,0.0018877556755370623,0.01621566545345028,-0.005559591191445938,-0.006142246084449692,-0.014915270707060857,-0.008530116330954178,-0.01956805226569623,-0.014103283784956056,-0.01524079296153117,-0.008150576794457375,0.0018522977829676717,0.016215639328818136,-0.00624232654926895,-0.006254759716693977
2023-01-06,0.023249459158050576,0.015025899285493945,0.012767947619478498,0.02176343514385251,0.020344699403230873,0.02399224989900126,-0.004211203365245873,-0.021747625657620413,0.01885279869748847,0.015203479494818902,0.023373257614875687,0.014941544189584915,0.012768012605484585,0.021527172984504846,0.020110839532508452
2023-01-07,,,,,,-0.0033150493784421474,-0.0033862660734009517,-0.009048664309507985,-0.002993023765404251,-0.003177308366282978,,,,,
2023-01-08,,,,,,0.02215294241808401,0.018271912569792968,0.034525840634140464,0.022237290527109935,0.021570632656525764,,,,,
2023-01-09,0.00017208903132034817,-0.016817059311324628,-0.02947949725010589,-0.0034327863033454297,-0.00493845977599009,0.027339779788495805,0.009609822020680477,0.01507013707877461,0.02644797624843088,0.02530162333220263,0.004700037490849591,-0.016766351978275966,-0.029479442035701884,-0.0013274902662049044,-0.004363373128820177
2023-01-10,0.007616604974202161,0.0021511353997165704,0.006653602019656678,0.006467440733913915,0.005396688115114011,0.006023627086972294,0.010011483341753138,0.0028557876995038097,0.006007329711556913,0.00514462299476821,0.00735110865966385,0.002167898949040182,0.00665359948739728,0.0063251444171301225,0.005066739335883557
2023-01-11,0.00985384963869968,0.002722030019893692,0.004155057546879655,0.008199980714495512,0.007282398193102598,0.029362723562493698,0.029204396564316382,0.031105106677931222,0.029914831915924547,0.031453468824069325,0.013105328625998681,0.0027952119911773456,0.00415501783226559,0.00981686829486236,0.008202605361041948
2023-01-12,0.007037757028810942,-0.00254571400767519,0.010095675184227288,0.004343245609121147,0.0020144667786166893,0.025749110740923696,0.0362429264007505,0.011064678165610358,0.025836377840086265,0.026076527068149086,0.010156315980829734,-0.0025051489746750013,0.010095638732467766,0.005783790505459643,0.002906248166728977
2023-01-13,0.003431146425461702,0.002474024974259589,0.0021171421687853497,0.0030732012328630555,0.003087325431061653,0.03391595944645198,0.05343781741338362,0.05077832157700604,0.03566168556848792,0.0355036463701062,0.008511948595626748,0.002597035319061867,0.0021171379193823865,0.005504448787730513,0.0034925571690000803
2023-01-14,,,,,,0.034338832142037486,0.0448718400977824,0.03106099168916074,0.034365428913764186,0.032563033228467805,,,,,
2023-01-15,,,,,,-0.0026764894860901167,0.00021340777826933988,0.007773709944773112,-0.002227453757236038,-0.002327769909432373,,,,,
2023-01-16,,,,,,-0.004590647914346924,0.008942902308839765,0.00118678063185356,-0.0031332142879239556,-0.0040426197356600154,,,,,
2023-01-17,-0.004052224805721268,-0.006756040982210913,-0.01175824380256649,-0.005303005540514163,-0.005330293437942837,-0.004905501990651051,-0.004595306584602271,-0.01127665569546609,-0.0052138151173218555,-0.004953096770215458,-0.0041944376698762305,-0.006790803607706552,-0.011758248704686758,-0.0053568509249972834,-0.005689188676449582
2023-01-18,-0.015965505018307232,-0.017321174809551095,-0.015588270438665158,-0.016933465805242253,-0.01720611255113406,-0.042835744481502354,-0.030758993015639842,-0.04411432680885894,-0.04149891201449107,-0.04134340629479619,-0.020443878262173084,-0.017375199904703077,-0.015588255681433728,-0.018953107956215028,-0.017967441993161994
2023-01-19,-0.007476202030265404,-0.0014300491937314567,0.009498625499168818,-0.005896211689064933,-0.006165779848863254,0.02374091325805703,0.019335678841073414,0.019490548882257628,0.023522114954809704,0.023174824306695048,-0.0022733494822116656,-0.0013710391683027592,0.009498595455421088,-0.0035246993245461314,-0.004716711181036611
2023-01-20,0.01531290783669132,0.008662761800644595,0.0064629785841431465,0.012910193721209553,0.012406244230704095,0.06451981663484793,0.06345446364314608,0.04451979841952443,0.06302792621389934,0.06116780290957011,0.023514059303050755,0.008721738770086184,0.0064629695455871786,0.016596436169896197,0.013557978899886232
2023-01-21,,,,,,-0.009632871913905806,-0.00402948826237507,-0.01749133230104617,-0.008902401531870956,-0.010443611659816965,,,,,
2023-01-22,,,,,,0.00994362955139263,-0.0018724702115123061,-0.0008586054070836468,0.00807959517396525,0.007500884529163463,,,,,
2023-01-23,0.011435710954858267,0.002632858127528919,-0.0024104478322941316,0.0077949150907838044,0.007072441944996567,0.020945304673450772,0.012949011608441263,0.018547632608414803,0.021325637485745383,0.02342315133363479,0.01302064324129035,0.0026672049353790193,-0.0024104641087986816,0.008585208509877934,0.006975209893116657
2023-01-24,-0.0028834216294746054,-0.0027022643820952363,-0.008469608866468033,-0.0026244688022526814,-0.0023880753759667646,-0.041702126622754424,-0.02408779720583678,-0.04168852793419774,-0.04005077043429394,-0.040054407667296336,-0.00935320579502124,-0.002835044110639625,-0.008469659682460601,-0.005565552626014252,-0.003181956707109834
2023-01-25,0.0018486905394841722,-0.0016685925934775377,-0.0011217872271744038,0.0018746116875450016,0.002894712961320191,0.03070596164236805,0.023563432498824515,0.027207477707908826,0.029866473080199046,0.02967928467297938,0.006658235723298152,-0.0016314244469632887,-0.0011218057048916791,0.004060289919888696,0.0018515015898265539
2023-01-26,0.008422064284225662,-0.0002917233560399803,0.002956359288647752,0.005803481897478239,0.0030026662848554268,-0.0017370736202734992,-0.0029513165512990245,-0.0017948765058574034,-0.0021108196418820812,-0.0027324558223198584,0.006728874633475803,-0.0003263941946910529,0.0029563181681995206,0.004951825381978768,0.0032649564884404325
2023-01-27,-0.0012064818542402754,-0.0060008904335159775,-0.014226747241294382,-0.0019342014419962566,-0.0013004470867449276,0.010663978155810239,0.012817661928338994,0.029984993472543325,0.011550294379085476,0.012906010994788093,0.0007719281474348102,-0.00592432371983273,-0.014226707794956758,-0.0009339404943295734,-0.0015171378468642302
2023-01-28,,,,,,-0.008871756409081723,-0.0042458925183137845,-0.00770661995689653,-0.008290206609249938,-0.008129161325186277,,,,,
2023-01-29,,,,,,0.03185076197963703,0.024101692251586666,0.011126626921271638,0.030072215884217147,0.028447203483078318,,,,,
2023-01-30,-0.01014423915496513,-0.0035677985484664668,-0.0034065589390388277,-0.008014811588953548,-0.006272149579675197,-0.04704284596112843,-0.033482982586709994,-0.02424994913742306,-0.04505337853259636,-0.04350337623273729,-0.016294006955992348,-0.003611607321856157,-0.00340658920975184,-0.010748427213454538,-0.007275148166778765
2023-01-31,0.011922802217140906,0.007684362818193814,0.014212145055940446,0.011160214878022413,0.010280075706472677,0.01970616656237656,0.007865371993740822,-0.0004337703633532616,0.01830718016870747,0.017326588826908254,0.013220029608013516,0.007649462815848104,0.014212098419837733,0.011716256834203907,0.011053816712079376
2023-02-01,0.006518284067217187,-0.018628495798764355,0.0004475886317609123,0.0018406232687743435,-0.000256317485812504,0.025797610005811867,0.0180725360764596,0.06505817054444679,0.024673043556750915,0.02195690810163505,0.009731505056982968,-0.018545303130055424,0.00044758248846048937,0.003364226078883508,-0.0007211760510268134
2023-02-02,0.00015704536703527584,-0.011738045878747674,-0.02579869847383633,-0.002886147869652975,-0.004468485757932782,-0.004085517910096637,0.004027472266662183,-0.017456964863896116,-0.003389369467704689,-0.0017450782356159549,-0.0005500485124867096,-0.011656927930186325,-0.02579869519201564,-0.003198803668682808,-0.003994256397199713
2023-02-03,-0.012768350780830776,-0.009458970551374662,-0.0025266936966433385,-0.011869180515799431,-0.010538829265138105,0.013795338410564273,0.003986069871611429,0.012977367744010405,0.012052347320886295,0.011066199332650743,-0.0083410692489316,-0.00937252453883183,-0.0025266576591532336,-0.009804412082898895,-0.010866915551946486
2023-02-04,,,,,,0.0008217074966740399,-0.004739080331503631,-0.013568398221254049,-0.000510257103401991,-0.000528451106717884,,,,,
2023-02-05,,,,,,-0.021485676165057387,-0.0010248802828740236,-0.02186011214801145,-0.018869229881530804,-0.015964454036098953,,,,,
2023-02-06,-0.004594982931553284,-0.0015097486256256537,-0.0008279929820585861,-0.003174295811439579,-0.002542367093323877,-0.017506770629490034,-0.012540988530810116,-0.004108504899374686,-0.016734557818449045,-0.016896879458590988,-0.006746947547876076,-0.0014684998173052932,-0.0008279805758804982,-0.004053022961939074,-0.0030602198868624965
2023-02-07,0.010953461048114671,0.008459769998228336,0.0144875977003307,0.008907376594420644,0.006639324191792868,0.038691178326306426,0.03610151868453035,0.050646337595021455,0.03809183493884282,0.03814493988658861,0.015576413927813292,0.008570216943172244,0.014487596389706984,0.010978168922041884,0.00837864225401292
2023-02-08,-0.009564990182089908,-0.007307484167541988,0.0023710030706850147,-0.009293960835760617,-0.008384672262519554,-0.015035624875278054,0.00895873999687475,-0.01704237371351626,-0.012068358435630385,-0.00852992232084978,-0.010476762630954598,-0.007242644993491788,0.0023709853304492764,-0.009617030216604426,-0.00960555859233747
2023-02-09,-0.00969477310696571,-0.001447511542811212,-0.002598732097912051,-0.008522253125271353,-0.006575955256561201,-0.05771134865422327,-0.05994140240081676,-0.07165935277710557,-0.057504777937145826,-0.05659941813171804,-0.017697535698175306,-0.0017714061559886349,-0.0025987269247438943,-0.012303952747068806,-0.009444101146507754
2023-02-10,0.00760192629547806,0.012025766548893285,0.01935922534836179,0.009893738251866142,0.010770356532052992,-0.0009264932442613171,0.006511677442950065,0.015535727451284164,-7.07196667226658e-05,0.0017756415451260854,0.006180523038854832,0.012063333622253836,0.019359247011096332,0.009298880793724566,0.010026468724196136
2023-02-11,,,,,,0.011119083825479525,0.008253214196059164,0.00963621220859336,0.010425309878233901,0.009024504066818727,,,,,
2023-02-12,,,,,,-0.014240155531741516,-0.0005818037163911825,-0.02154824826711632,-0.012617560665035735,-0.010820504191809625,,,,,
2023-02-13,0.00875099441629904,0.008026656496260467,0.008327988413770613,0.008140352449523509,0.008829539239437417,-0.0031842224978953057,0.02086045085873381,-0.01378837229926378,-0.0001409302212029592,0.004272722393261887,0.00676179159726665,0.00807569009436558,0.008327974492425356,0.007333115118204631,0.008079827720379905
2023-02-14,-0.000643929332159083,-0.006944815225024003,-0.0014885481474433495,-0.003178602577788148,-0.005438912923856343,0.029872183904632737,0.01783756728551728,0.050106878128791194,0.028493591222228103,0.024892065184988835,0.004442089540639553,-0.006760209677183187,-0.0014885658200394908,-0.0008279813294770283,-0.003794906835538339
2023-02-15,0.0002892134172157811,-0.00022988054133056099,-0.009846008304414244,0.0001425445547122427,-5.0562204074990476e-05,0.06536374685986238,0.06936943514940903,0.07428056312082584,0.06567636931216486,0.06319851767618481,0.011134968990990214,2.191897439455555e-05,-0.009846004941550756,0.005256107044090365,0.0026137217684602497
2023-02-16,-0.01393944574150931,-0.01294904553034853,-0.0080098883921936,-0.012544520989831784,-0.011359619671402617,-0.0437863949888458,-0.04866980273730075,-0.0373859639148776,-0.04444108548958174,-0.04623251856244436,-0.01891393728273206,-0.013206416829899592,-0.008009888886911617,-0.014930081290852914,-0.012486405901551858
2023-02-17,-0.0027721399648127053,0.013650487316183589,0.007954169321094582,0.000895895369029469,0.00410717695600273,0.04882788616562266,0.0500184139014589,0.013716798704812851,0.04839571825438796,0.05138275858263561,0.005827864390259856,0.013973711204916148,0.00795411919194864,0.004981693152985974,0.004321132893655257
2023-02-18,,,,,,0.007887810379065562,-0.002602495526810454,-0.005160647799687366,0.006665659097638669,0.0065147761389503355,,,,,
2023-02-19,,,,,,-0.010708115017883579,-0.0005899273240226671,-0.02232277162003391,-0.00988591566957844,-0.007948851353410365,,,,,
2023-02-20,,,,,,0.025052763815127686,0.021718727295285175,-0.016639274966712726,0.024877236644849053,0.027354974329409962,,,,,
2023-02-21,-0.017502776074307804,-0.004668730176659432,-0.008228191622173179,-0.014937770785776341,-0.013139315737238326,-0.01918195592707385,-0.029680708329824074,-0.023257446926101533,-0.01993495787339849,-0.020694657274887264,-0.017782639383102143,-0.00480130650325109,-0.0082281825528712,-0.015084058488240586,-0.013672536909676384
2023-02-22,-0.005551258644505817,-0.0044027260913031795,-0.003624017805194153,-0.0057228420553330555,-0.005662841367485297,-0.0074326139069554225,-0.0029176630780822126,0.016107710616136205,-0.006833275746481689,-0.006940136160406667,-0.005864817854914084,-0.004415891582977538,-0.0036240331041801307,-0.0058660278191720715,-0.0053659081706939424
2023-02-23,0.0054789650955139645,0.002558936842400313,0.005934216396527164,0.0029974667255982263,0.0015077148671207852,-0.011735816425103697,-0.0008033357460215488,-0.005533897385007997,-0.01062768996455157,-0.009871512203174202,0.002609834842077689,0.002542600918479935,0.0059342236593178084,0.0017639362000808983,0.0007148565946719194
2023-02-24,-0.00947722361510689,-0.006975919879813084,-0.005238310500542656,-0.008271874629848205,-0.007831427839483334,-0.03497155614609792,-0.026615171784505655,-0.03312734374955941,-0.03360692520912664,-0.032392158316979544,-0.01372627903693873,-0.007049618643504531,-0.005238315848434131,-0.010193203508631978,-0.008214495485775575
2023-02-25,,,,,,-0.00247534121806664,-0.0004463253646951711,0.018659267968910785,-0.0021607341814387573,-0.0023089910446987697,,,,,
2023-02-26,,,,,,0.01773477469464306,0.022701375534871355,0.021360696263248432,0.017915744549632618,0.018086364882828377,,,,,
2023-02-27,0.0017761100564900143,0.00022513669051222232,-0.0015651877836008639,0.001018532130167312,0.000709943920730319,-0.004616748672202597,-0.0016582503269484488,-0.012271667302745749,-0.004316368865314043,-0.0036683067187606245,0.0007106336017079125,0.0002140921939184403,-0.0015651819091560954,0.0005253902028187315,0.0006337139531896778
2023-02-28,-0.004292925502667183,-0.010361376776045879,-0.015136780548311126,-0.0055521010793349096,-0.00586941701979442,-0.012715198199124325,-0.008194098795042074,-0.0031237104315078685,-0.011990964395984802,-0.010336646906916411,-0.005696637618743372,-0.010381930474351363,-0.01513675741736421,-0.006203829762862791,-0.005889663465495718
2023-03-01,-0.0010580319937396523,0.00033999163423993866,0.00286915874169444,-0.0014944826493928306,-0.00264244294714695,0.026136329455374235,0.013249410991658961,0.04205958430263789,0.02435970132013441,0.021935814478114886,0.0034743615811126615,0.00033911409489448957,0.0028691882701557155,0.0006164082395058713,-0.0008474524484762756
2023-03-02,0.01196363459680069,0.005914243144739836,0.003909735805994651,0.010334497023553277,0.009202229121492565,-0.010070787872863439,-0.003552364561859161,-0.025378374013351846,-0.00982242349496188,-0.008671705224605752,0.008291230851856667,0.005911739180828523,0.003909761632152231,0.008599241759557433,0.008453767142817887
2023-03-03,0.013041698662887865,0.0038375226972163835,0.005542823190090752,0.011880058955702447,0.011046141515760022,-0.022607444872867956,-0.03666448345505138,-0.04942686978242139,-0.024653770904292733,-0.024441747384046957,0.0071001747402618985,0.0038403906936832983,0.005542822371719054,0.009002214659866744,0.009151115250227227
2023-03-04,,,,,,-0.018808995630489187,-0.006565381988877682,-0.013908910483985456,-0.016900216447305473,-0.016109563968559858,,,,,
2023-03-05,,,,,,-0.001995698481330155,0.008204139196269753,0.0074343620010599515,-0.000897130969705852,0.0008750996190486325,,,,,
2023-03-06,-0.001808663736776781,0.00955495193215085,0.025075574715717877,6.19201357786341e-05,0.0009472165553751328,-0.00392180502006011,0.0019719822417876257,-0.028130426835810445,-0.003160697009471748,-0.0024683177175991193,-0.0021608539506573357,0.009552228107649021,0.025075551052371102,-7.760025584006333e-05,0.0011780129517470522
2023-03-07,-0.01716608729068231,-0.010722046425381718,-0.004981229832217124,-0.01670584834982752,-0.016463394410597833,-0.008894546655637114,-0.01631065608118817,-0.012822923932799707,-0.008977546171864892,-0.009679601161452278,-0.01578749718484145,-0.010721788834050963,-0.004981254768489349,-0.016034555571874914,-0.015318285812785068
2023-03-08,0.0031917270516937163,-0.006754044981478118,-0.017203767858307923,0.0008392939730274087,-0.00039791999202630534,-0.02721030306671051,-0.01570389564512371,-0.04076818087507671,-0.025007773676256534,-0.02199369048703161,-0.001875277968040321,-0.006753305052024835,-0.017203769777380213,-0.0013810467650885955,-0.0012882539315507441
2023-03-09,-0.01731871782501915,-0.011517341481692698,-0.009549198481547744,-0.01600823930999629,-0.015820177081484116,-0.06062363391736244,-0.10105431690442021,-0.07311215791417301,-0.06409494326298411,-0.07058525354468248,-0.024536203840409703,-0.011518091330275582,-0.009549205451066828,-0.019609086678704972,-0.016230163269788895
2023-03-10,-0.013042274760361034,-0.0030184049521051613,-0.0018449844539729877,-0.011134558071997099,-0.010774112040144099,-0.004351473976778365,-0.017092651926343204,-0.06475649707694671,-0.006173373824279914,-0.008984224056011585,-0.011593807963097256,-0.003020734610006598,-0.0018450484420754058,-0.010559110089593992,-0.008770163227627548
2023-03-11,,,,,,0.0018321938898936076,0.03152568414556654,-0.028639858932851106,0.005230948400320012,0.008320582217765896,,,,,
2023-03-12,,,,,,0.0674362877377666,0.0904112496025246,0.09475222264664326,0.06887747997060907,0.07194452276839293,,,,,
2023-03-13,-0.0035160180638044687,0.005919870420143557,-0.013670315471218046,-0.0010662207790723892,-0.0012122436404411892,0.043876827588640886,0.04282581920858886,0.07150192564824298,0.044497948364543766,0.04173972504168172,0.004382789544936424,0.005918051033856271,-0.013670335041853717,0.0026538502513592187,0.0028650438520718266
2023-03-14,0.014545495217757273,0.007080349932579485,0.015106766776365846,0.012436840874467166,0.01115627196667301,0.020163527323838592,0.0005324425134514773,0.03158012202994852,0.01831526056692809,0.014295382680402244,0.015481833902104157,0.007083774601872487,0.015106746673190175,0.012843503844146661,0.010146966966038581
2023-03-15,-0.00968814247115212,0.004319123270626119,-0.008175391391794773,-0.006573518290757283,-0.00528537907936401,-0.05192990719788017,-0.026183962450057385,-0.09392217470450864,-0.047965053566607796,-0.04382162077757063,-0.016728436592273462,0.004307624040335627,-0.008175482842135965,-0.009784224205167375,-0.004768558512533407
2023-03-16,0.01420064899894593,0.0015198930036162397,-9.553087355393787e-05,0.010328450699906101,0.008514047126866016,0.018210966972107202,0.0028803659299190495,0.034351172851836406,0.01679387356273419,0.013468170264956551,0.01486903532780614,0.0015222374854077293,-9.555197300778102e-05,0.010665107226867093,0.0075929550963805895
2023-03-17,-0.012241012240181462,-0.013415285882543988,-0.02633054993104349,-0.012569249562955777,-0.012732633718006536,0.06565744021574993,0.04152742852722198,0.08157468648746778,0.06330115394051085,0.0568480000870654,0.0007420631691404371,-0.01341424360996685,-0.02633051980499789,-0.006600329636517891,-0.009677078615750179
2023-03-18,,,,,,-0.022695728368747784,-0.027407831874291747,-0.02945624861693085,-0.024150990618465554,-0.026863444757032687,,,,,
2023-03-19,,,,,,0.028497063352154364,0.015540837111581909,0.017501674428568318,0.027728941648311495,0.025542823884199702,,,,,
2023-03-20,0.011381656021337803,0.013379176576213011,0.020021761973327605,0.012036013766639233,0.01272483414656,-0.03439950547262127,-0.023676947618850183,-0.07119636678013094,-0.032011082128587616,-0.02919064209579237,0.00375146243901129,0.01337761721069311,0.020021771173080162,0.008586770107218757,0.011314541051684791
2023-03-21,0.008352348230895297,-0.001275311743045625,0.005717393767696046,0.005667194132238868,0.005524310314854182,0.07619108897481006,0.03051854719031062,0.05496746216144088,0.07269575524637427,0.07026118773165352,0.019658805021547755,-0.0012676475998223652,0.005717459881238224,0.011057527993135908,0.006493639643761835
2023-03-22,-0.01994875486296806,-0.014701300341986225,-0.01481543163888205,-0.01924410435998851,-0.018866359597099494,-0.049332456400027216,-0.10283496389314174,0.05585926895338804,-0.0537896719412669,-0.06388856977986554,-0.02484603845247792,-0.014703364045159296,-0.014815447745070482,-0.021827796552110885,-0.01933477594889237
2023-03-23,0.0017877909140547074,0.005564600303811369,-0.0004834865818068967,0.0010991089069857594,0.0011907976011841137,0.04653891872498438,0.08599347135091355,0.07262296505113251,0.049835013405095566,0.057477950738589016,0.009246312215876316,0.005563184858439096,-0.0004835061147387115,0.004713931620387341,0.003243911097984263
2023-03-24,0.007631212702629167,0.01611064431510754,0.006200889675886502,0.010143199126888734,0.010629911623538229,-0.027248347242557584,-0.028023193311351988,9.50203630185357e-05,-0.027622124243991034,-0.027298124828922413,0.0018179527117647087,0.016113211305492627,0.006200877908984836,0.007349836171314814,0.010475580638853184
2023-03-25,,,,,,-0.0020463756958890474,0.004080929133344481,-0.02271650188943918,-0.0005338177067246101,0.0004683298540689245,,,,,
2023-03-26,,,,,,0.013712003864556753,0.008532125975745774,0.021227579041304123,0.013129186914252104,0.012333193740799917,,,,,
2023-03-27,0.004297343942389522,0.005539193808618068,0.01573687621293005,0.004670426403830365,0.005249427731246651,-0.019250616939979114,-0.011475799344051981,-0.045745111120138786,-0.01745050389610838,-0.014057140175742458,0.00037268379532808254,0.005538272841679281,0.01573688897215143,0.0029761424914197068,0.0043779492340916
2023-03-28,0.0015994860897350029,-0.0011277034463138258,-0.001060036168395713,0.0016847442245990435,0.001219701923379079,0.02988053761945489,0.009586260917805423,-0.0012045034923761934,0.028055330845084592,0.02703020164431402,0.00631299467802165,-0.0011256991776728452,-0.0010600639742339556,0.003922894923605343,0.0022144877442170675
2023-03-29,0.01557046620206545,0.006484914363550833,-6.30635893741926e-05,0.01362848736488421,0.012965181593394968,0.02862273797752435,0.004832672919065714,0.024706950107140847,0.02724987286436912,0.024039777867977907,0.017745844831308602,0.0064852855648824615,-6.3037775563932e-05,0.014691096593611322,0.012647396285303562
2023-03-30,0.004909293457587829,0.004708445677944853,0.0072853785597954395,0.004319679869040654,0.003610869751824624,-0.00176075907499288,0.006030473784590061,-0.024981407149677653,-0.0007541872299879481,0.002737826741429828,0.003797618035491044,0.004708634665925373,0.00728538809688382,0.0038639784181074112,0.004005849568851518
2023-03-31,0.01245554165487161,0.006887187459791888,0.0068745651367367175,0.011599221031793979,0.011395386974299527,0.02249685501481828,0.012553855182537942,0.0070091828690841485,0.022012547923685136,0.021746714047053924,0.01412909388152939,0.00688850328207977,0.006874562699780193,0.012347793218783132,0.011267999757037595
2023-04-01,,,,,,-0.004093416876705502,0.013836610759457227,0.004655368394640622,-0.003602720186606333,-0.0012484797783692161,,,,,
2023-04-02,,,,,,-0.007162079471210981,-0.01933497934744799,0.004102243855434728,-0.007963133790780974,-0.00908060957688291,,,,,
2023-04-03,0.006940014431519134,0.010807417386290366,0.021051001294107526,0.007306436037645989,0.0060422595253271545,-0.0018588488543411661,0.001951135056895891,-0.01630702277223352,-0.0016009328741846394,-6.685204637823941e-05,0.005473537217209086,0.010793380640337599,0.021051002346592882,0.006599892767031086,0.007124581002335628
2023-04-04,-0.005064090563162217,0.0055583178753349765,-0.00797830558692199,-0.002986470452312879,-0.0007984393236808354,0.008769344303898264,0.0033885624304373437,0.0022174661587122425,0.007717331672208345,0.005481709033232501,-0.002758518085318804,0.005560037723338256,-0.00797830465364949,-0.002051125548171743,-0.0012274752892260832
2023-04-05,0.0037000673038339793,0.015319429980465617,0.020367266599112657,0.00705306542051643,0.008389670284199756,0.004589962586101925,0.0038954266874606028,0.002267758930659673,0.004672464932625763,0.004332877540555175,0.0038483831842119694,0.015330320941525411,0.020367269115751017,0.007139092820024462,0.009070028241932091
2023-04-06,-0.00016101982917674727,0.00023826909426639487,-0.002878910993642289,0.00032810959282050047,0.0005337018960678794,-0.008989619099706548,-0.0012219009012635277,-0.013436036195958583,-0.008382857010758677,-0.0069549183817019114,-0.001632453040931714,0.00024139246988346102,-0.0028789108516180965,-0.0003029788122963583,0.00036701505407553994
2023-04-07,,,,,,-0.0007157523707202245,-0.000796465248645746,0.006091844912841373,-0.00039115885342116356,-0.00013113046833358928,,,,,
2023-04-08,,,,,,-0.007581287504680157,0.0006465195723171455,-0.01053548196081226,-0.006880332719134644,-0.005695563145393272,,,,,
2023-04-09,,,,,,0.008575166111636202,0.00898043520011291,0.004861096243562572,0.008534854280165224,0.008583104696854183,,,,,
2023-04-10,0.003514247817485643,-0.001416884015639878,-0.0025233212465310194,0.001985421905660952,0.0012715469245647708,0.023579695263970035,0.018626604688966264,0.030798253067124255,0.023232963525373684,0.021381369011709467,0.0068584890585663754,-0.0014172579695542304,-0.002523322304272889,0.0036024397525962148,0.001845431718994173
2023-04-11,0.002569206481788522,-0.0005232185454482184,0.00010995337602317514,0.0023267269141842265,0.0018326440798962702,0.0038228605318978985,-0.005813658723057493,0.0026004565166509457,0.002672835081939885,0.00048037550517938195,0.0027781488234734186,-0.0005345023935818026,0.00010995391403425354,0.0024143690542580048,0.0021822888231595944
2023-04-12,-0.002221933994919998,0.0009899092721190835,0.002790357501451327,-0.0013451427191813554,-0.0012757069488253147,-0.0047451783135010975,-0.01702210816502659,-0.02027944366678005,-0.0062495604740983295,-0.009126155577823106,-0.0026424747146835148,0.0009815054052083464,0.0027903574314265224,-0.001635127533404814,-0.0007787877525663679
2023-04-13,0.006972895720065671,0.009245865085714736,0.012319920468327764,0.007296612315432312,0.007505809515941782,0.023349721921274248,0.005336552744937385,0.017114764859647774,0.021249337587963615,0.019153205875510837,0.009702366753600434,0.009235430305496301,0.01231992127777783,0.008393296152836214,0.008248481114637666
2023-04-14,-0.005796901834398556,-0.004287122518193811,-0.0008837272593564384,-0.0060035981137871765,-0.00591265216408274,0.015352888933841126,0.01184105953795692,0.022323806318268885,0.01541039057363247,0.01537797986613494,-0.0022719367063586088,-0.004300103576020372,-0.0008837283984909257,-0.004327399975976208,-0.004990944602992755
2023-04-15,,,,,,-0.0004410469546381692,-0.0042485641540747745,1.2007245368600514e-05,-0.0004047359781982376,0.0005614057059721721,,,,,
2023-04-16,,,,,,0.007813593645352734,0.006402126518841837,0.022179323219236654,0.007729069278287321,0.007776652071131682,,,,,
2023-04-17,0.00501314190495388,0.0002520746732266909,0.0008409538995297989,0.004523481944036368,0.004684776639245273,-0.023954347127940978,-0.015493282549508386,-0.017360832153309337,-0.023349956446062754,-0.021914133225855132,0.0001852270661380701,0.0002517913500844728,0.0008409526007596875,0.0022805703285773533,0.0034577206967233804
2023-04-18,0.00031857017390728875,-0.0018922408744425578,0.004417078199327365,-0.0006501531675540823,-0.0011639106567830737,0.02048926563833755,0.018892392958077882,0.03574880885255522,0.02083074298880976,0.02062455755812457,0.0036803527513123322,-0.0018807332750179892,0.004417077225750619,0.0009540287300513936,-9.804325649152463e-05
2023-04-19,0.00215018613987956,-0.0006264469186064908,-0.0011165698640017384,0.0022545248453730107,0.001888814040069785,-0.07030638123951992,-0.02245654696294796,-0.09820392101110023,-0.06591692146826207,-0.059243949662677674,-0.009925908423353686,-0.0006291493124567602,-0.0011165704530567864,-0.0033051211067540985,-0.00011178214111613743
2023-04-20,-0.006963271769652834,-0.005152156510127613,0.0018995526063695575,-0.006991500690451161,-0.007452788007575956,-0.016593825169400268,-0.009703857668822495,-0.014576561443922479,-0.01627067170589649,-0.01601305994933793,-0.008568364002944072,-0.005154899160223606,0.0018995520141302652,-0.00779385415434829,-0.007691522964709487
2023-04-21,-0.0010172047667623982,0.005592620335294702,0.012694309661268168,0.0006974815015438106,0.0026382163156113275,-0.036250648570689395,-0.01274827894914184,-0.052831207799791224,-0.034207923112415585,-0.030613871660882034,-0.006889445400750232,0.005590769500673434,0.012694310980337985,-0.0020422292163797167,0.0015001763328210585
2023-04-22,,,,,,0.027746816801226506,0.017281665832299318,0.03140555213653781,0.026482374957466012,0.025169802949450353,,,,,
2023-04-23,,,,,,-0.011357535930528784,0.0051411295121273634,-0.0076907978841585485,-0.00962497384256163,-0.0073391620947487295,,,,,
2023-04-24,0.001757089349559311,0.0017734856521354986,0.0060342088369175016,0.001808963761072321,0.0006129293560475429,-0.006202409007347477,-0.006750324490358607,0.0075090988373688414,-0.006063095559017196,-0.005906745375170581,0.0004305062900748464,0.0017872661473952124,0.006034208953138909,0.0011834287419078082,0.0009126210321905699
2023-04-25,-0.014954209205319131,-0.00024038223324915085,-0.006140955109665592,-0.011661149662923575,-0.009522733923456652,0.016867220618823685,0.003320435117320583,0.026033026317358113,0.015850115131505055,0.013291425491579377,-0.009650637567961994,-0.00023974997484626785,-0.006140954324743082,-0.009203872101841277,-0.008081042282428922
2023-04-26,-0.012476823412631973,-0.019458019267272805,-0.021687256960070126,-0.014371242054188443,-0.01461733395837257,-0.012759860883439278,-0.007010717204573965,-0.025740356390360195,-0.01178231341187338,-0.011562256726622625,-0.012523996324433188,-0.019454997463126948,-0.02168725667735063,-0.01438147332143986,-0.015168955827695514
2023-04-27,0.01466191302179606,0.005123985189994563,0.008582967385805454,0.012528215042166665,0.012935054274943635,0.014932648311098052,0.01573066445791293,0.014004726666502378,0.014950079263624762,0.013168832906226858,0.01470703557001306,0.005171837544345741,0.008582966365874033,0.01249360217833547,0.01179949279628263
2023-04-28,0.009482238561268223,0.003611739152691488,-0.0020532559149889825,0.007440589615384762,0.006364341471445445,0.003736322462608444,0.009673210844890858,0.011432172925545523,0.00432164175860151,0.0060419992969002485,0.008524585878158259,0.0035871497909255434,-0.0020532568490346176,0.007089269707477469,0.0056632655888537884
2023-04-29,,,,,,0.005886241885930077,0.01421041451315231,0.007743107618191994,0.006664394452771351,0.008322368923107119,,,,,
2023-04-30,,,,,,-0.013803832708956977,-0.007321824994635576,-0.02208616044591662,-0.013010922392896647,-0.012665382152846384,,,,,
2023-05-01,-0.0034225665792960943,0.0012131261601579307,0.00641111830994352,-0.002798158609755674,-0.0014025289056811357,-0.017095930932513506,0.0017783601172262267,-0.023883357786216978,-0.015629826219550242,-0.011118278456049758,-0.00570146063816566,0.001219216267327012,0.006411123908495962,-0.0038568843141366573,-0.002698582618540356
2023-05-02,-0.01668205447422317,-0.007385434371759235,0.0032692673534462026,-0.015455806016223,-0.01407926828421168,0.01303856664680343,0.013558517763451274,0.015461147351894662,0.01330223689776756,0.013511822453851656,-0.011728617620718739,-0.007377256366976741,0.0032692704258551475,-0.013152244060023636,-0.012742128992527624
2023-05-03,-0.01221749617771301,-0.009166932166214949,-0.013356537892909547,-0.01076791540801245,-0.009337703982104215,0.007033688642077719,0.0030458333510664792,0.006076224397017721,0.0065269960330572195,0.005853481701739585,-0.009008965374414554,-0.009168303434762501,-0.013356527451716881,-0.009250659000207398,-0.008696435639495457
2023-05-04,-0.005351289952589209,0.0006252460734355085,-0.010278405111358245,-0.0039998076309658405,-0.0032989017868269945,-0.010527365221955643,0.0007348310007985282,-0.004656520723267795,-0.009417529195746156,-0.008878517602676328,-0.006213969164150282,0.0006228013206551091,-0.010278408766193028,-0.004400921933681903,-0.0037390091523834225
2023-05-05,0.017515249613176284,0.01103525712729507,0.009774533774952602,0.01559567234689566,0.014443608363125544,0.020691646115858102,0.02270636579221279,0.010007914404056935,0.020857201684261577,0.020281547849490534,0.01804464903028992,0.011032442371576787,0.00977453148192264,0.015890435420612897,0.014268904493144344
2023-05-06,,,,,,-0.029721123498456306,-0.012696459568876018,-0.04314760385766322,-0.028043991913617578,-0.026350005063919046,,,,,
2023-05-07,,,,,,-0.011481109989431838,-0.014423077021892265,-0.007380310209697424,-0.011591924863133537,-0.011286508438364503,,,,,
2023-05-08,-0.0006943661313251728,-0.0002930972892914933,0.0034779369469481766,-0.0013582746026468966,-0.0011715590288900546,-0.03585792627868483,-0.016711849136345245,-0.05535513465654777,-0.03412088411984556,-0.03259588385879282,-0.006554959489218449,-0.00029155847033097596,0.003477937572775643,-0.004173390379715751,-0.0024936661009547986
2023-05-09,-0.004258718762879401,-0.004588467059168023,-0.003947990984355523,-0.0040512644090486116,-0.004368971652211638,0.016064871833109975,0.0065116022787131515,0.016728757882879437,0.015490602383960737,0.018359408544324014,-0.0008714536635478388,-0.004590708377037656,-0.003947990259205817,-0.0024285545958294616,-0.004012731024851957
2023-05-10,-0.0017783329876314969,-0.0005172670674239999,-0.0028386346619087783,-0.0015022763154326896,-0.0012234834343859903,-0.0016382682780426987,0.0030997053228391885,0.007994012318014625,-0.001657300206270113,-0.002035217056364546,-0.001754988869366697,-0.0005190809547230916,-0.002838636692242537,-0.0014840932626326083,-0.0013015997542857088
2023-05-11,-0.008972948417903201,-0.001670866714370555,-0.003154035826472425,-0.00779934656064616,-0.005495498315222255,-0.02088555232312441,-0.023983134898398557,-0.008872863914306688,-0.0205757607694022,-0.02141276045816056,-0.010958382402106738,-0.0016659064488924698,-0.003154033698961088,-0.00869611172004555,-0.00586626227159765
2023-05-12,-0.0008388740546909412,0.0013865688041353073,-0.003252416980904013,-0.00016555467992231977,-7.852978631337333e-05,0.006633145413243956,0.013065529880191995,-0.001963174945195168,0.007163288926056596,0.009153394317460952,0.00040646252329820854,0.001384559855253768,-0.0032524186807770285,0.00041858684282433146,0.0007282911024191321
2023-05-13,,,,,,-0.006690148368844429,0.002794336025230223,-0.004005521638594682,-0.005971209832915442,-0.004961406578447512,,,,,
2023-05-14,,,,,,0.009488724033330365,0.0016936521296215226,0.025160415070463068,0.009024527331702765,0.009279215396425572,,,,,
2023-05-15,0.004566875681341904,-0.0028897720349348247,0.005784578008241068,0.0024408195430137792,0.0011522910407850862,0.008324650956111014,0.011475611180505385,0.029021512215425652,0.008453283205009744,0.009167856221109346,0.0051931715604700895,-0.0028886780792621216,0.005784583207897511,0.0027424126019986606,0.0012685642275395413
2023-05-16,-0.01596931677803586,-0.015020123566729209,-0.0067302404916658115,-0.01662138255652081,-0.0159712021540077,0.008422101567971952,0.0017545317987468988,0.023685006550932315,0.007703441709718484,0.006980356089412733,-0.01190408038703456,-0.015004578992765192,-0.006730238981553623,-0.014616631470370367,-0.014952737766686985
2023-05-17,0.012319075380388223,-0.0013371289143634952,0.002821969683447024,0.009318912676307368,0.006957260900167514,0.014914573072979954,0.008711242577090807,0.03285383607190618,0.014270622621926974,0.014107753203504794,0.01275165832915351,-0.001342144697739637,0.0028219720464727005,0.009590364939172421,0.006369179289120181
2023-05-18,0.0058853739811349,0.0009255777720534498,2.7175202284090462e-05,0.003486570702404705,0.003072616617674749,-0.011625633084243761,-0.013547239117047732,-0.021539921389667198,-0.011792316315585454,-0.01375346176093257,0.002966872803571791,0.0009314870397954277,2.717422487535058e-05,0.0020850808000492855,0.001443182255727673
2023-05-19,-0.0024750102388178584,0.00027680292312106796,0.005595337467453831,-0.001550044954355192,-0.00147284338261343,0.003288349523594647,0.004730728953231382,0.011107055075737896,0.0034849641549644958,0.002839587106905247,-0.0015144502784157738,0.0002889498564161919,0.005595338818919122,-0.0010373845766206737,-0.0009037031032299046
2023-05-20,,,,,,0.0049119396708774635,0.022821599143269373,0.006791628536113182,0.006513794559247614,0.009228978003160877,,,,,
2023-05-21,,,,,,-0.010665021585102118,0.02116366685543708,-0.007979971623946315,-0.0076543378963427515,-0.0024287987792330893,,,,,
2023-05-22,0.0006733174629292172,-0.005761077431443808,-0.00794010293052344,-0.00016403181004779515,-0.0008140644155007522,0.00852947908232017,0.030596735010173494,-0.00634503262513837,0.010196841114099646,0.013900203293939635,0.0019826777328277086,-0.005774521737466773,-0.007940099071347947,0.0005596485396503603,-0.0007103678434618134
2023-05-23,-0.007158860298573353,-0.003318405138036567,-0.014234724065158902,-0.006672764561895515,-0.00650551012772032,0.008546689643816751,0.006679202313759703,0.009104621701294177,0.008323743482934838,0.00754545539049328,-0.0045412686415083345,-0.0033069832234162546,-0.01423472719047075,-0.005341515866435905,-0.006097279750376689
2023-05-24,-0.0092430297574062,-0.006669420616855954,-0.00014151708575804397,-0.008868055828439237,-0.008711227826695781,-0.029311627575694967,-0.023548139287656818,-0.04876077415398976,-0.028706658639768654,-0.027952655662738808,-0.012587796060454326,-0.006661239138749164,-0.00014151839781190623,-0.010462787023804756,-0.00929392655870564
2023-05-25,9.278741905413855e-05,-0.012709907865489012,-0.008365875039741247,-0.005743965068952638,-0.008882788242459522,0.0006137923240644661,0.0006366911157940965,0.005451730120192594,0.0006825919028518673,-9.356961916073557e-05,0.0001796215698891928,-0.012684902657965133,-0.008365871705495766,-0.005537464195585735,-0.009387939885781267
2023-05-26,0.008663674683658413,-0.0008615250124718341,-0.0031222331094988916,0.005651339421382281,0.003455906901464682,0.013862260516455062,-0.010128138162368803,0.012611836059577677,0.011443034187607387,0.0074335185539072595,0.009530105655791186,-0.0008734845409198958,-0.003122230515230706,0.005983597647813311,0.004332925742502548
2023-05-27,,,,,,0.008685536718812826,0.017961353395082223,0.011941644469273453,0.009434726429246542,0.011444769718714562,,,,,
2023-05-28,,,,,,0.027256993493929824,0.014643436965795547,0.033950991207150005,0.026099540787240087,0.0235674478329798,,,,,
2023-05-29,,,,,,-0.006321640644553051,-0.01541077036378596,-0.002446010339547275,-0.0070119478535304106,-0.009723981616468789,,,,,
2023-05-30,-0.0018190711166541518,-0.003543937135380616,-0.011333730347810567,-0.0027615334524231263,-0.0035698225816652943,0.009550061586042526,0.0019003343263110336,0.018230391587420867,0.008847834400599903,0.0059499462868013294,7.578433379529421e-05,-0.003556723156327113,-0.011333729320826262,-0.0017768060092975529,-0.002729370835051038
2023-05-31,-0.004663092855496197,0.006865105120228407,0.0025542995787990012,-0.001660428978855789,0.00023120493693736755,-0.010968334133005764,-0.015403290432666623,-0.017070965277865304,-0.010931101637565062,-0.011874391414642879,-0.005713966401747791,0.006860892958892422,0.0025542993616090998,-0.002247540726609329,0.0003514911569183097
2023-06-01,0.005148317863618266,-0.0011230284965542971,0.02135760435914443,0.003000519033743274,0.0015372186344318332,-0.0070050480359822205,-0.009798710245122353,0.014593322064986498,-0.007177775626762525,-0.006680472441116323,0.0031227568803515173,-0.0011239349639393117,0.01661529609530053,0.0018759182860956874,0.0013253784191199457
2023-06-02,0.0195001976644241,0.012707514524529383,0.010095127978238652,0.017572336875465312,0.016872019738017507,0.030470134154125517,0.07237550670313077,0.01566386197598655,0.034145506026969294,0.04121506817901603,0.021328520412707674,0.012710732446591742,0.013027302497166448,0.019076991608993593,0.018178561721111222
2023-06-03,,,,,,-0.0032645391579624763,-0.00911543713862831,0.0005169575883843568,-0.0036869126421462343,-0.004443166208266621,,,,,
2023-06-04,,,,,,0.0019090477931811847,-0.0024211946396060194,-0.009155259359064978,0.001334611718597463,-0.0006756624834145255,,,,,
2023-06-05,-0.005896949385171216,0.0012219446077590226,-0.005612155273899486,-0.004010019284781078,-0.0027593629365420843,-0.05556741970590499,-0.04235719580062298,-0.06032452539154377,-0.05426829665886477,-0.053011228454124516,-0.01417536110529351,0.0012221693812302418,-0.009576904800370718,-0.008242853560521525,-0.005022526524755028
2023-06-06,0.004403184679716094,-0.006491525794000912,-0.008695982462861464,0.0016378605455204163,-0.0008996996966784967,0.03446928333226702,0.019258347222166638,0.04500970018285015,0.03320414812248803,0.030865200244049016,0.009414201121807915,-0.006504705642710347,-0.004435708755550655,0.004156893612589824,0.0008028968366039294
2023-06-07,0.008253330916676531,0.0004403533239711153,-0.0061634312392114445,0.00811392749442581,0.006160984051294531,-0.033975661274086084,-0.02397361450414348,-0.02721991240611367,-0.03293708487825286,-0.03265005090177383,0.0012151655515494283,0.0004145290802048973,-0.007089251893089982,0.004672102189340565,0.006401791486195379
2023-06-08,0.004105881849056212,0.006121892504086452,0.012024696099486521,0.004440636144890384,0.004771797175775632,0.007310911144695709,0.008114011379526727,0.0003386617089935425,0.0074477153267209955,0.007972197018780467,0.004640053398329462,0.006128750237565591,0.011959375493083596,0.0046863260416003215,0.0039953225682313066
2023-06-09,-0.002802731516898365,5.2659184456001185e-05,0.0030193427114683464,-0.002873398533973993,-0.0025281991114707797,-0.011508540340358876,-0.04387807875396634,0.00434986860232145,-0.014439553893865928,-0.0225468956409311,-0.004253699654141783,5.732837874783064e-05,0.005026541985114568,-0.003867542686538205,-0.00390402269757146
2023-06-10,,,,,,-0.08270980281888682,-0.03157691585270052,-0.08463440530380302,-0.07832914002142372,-0.07222654653168585,,,,,
2023-06-11,,,,,,0.0016502033140609273,0.0068810300234851424,0.004023789586825587,0.001915027378827425,0.0011430076345458774,,,,,
2023-06-12,0.0052286646422442075,-0.0026104281461869225,-8.346172170646487e-05,0.003127896893075897,0.002639823761435443,0.00048789843885728174,0.006918636360729196,-0.0017243949283977783,0.000869191837807714,0.001388814825148808,0.004438536941679719,-0.002606716364137763,0.000602538050828247,0.0027311017213304586,0.0021282748578209288
2023-06-13,0.007318719029048488,0.0064337549775152275,0.007561411428298054,0.0064289590863264145,0.006561929728600736,0.0022993820597000175,0.007727345391106049,-0.0004704999799448652,0.002996485152293871,0.0037899780881669436,0.006482162867490409,0.006428599105404763,0.00528130666009579,0.006038731793749198,0.00592682143765447
2023-06-14,0.00012724349296770352,0.0021703747006286732,-0.003790246173526533,-0.000707801916879365,-0.000948486615905506,-0.0431723460804432,-0.02015851929311939,-0.0443476459555943,-0.04094370200020827,-0.03718178277916502,-0.007089354769267448,0.0021794501792115808,-0.011344898411979682,-0.0043855898556015085,-0.0016579861862308534
2023-06-15,0.010003512200136698,0.009642793729807145,0.0050781700780063825,0.010634025481856043,0.011447145487816824,0.0057891036915591046,0.004500507824156224,0.018342202099796964,0.005387127178911893,0.006017931509406683,0.009301110782040432,0.009644762228594844,0.004846124340299527,0.010162348148172707,0.010808848238559396
2023-06-16,0.0005502064556709698,0.0009143018955637171,0.0031636560327124624,0.0012679341028517092,0.0015745641080476013,0.011168012818247086,0.006632841990460506,0.024393403716790774,0.010903764919771443,0.010718230642884857,0.002319840849433656,0.0009219911844693699,0.0019189138131003726,0.0021036128780640216,0.0020558333273009315
2023-06-17,,,,,,0.00953205851289305,0.013011640569285134,0.009403764823808142,0.009800521804945426,0.010279001928849221,,,,,
2023-06-18,,,,,,-0.005460914609440515,-0.015116799823530334,-0.000994650074059205,-0.006359986052825484,-0.009105689686329617,,,,,
2023-06-19,,,,,,0.006550246328475962,0.005475103936259278,0.01042643959572017,0.006227237593499085,0.006118895089424947,,,,,
2023-06-20,-0.012622406708579165,-0.007598978966595768,-0.0030434696218388543,-0.011600266480725329,-0.010752052686246958,0.027151896154307277,0.02550866293441202,0.045136382867536295,0.027059271101805994,0.02781586667762938,-0.005993356231431425,-0.007582267449801893,-0.0033297816552742567,-0.00819488908935937,-0.01005540615308333
2023-06-21,-0.0031648906733249046,-0.0012793621073724946,0.004886507864856525,-0.0017433096711847451,-0.0016215849571659098,0.06914386829461867,0.037935714801100494,0.06014324640418657,0.06832162130009131,0.06240710776881612,0.008886569154665692,-0.0012774804849850763,0.006117503883282137,0.004362876220788525,0.0011347897495729326
2023-06-22,-0.005592422870120342,0.008034397930844515,0.007344273876709924,-0.0035048405436770473,-0.0007248388897275355,-0.0036441032838237077,-0.0051960763092296774,0.004330972965851622,-0.003831530976272927,-0.003173419904919192,-0.005267702939070902,0.008057494593615506,0.005530029050254336,-0.003430066670523577,-0.002185577533057437
2023-06-23,-0.007259581439822718,-0.005234633846279225,-0.0033997759481882417,-0.007258357708151552,-0.00641138633660585,0.0747016117794201,0.020621798566182712,0.044842195819496694,0.07251286511999125,0.05841870705101224,0.006400617430051083,-0.005233814889222487,-0.002439445302892815,-0.0005673370024704967,-0.005036783533009683
2023-06-24,,,,,,0.011652634564868595,-0.008867749953322459,-0.011062277487210396,0.011571799988481684,0.004113489645421444,,,,,
2023-06-25,,,,,,-0.010868836642279276,0.007987150165189815,-0.010102521609410374,-0.009433846997237996,-0.00446482610987148,,,,,
2023-06-26,0.006682503230795585,0.0005333533885652688,-0.008235231093048082,0.006257827147220572,0.0043857870231986534,0.005978334015964882,0.002735205598652992,-0.009343936397346438,0.007288203267459915,0.0030397528862217515,0.006565141694990467,0.0005187981224678241,-0.009303029950024522,0.006175070522561866,0.0058945174769414535
2023-06-27,0.007222896182025428,0.002758893842950996,0.00757719017213636,0.005047824868276357,0.0038959383618866372,0.02263140143154352,0.014294235585026517,0.010717027404138147,0.022857517281078016,0.019144219117066083,0.009790980390278444,0.0027560025743515264,0.007445776408456209,0.006432872094675514,0.005193915252424845
2023-06-28,-0.0017040372863230946,-0.0040041085350669275,0.002498466116367447,-0.0021642733753592497,-0.0019042556093917082,-0.03996466241134235,-0.012882578033091958,-0.03992289249355237,-0.03701924034698072,-0.034212326027812864,-0.00808080814049297,-0.004017573122086421,-0.0013305393609331626,-0.005233807199590715,-0.003155093243496265
2023-06-29,0.006333876012833468,-0.0010507815736147074,0.005792870091955234,0.005672822136514138,0.00481843342160342,0.029699728716752083,0.010730325852429225,0.01678241122172745,0.02899065302337793,0.024179371913325556,0.010228184796819903,-0.0010614541515186044,0.007326226360102549,0.007648178799854457,0.005204062812670689
2023-06-30,0.008314033679412115,0.006544277716923072,0.01938986265030995,0.008368750057097852,0.008112701078963405,0.09404904955033085,0.01825157300078221,0.1540149140059655,0.08806426943120588,0.07642419663371985,0.0226032029912319,0.006544706058270356,0.01694197676793387,0.015371885725078546,0.009879209850267011
2023-07-01,,,,,,-0.0018449409424392102,0.006610106426511362,-0.033480005335552177,-0.0009136710076901891,-0.001096149100291518,,,,,
2023-07-02,,,,,,0.005238620849933817,-0.008725314765695021,0.03102753944359561,0.003817456920305653,0.0011616403312210352,,,,,
2023-07-03,0.005677130992006776,0.003595178910639333,-0.009057991985471879,0.00524390696179557,0.004555379050428331,-0.005122109370999129,0.015287933696151097,-0.03330357121242371,-0.0022606577317890145,-0.001212446634792307,0.003877257598172458,0.003884697945648684,-0.010295734991904603,0.004490876282696248,0.004614551835726074
2023-07-04,,,,,,-0.01944257981250476,-0.007967920542826922,-0.04440216793128178,-0.017797495957461,-0.016711717756881555,,,,,
2023-07-05,-0.004240653464778885,0.002073356790003128,-0.00038354940682261917,-0.002506952203811363,-0.001273581734001317,-0.015160100684215774,-0.005101053498277741,-0.006199860845906246,-0.014422474623685873,-0.013220394234770838,-0.006060561334685032,0.002061418074197156,-0.0009544764562207592,-0.0033818706452100017,-0.0013071689463980886
2023-07-06,-0.012084138933912192,-0.008156827555073867,-0.01228630386417209,-0.011752094952462764,-0.010708254410467872,-0.025132335253464935,-0.009623155252271252,-0.0031465862603402873,-0.023596837462704554,-0.02115343319959758,-0.014258838320504312,-0.007953602055221685,-0.011114641093233735,-0.012813122525172653,-0.011000475112218022
2023-07-07,0.0006819149565187499,-0.013873030353019124,-0.0046018959031040845,-0.002030114309561993,-0.0049523692365183525,0.01796298117539279,0.017851510661825234,0.009993537367248475,0.01776267265425268,0.017795256396828343,0.003562092659664423,-0.01299536256240667,-0.003999252235919986,-0.000439596933216947,-0.0045526122594203786
2023-07-08,,,,,,0.001531650931283768,0.010254612452030477,-0.016986950571536284,0.0030060147374288866,0.006068484019933679,,,,,
2023-07-09,,,,,,-0.013726282828247383,-0.019644785623439732,-0.022371751750443564,-0.01398892451987666,-0.016747459703449586,,,,,
2023-07-10,0.004779669698334353,0.0007090711083713342,0.013260485941796473,0.004349829566209781,0.005007302546477273,0.01268697689227245,0.0039422160047147695,0.027640672122932974,0.011613697140778671,0.010393103477334208,0.006097554230657369,0.0006236103408321611,0.014646832277562314,0.004971471353532027,0.003852432336725329
2023-07-11,0.014211688018259465,0.008976679835027531,-0.00012956016249549164,0.013021208578540442,0.011927641991432958,0.00029969873734785323,-0.0002635703482815532,-0.0005877277434090957,0.00011412586633621975,-0.0005561219953214397,0.011893023138107533,0.008430673641310109,-0.0005447690885961771,0.011671159595669995,0.01147052177694837
2023-07-12,0.00823735096035434,-0.0025876562845247725,0.00044382666882770923,0.006644002238744367,0.005012740580395066,-0.004325411937046786,-0.000781138933742336,0.01933379242180486,-0.004299543801661179,-0.003718860562849466,0.006143557144120818,-0.002372433725573234,0.001458733867006758,0.005577828511270976,0.004212386728006702
2023-07-13,0.005613289998631371,0.0014727934824492034,0.0017054139203203174,0.0042881045820172565,0.004023455928920635,0.1954993284896968,0.08584352400178769,-0.0037652459023897016,0.19560246446641666,0.18923808183494767,0.037260963080475606,0.002558433945642201,0.015225510952419896,0.021860746736924404,0.0099341121137318
2023-07-14,-0.006609687433745771,0.003367111127866803,-0.002272880014426943,-0.0050587548883093665,-0.0032525145207434173,-0.06154752460039318,-0.0349035440354244,-0.042635613313969,-0.059932382096620246,-0.058713394097835186,-0.015765993628187005,0.002664178690646531,-0.006436072623681452,-0.00997040848641171,-0.005231652633399439
2023-07-15,,,,,,-0.01001040605553859,0.0025113703845234983,-0.029741119213645476,-0.009127770930641465,-0.008944448552822743,,,,,
2023-07-16,,,,,,-0.0053807677283610475,-0.005507174261028293,-0.013570310401307586,-0.004339232476717058,-0.005530579698065834,,,,,
2023-07-17,-0.0035596088175880555,-0.005364044192978857,0.0010858685964063755,-0.005094543510340495,-0.005276723470423903,-0.004097995284557188,-0.0017790868790525294,-0.022477161886001247,-0.004175054064066229,-0.004729655745467851,-0.003649339895416244,-0.005470444850760988,-0.0013496078790264446,-0.005235526134797042,-0.0062019444159242725
2023-07-18,0.005936202752823029,0.0007614914067260367,0.003109703938923626,0.004858277137367255,0.0032981600589070126,0.0006437713452430377,-0.0024126447966655758,0.0028858947269737615,0.0012788557515123504,0.0012751359665341836,0.005054130851559698,0.0006701297320473118,0.004459226347924073,0.0045466903659320485,0.003358244113223602
2023-07-19,0.006037952272526241,0.008147447374047408,-0.006085490723987602,0.006534298628592843,0.0062086943152289435,0.029475186809692955,0.017136518726268812,0.001715600495455881,0.030168424450959352,0.03510179808372072,0.009944158028720694,0.008323132892319984,-0.004444006063630476,0.008848702995494995,0.00771665743201074
2023-07-20,0.0017480758015509055,0.015628316883306,0.011394635569057694,0.005239677731640743,0.007075859282765474,-0.00025280173185267,0.0049313003310698916,-0.0007510138828540743,0.00044645447039780815,0.0033196458968405337,0.0014145962126503099,0.015473381213460442,0.010155639623524825,0.005221625365494323,0.008191485147642135
2023-07-21,0.004489892359851595,0.006098612243574603,-0.0008145270874713081,0.00568481498685301,0.0067529717183368735,-0.0015039225025845096,-0.002285121713100209,0.010328241852205714,-0.002389258835022801,-0.004025417395088275,0.0034909232161122435,0.006015962615017828,-0.0004277751621900436,0.0050442721676310235,0.006050127867264428
2023-07-22,,,,,,-0.012805089144875936,0.020615849261795875,-0.02444763934261366,-0.009435412430953177,-0.002480097369991566,,,,,
2023-07-23,,,,,,0.013126348690180534,0.0008513199777170743,0.03370993512433922,0.011566810819290093,0.00958088203376548,,,,,
2023-07-24,0.005464941830862187,0.0010687794791354587,-0.0037119731490974184,0.0042632464334213145,0.0030747136519121395,-0.039110888204281935,-0.02853653279997605,-0.04278378408092086,-0.03825720899572386,-0.03769783658083476,-0.001964363174995167,0.0004026872578921978,-0.007318255291232145,0.00029736634433823726,0.0018965643110108977
2023-07-25,0.0034160131953540483,-0.0027922491914040472,0.02947335882272892,0.0019261502897314684,0.0011383683299920615,0.0004515707248740953,0.0031434930300566015,-0.0020651801088025787,0.0008237853551901475,0.0007840825984361484,0.002921939450274056,-0.0027096688697762104,0.02683876698006316,0.0016865820342432231,0.0009767713756886692
2023-07-26,0.0021904630775948686,0.003362924928051627,-0.011563016990627709,0.002019057287233475,0.0026512855314100294,0.01536213004313094,0.01020128669356362,0.01558521113939177,0.015282994984190256,0.01734952774719081,0.004385740905184214,0.003390214756203391,-0.009568436059802059,0.0033026712490842416,0.0028999441240860416
2023-07-27,-0.004634011643839128,-0.007210981693389491,-0.0017810486843542535,-0.005118748678905572,-0.005323528494184135,0.0022443134630713455,0.0012074302695166599,0.007138753972079629,0.002199692339833689,0.0035966074035927355,-0.003487624126020716,-0.006862648916904585,-0.0014040552591840971,-0.004414761695765781,-0.004916946300100625
2023-07-28,0.004241321399844555,0.0026444469338649827,0.0013269342956409927,0.0032867784979482536,0.002816153556654545,0.007462819176447866,0.019980144010853428,-0.0052520144645726,0.008796005224385712,0.011605149805864157,0.004778237695945107,0.003415581463604169,0.0005527702354005236,0.0036983899151096403,0.0027253026330174538
2023-07-29,,,,,,0.003363640436718896,-0.012986215073043287,0.008113656632414288,0.0012759589614904459,-0.0019131284770217078,,,,,
2023-07-30,,,,,,-0.0018887354070578285,-0.024037945930488372,0.029109009185642666,-0.004833226190584325,-0.008421966900437148,,,,,
2023-07-31,0.004314741590100032,-0.0039636082043756505,0.00021106238454368117,0.0025912236414544995,0.00037569829257021035,-0.01723273511035757,-0.01806726117632753,-0.016979782143617946,-0.01739996234938522,-0.020448730822158086,0.000723495473357098,-0.004473324281076483,-0.0009656749289687531,0.000597141916862503,-0.0004372020136856717
2023-08-01,-0.0036317010240047836,-0.005370367096619078,-0.009458685515451228,-0.004810017212797841,-0.00547552071647049,0.008097901202082248,0.011918603105697206,0.007752414665192487,0.008109116032375845,0.007568951662740351,-0.0016767673196569446,-0.005198165523727136,-0.008381272065565775,-0.0037415421962292477,-0.004776353107123131
2023-08-02,-0.013699281238668084,-0.008528433750230659,-0.011257466468029878,-0.01141082486258249,-0.010521472303336821,-0.03714694707929564,-0.021989726661297802,-0.030694727700505194,-0.03479075820802341,-0.03274646767008929,-0.01760722554543934,-0.00894594503438945,-0.013461657137501366,-0.013392590353039495,-0.011258592521750295
2023-08-03,-0.004931584621457254,-0.006926895231512126,0.003041109507166525,-0.0054563312585746435,-0.0067837866361541614,-0.01737553628357058,0.004304401348165872,-0.006311793643865551,-0.013761911450866773,-0.009463243976441205,-0.007005576565142809,-0.006605607559994068,0.0004236462620468475,-0.0063556209925339415,-0.005706197934733607
2023-08-04,-0.002197023217300111,-0.005896675478168146,0.003220395321144338,-0.0023877695214812823,-0.003460432551052303,-0.007302872222976842,-0.00426497134437969,-0.005090259935121938,-0.006022058536531465,-0.004130337138237858,-0.003047998051579566,-0.00610370223989234,0.0003301625590068982,-0.002755805055900791,-0.0018688091232992104
2023-08-05,,,,,,0.004349784985149952,0.0034153470426083916,-0.0022218970074952236,0.00442497296583006,0.005141451870646245,,,,,
2023-08-06,,,,,,-0.005434122335717784,-0.0031416433416051118,-0.005501337586669796,-0.00529013884461432,-0.00534873581175387,,,,,
2023-08-07,0.00802041392341124,0.01181365620264923,0.013685613992167148,0.008859297192238649,0.008650523406475572,0.007016310190832321,0.001989722479167909,0.019317442310718594,0.006333911286469697,0.004729359688673976,0.007853063301314755,0.011444918084506248,0.014520929247501936,0.008831410777309333,0.009973232330764631
2023-08-08,-0.003440940743932581,-0.003886031971916967,-0.006124359200829916,-0.0024343849179607395,-0.002146912436482502,0.014720931908673896,0.011240566011801309,0.018170671681158088,0.013870310269702018,0.011831637019741015,-0.0004139619684981684,-0.0036564324132990008,-0.0033309526750381823,-0.0008652497708678656,-0.0013031461819415276
2023-08-09,-0.0019255958226743846,0.0021985774153758337,-0.012061090970156537,-0.0004811755934191374,0.0002781065932171217,-0.002395454912777484,-0.004216894854002999,-0.005560636796974923,-0.0024712852920610465,-0.002060628461412599,-0.0020039056710249,0.0022009611232658315,-0.010792024412116871,-0.0005462194429458919,1.8686644892608983e-05
2023-08-10,0.0009644399956669524,-0.002015865815612041,0.003182014885950997,0.0007608725363516982,0.0010954038689602074,-0.010313452290058634,0.0007736569666749863,-0.010842096729652983,-0.008441599853590602,-0.006074887246724626,-0.0009152087186206454,-0.0017748465296154926,0.001330501485944706,-0.00012173154435148272,0.0008298626736669641
2023-08-11,0.001675815022885709,0.006090835884918084,0.004604051410950297,0.0031744504833817106,0.0034627298159478626,-0.0025053540918613675,-0.0011731479077504584,-0.004076649176293962,-0.002483435542928133,-0.002741485705234899,0.0009789535037611969,0.005980754508643746,0.004304230937004425,0.002753837093020743,0.0034648180837015792
2023-08-12,,,,,,-3.937036608947508e-06,0.0020619975822713907,-0.0007316888649324597,0.0006271236838446031,0.0015413594949737772,,,,,
2023-08-13,,,,,,-0.006202337709924488,-0.004468545747594617,-0.003367432488639613,-0.006074079797281817,-0.006008883895280941,,,,,
2023-08-14,0.0017062775996715216,-0.0005400942336688135,0.017506938479350132,0.0004973921786987329,-0.00039241527565129944,0.001951599250878311,0.004265911496298638,0.006084896630226253,0.0022941103409244833,0.002387139357932718,0.00174716454153932,-0.00045353388773675097,0.016168179567726607,0.0005400449181666653,0.00032323403197657643
2023-08-15,-0.013225456282507148,-0.006456895959159151,-0.008439149663657301,-0.01190886333920828,-0.011690965516466456,-0.028483106955607816,-0.011207607263113845,-0.011262270776959139,-0.02547727802774465,-0.0238219007678699,-0.01576839806135726,-0.00665428665634502,-0.010065873328962128,-0.013075783154388027,-0.01045960990930141
2023-08-16,-0.008186117279367163,-0.0026782567987898784,-0.004124873855245414,-0.006830413284350095,-0.005715324653280977,-0.03890073461971866,-0.018744113353583055,-0.036178516801374,-0.03640790685439539,-0.03420000995787489,-0.013305220169425746,-0.003136716443212689,-0.008206308180415763,-0.009528575802162913,-0.006616838933491706
2023-08-17,-0.004655788275770239,-0.005519647034996873,-0.011655156900912188,-0.004559186600051904,-0.004682325290319986,-0.08842940887497387,-0.05008293349245419,-0.08744736942978037,-0.08173203319755219,-0.07094706463731518,-0.018618058375637507,-0.005875588861295896,-0.022279050406511427,-0.011540791989005818,-0.008061880799422815
2023-08-18,0.0017330293707238818,0.0037281139110332162,0.0038808148412272014,0.0016856208236325852,0.0020396968997379045,0.006166164594595425,-0.010997643975314846,-0.010936528138184378,0.0036390802154860472,0.004659496245142114,0.002471885241369139,0.0037285032749029,0.004275007052181281,0.0019758863971771814,0.0014737951285923158
2023-08-19,,,,,,0.01446029421699644,0.007671666544225253,0.003899541733319817,0.012674502822828788,0.012123860118055031,,,,,
2023-08-20,,,,,,0.016883672615801638,0.013138166127945768,0.009418553845855694,0.01566991412847783,0.015162859998572658,,,,,
2023-08-21,-0.0005131283529655393,-0.0031703612589070816,0.013604168356374265,-0.001544717994129325,-0.0025918083701726696,-0.009879608817271868,-0.006021365623822359,-0.008427352212066152,-0.008949574060163352,-0.008918906723599592,-0.0020742084303499277,-0.003440221808861153,0.009434548893824658,-0.002396837177761272,-0.0023868641276606557
2023-08-22,-0.0049044034665741655,-0.005660247738919673,-0.012335002024068778,-0.004627046823011725,-0.003341776091335811,-0.014368192690346893,-7.405311739671076e-05,-0.004629631816386994,-0.012499902862988313,-0.009977910541568864,-0.0064817016705362865,-0.005522548595757088,-0.011655034840179476,-0.005363870536756222,-0.004299726662260945
2023-08-23,0.007321780440630265,0.010734695643020018,0.024532628436337904,0.007335082583460768,0.007187742793006766,0.03150211746919023,0.02142774718575053,0.023829183125610307,0.030331386994544816,0.03070558394995117,0.011351836612056925,0.011139110710651712,0.02471981454413824,0.009361290472206726,0.008685733646972275
2023-08-24,-0.012228581664713429,-0.009294737225493984,-0.016106628588095986,-0.0110588623262989,-0.010246912995358312,-0.012132670149970026,-0.011745309498093253,-0.00802338685099106,-0.01166560124424942,-0.011266573265684915,-0.012212596412256192,-0.00933203228624797,-0.01589118970247108,-0.011029248651420475,-0.01098182519811987
2023-08-25,0.004912513294952161,0.0025356974720428167,0.002206672729987412,0.004710263736508915,0.004655593002359697,-0.0010979540234162925,0.001522613702031596,-0.0039581320552068665,-0.0010149719932300856,-0.0007712507878169035,0.003910768741890752,0.0026159324353490724,0.0029898365699525275,0.004254793878429974,0.004217126468768314
2023-08-26,,,,,,-0.00558602193954032,0.0005292956512975888,-0.0038552686699951707,-0.004554209780653733,-0.0032590732992626333,,,,,
2023-08-27,,,,,,0.009236659750104226,0.002192594341386707,0.012090582749271415,0.008797634522217235,0.008307940336012874,,,,,
2023-08-28,0.008364884527056863,0.0030861126151434303,0.009667569008372907,0.006985828633282381,0.006300034292506055,-0.005905699793415332,-0.00628066742434524,-0.009333858723942767,-0.006336370648522603,-0.007120763948557219,0.005986453806978164,0.0026848644471537814,0.007037758345343581,0.005674638243350228,0.0056210905266745135
2023-08-29,0.011982477817999241,0.0052173497426711846,0.01546421513652096,0.01081244711393752,0.009710881616244648,0.055070350603778455,0.03957033456898429,0.08580230184108727,0.053631640779484256,0.04817642988846526,0.019163789948962447,0.00545328847898177,0.021207964861262495,0.014559488570399964,0.011794573270328231
2023-08-30,0.0015849659208836808,0.0017203866228945035,-0.0015744186532900232,0.0013585556475233557,0.0012406238028838305,-0.022248078588893397,-0.018483275454994123,-0.021497800351823065,-0.021392462475662035,-0.021321847698443634,-0.002387208164079165,0.0011380206817195237,-0.003982394961802773,-0.0007218091407104512,0.00022224250943452358
2023-08-31,-0.0030555686910886835,-0.005240809446742484,-0.0028070514023498935,-0.004118583865848947,-0.004636430281275438,-0.03801269052597048,-0.020814081196891633,-0.0442224774495677,-0.0350777853559966,-0.028527475212754512,-0.008881755663568981,-0.004829908902126943,-0.00552350575105555,-0.006916288617191322,-0.005788892650529564
2023-09-01,0.004049068438607958,3.921383238279433e-05,-0.0011066320569092939,0.0032616704214445693,0.0024447227824411846,-0.012928701106311181,-0.006827022220972935,-0.017403175773030095,-0.011966619090960392,-0.010703258949051568,0.001219440181121436,-0.0002011685250390093,-0.003135764744276941,0.0018266955906593332,0.003196271621229021
2023-09-02,,,,,,0.002151171943819353,0.007469067153291301,-0.0034001876881670392,0.0030743740747614314,0.004887712467110445,,,,,
2023-09-03,,,,,,0.006164628955449203,0.0018143324908168157,0.004653709198778113,0.004629720529259266,0.0029914117732677895,,,,,
2023-09-04,,,,,,0.0031609911132003286,-0.0005750370572592464,-0.00531431464423159,0.0018847515219696327,0.0007858052593402512,,,,,
2023-09-05,-0.008724813019335222,-0.009321286625523725,-0.012079533328115807,-0.00960573310551526,-0.010343114632672323,-0.001604615569630974,-0.0005105616562868569,-0.003532689869748962,-0.001005366100732565,-0.0008632002798956326,-0.007538113444384512,-0.009156306498944573,-0.011996087342337383,-0.008993544233399495,-0.008797900797306826
2023-09-06,-0.00417614715166231,-0.0025021934356049052,-0.009243737024043271,-0.004103073380298596,-0.003775044378905856,0.0014576500461318865,0.008458275759948767,0.004101038847464801,0.0023605535414814283,0.004826271938467941,-0.003237180952029944,-0.0019587953608284723,-0.00865879846064444,-0.0035043356905404355,-0.0033060841708517394
2023-09-07,-0.00017340816510796176,0.005751759842306885,-0.0013920964945794334,0.002215301909176258,0.0031732726056571074,0.007585107840102846,0.010343111514004702,0.009212294576164543,0.007835133733929264,0.008070746293046103,0.0011196778357605052,0.0057140421586179685,-0.0009550933286829899,0.002840126631304241,0.003120948342858424
2023-09-08,0.002637923536046847,0.0037055877965860313,0.0003130281553870791,0.0037924645037175414,0.0040311017068051565,-0.00505856760002702,-0.005750633316731966,-0.005617834114186549,-0.005400889459880321,-0.005328993784914304,0.001355175013367869,0.0036134328828051404,0.0004743754332869737,0.0030918572625750792,0.003547751346880822
2023-09-09,,,,,,0.0036530195165871745,-6.533127199936853e-05,-0.0002892657827948968,0.002626361443291293,0.001888484773329456,,,,,
2023-09-10,,,,,,-0.01358203824648161,-0.006780600629762625,-0.007973768012068429,-0.013251443264359076,-0.011694068137620759,,,,,
2023-09-11,0.002865687446399157,0.0036957366728320074,0.006355921496223296,0.0032399252231467618,0.004103123862668349,-0.033173901462008853,-0.01932239130415958,-0.02790802031298153,-0.031120149640949633,-0.027621910119439964,-0.0031409107050021797,0.003460370019057134,0.003309133583372103,0.00017138034219600791,0.0015084017010738235
2023-09-12,0.00230824385120429,-0.0018272939354545903,0.0031887055233175525,0.001996929636693708,0.000927193230917637,0.02023627737002509,0.034182858144224025,0.04476854824938971,0.02361185815835893,0.028554982748173943,0.005296249437674423,-0.0008394862033188762,0.005849125689270566,0.003911859398704278,0.003185187766371846
2023-09-13,-0.0009672270966173916,0.0002726544821419043,-0.0066228593351953845,-0.0003788255127345998,-8.770120611249123e-05,0.010910137712222902,0.009976572615010811,0.009581124296700477,0.01098389211702675,0.010571538860804057,0.001012333704855991,0.0004079101970778399,-0.00576527710982782,0.0006098780617027653,0.0007236829319484788
2023-09-14,0.012360870706178877,0.008815233984956674,0.01190046186335859,0.01238970778252373,0.011824682210061317,0.015075647116377934,0.021060057566017285,0.023850768202300275,0.01631860136698666,0.018510616019595902,0.012813333441212051,0.009641304838395886,0.012767293201756172,0.012862680545062398,0.011900027995799393
2023-09-15,-0.010489077213557506,-0.008890327455279677,-0.01050478935833919,-0.00926779229618298,-0.008102272283714672,0.017594204754288658,0.0037185991038795243,0.017652885101564018,0.01573685494012884,0.012692922730432352,-0.005808530218916477,-0.008617220779518698,-0.007424818108832865,-0.006956093507892872,-0.007942463189797301
2023-09-16,,,,,,-0.0038962074747921236,-0.003921034161140736,-0.004829325093303396,-0.00388660505629147,-0.004402579002312367,,,,,
2023-09-17,,,,,,-0.01639326751851299,-0.0018303356237862813,-0.009747748545025603,-0.014224759895814317,-0.01051621962454396,,,,,
2023-09-18,-0.00024995003851792564,0.0010272933432147844,0.0049475284392004465,3.730642580997113e-05,0.00025578324551180293,0.01968908084512331,0.008176172532964886,0.01796385279519969,0.017973606663584798,0.01505274138621983,0.00307322177542228,0.0011823110275665412,0.006370424050242391,0.0016998914161674892,0.001007343915047383
2023-09-19,-0.0042135020148569065,0.00024090883426794213,-0.004982303807093773,-0.003259392499615215,-0.002730991867984721,0.011995626949226115,0.011183478569023034,0.012758383864446941,0.011534317394717625,0.010358249301109857,-0.0015119805208430705,0.00036719142639829525,-0.0035934140898389085,-0.0019187666280234806,-0.001998990761480353
2023-09-20,-0.005264643861468341,0.0017042983369888163,-0.010630243309167012,-0.00329703660353603,-0.0018199019085896636,-0.010665434056974475,-0.002516590470733321,-0.005093607892335956,-0.010061897664516518,-0.009242466840503163,-0.006164775560719364,0.0018602394995183536,-0.009824725464449709,-0.0037620430165790546,-0.002736167707720726
2023-09-21,-0.018588068789013295,-0.014077543611640141,-0.014768434841160397,-0.01706271638415123,-0.015730531275735194,-0.01980039929133833,-0.019142413998467646,-0.024030759519862846,-0.019525243816163957,-0.019338442404064505,-0.018790123872734134,-0.013877302694347967,-0.015577452672674687,-0.017161923101664107,-0.016116225224639433
2023-09-22,-0.0033341264056424035,-0.0014516654788854543,-0.004416031741584554,-0.0032678825565414325,-0.0038581514222972273,0.0012225372952483827,0.002282745876901346,0.0005758188780272884,0.0012730984255212236,0.0016023330133157147,-0.002574682455493939,-0.0014011540278795205,-0.004064844039438388,-0.002881706068897049,-0.0030148813367466467
2023-09-23,,,,,,0.0025781426251764274,0.0015341561777546015,0.00023968847919580635,0.0027082065326264667,0.0026519881356627615,,,,,
2023-09-24,,,,,,-0.013020335411775552,-0.006183949465219281,-0.01120299382979944,-0.011885987226585605,-0.00979661312511935,,,,,
2023-09-25,0.002086940375641444,-0.0017192111616593953,0.0036928381147903148,0.001387115937140951,0.0005552904188495999,0.00871039004850741,0.0067492149038604985,0.011598724675335317,0.008502796173351517,0.00866034300518724,0.003190848654452438,-0.0012796713964657513,0.0043332821324382825,0.0020552512585343707,0.0014796739186279757
2023-09-26,-0.012038678588931193,-0.00635398412164,-0.009702006391110187,-0.011190300492034577,-0.00978864938436463,-0.003099137163124954,-0.0010051957914375,0.0037394338212336804,-0.0024542447955968136,-0.0010298819303997773,-0.010548755017963485,-0.006070786422983607,-0.008689703811230211,-0.010388507186717716,-0.009123344563813782
2023-09-27,-0.0014106684457594154,-0.006476664018281631,0.0018086757379619993,-0.0029284495275528847,-0.00451609260659631,0.009322785106952891,0.0068936396631939754,0.02415908317100004,0.009158787306349742,0.009235819727090325,0.00037824047969263534,-0.006174680008649518,0.0033192973492882976,-0.0018558459735280382,-0.0024118467612341756
2023-09-28,0.004051206390830819,0.0021329133135985965,0.009477575381058027,0.0027724179683020784,0.0032932132245199,0.02507332442056951,0.02107009526183312,0.02912821677318068,0.02497070838239375,0.024636304944905617,0.0075548927291206,0.0022101818066968524,0.010945678437381208,0.004540747208818359,0.003341983688571096
2023-09-29,-0.001064597661618716,-0.00444477089135708,-0.010686344224000171,-0.002396071805603133,-0.00328518527546997,0.005434094670924462,0.012098570455301674,0.0004704265896407177,0.006623185356096812,0.008729784608142995,1.8517727138480354e-05,-0.0037557338213829203,-0.009562000309168053,-0.0016981091794445707,-0.0026679098193526218
2023-09-30,,,,,,0.004049637744505442,-0.0013956637896774752,-0.002359390923695944,0.003666047886782463,0.0019226753632067247,,,,,
2023-10-01,,,,,,0.02950824562609182,0.02768562260989156,0.02176669467234685,0.029683084478279435,0.02948148309639625,,,,,
2023-10-02,-0.014277794548844161,-0.007125676135447387,-0.004604546522952655,-0.014388062099591346,-0.013541693709022175,-0.02263630601154587,-0.022724990088824698,-0.0129281840540892,-0.023504650201430607,-0.02407931978815718,-0.015670879792627778,-0.007496621097008793,-0.0035674629171334317,-0.01522619273390209,-0.014264857579533148
2023-10-03,-0.008623840049693498,-0.00825801541849868,-0.012458826205991475,-0.008049923269002583,-0.007978206729226616,0.00018829581268208287,0.015463186214223115,0.004877010951067097,0.001194098054208345,0.005026413509728769,-0.0071551507392975675,-0.00710477215030918,-0.015489494274090729,-0.007073475108486176,-0.007414653114921917
2023-10-04,0.0014587619619191331,0.005546827752940303,0.007069946306304382,0.001940650083562599,0.00287400789855806,-0.006274930158273262,-0.002979599973872934,-0.008613440068792368,-0.006028352518352537,-0.005921554279146184,0.00016981327522040042,0.004807841212638253,0.007892971763880539,0.0011701435178065392,0.0018505698201242069
2023-10-05,-0.0018481504494788205,-0.013049428561805137,0.0037865266301396116,-0.0024000181541140213,-0.0037555633880826636,-0.011059632702356848,-0.01147265686392166,-0.009048925162465528,-0.011204887363631259,-0.01211974916653565,-0.003383397491625158,-0.013192152895659354,0.003012954348504699,-0.003256148019418432,-0.003979272845877832
2023-10-06,0.010572819190709796,0.005292944618889294,0.018542340008475683,0.009476140108874287,0.008616604492454837,0.009812111022711312,0.00513904518503243,-0.00705094124064141,0.00937283189792668,0.0076603398506556505,0.010446034496043382,0.0046031736331597056,0.01743893642401235,0.009268641802977531,0.007986907833504772
2023-10-07,,,,,,-0.004232898693495946,0.004728363874450992,0.004566076099322634,-0.0030040931518708026,-0.0005890388929031438,,,,,
2023-10-08,,,,,,-0.004816313761426894,-0.001176509971424156,-0.004342150343874409,-0.004199505631710716,-0.003107138110237513,,,,,
2023-10-09,0.00876392630362377,0.004151350091860902,-0.002469975687348294,0.00884128512882596,0.00735420973851494,-0.03092759364739514,-0.017123190781287136,-0.02815685977567341,-0.0291479952253418,-0.026498339588560457,0.0021486729784539545,0.0033543933012380837,-0.004733137111541298,0.005474158680995035,0.006588888172972197
2023-10-10,0.008282561086268073,0.010501096223169722,0.006210203146648726,0.00806883990748658,0.008655077629159142,-0.0074236072208691,-0.003359493561460012,-0.00894445317408423,-0.006547984912392206,-0.005679731992090271,0.005664866368411877,0.010437495403976033,0.0043648624723870485,0.006701488414273901,0.007522516461449984
2023-10-11,0.003365157629009226,0.0018584502458397936,0.015589439969356713,0.0035331868824732375,0.0021904390421553337,-0.008962957009541505,-0.010796967262981462,-0.0006290940731034977,-0.008525632089248805,-0.007243550290283996,0.0013104718559174367,0.0015188855574512143,0.015874181752067843,0.0025553267378775647,0.0015292716668020045
2023-10-12,-0.008311144835865696,-0.004968688501612794,-0.007692059141027702,-0.007971062878460304,-0.007821120042900018,-0.008336279694453464,-0.009049812825741816,-0.009114125853143043,-0.008766902914288062,-0.00940446789584543,-0.008315333978963658,-0.00514073022688095,-0.007172783770327944,-0.008038627285472432,-0.007745502180658222
2023-10-13,0.0011147766253742544,0.0027358955246073705,-0.01336371845297815,0.0023836579071981586,0.0031673945403307333,0.00703169466928315,0.005627579476197734,0.009694623199163479,0.006960083181828539,0.007021600421147702,0.0021009296326924033,0.0028002191654830115,-0.011831139685358524,0.002858627968387135,0.0035504285956176112
2023-10-14,,,,,,0.0015492963973016472,-0.0022268455918458474,-0.006734829282133434,0.000890580734440388,-0.0004992630745098244,,,,,
2023-10-15,,,,,,0.006085723990029368,0.014457072903888767,0.01262038732207654,0.006953718304380867,0.009456640896358124,,,,,
2023-10-16,0.01005749232970492,0.006308667782696785,0.0029930173392368163,0.009303139919267234,0.009274076692906067,0.029826719180017006,0.037924174298582254,0.041374648891244425,0.03074427608152364,0.0324811367989104,0.013352363471423599,0.006757022026544638,0.0070012679318072766,0.011148767305904275,0.009972195883986726
2023-10-17,0.002793269700487219,0.005172250431778403,-0.004182478163044193,0.0028845199704070237,0.0030565995075222075,-0.018865643579989568,-0.0044600925966196015,-0.00967090889839816,-0.0168833263024125,-0.013852546188450403,-0.0008165491795922446,0.004983516456078218,-0.0051830082011394525,0.0010836916999217737,0.0024836030306565563
2023-10-18,-0.014298523672335571,-0.006563667800667508,-0.022635017352498978,-0.012830246575861811,-0.01107360679382603,-0.006922478049449166,0.00182645074842404,0.004524533789400977,-0.005654963169982099,-0.0023654145942751444,-0.013069182735187833,-0.0061186323655586594,-0.02077353840350201,-0.012108913144942049,-0.011183449272986873
2023-10-19,-0.009313396223776079,-0.004701459250311013,-0.00786391101825128,-0.009140341831095876,-0.008859663712990538,0.017096205176686596,0.010910436207188805,0.010029624424219862,0.014368201072852131,0.010695994125702463,-0.004911795990365634,-0.004153844800764537,-0.007050491817615457,-0.006963684939993998,-0.007741791403830006
2023-10-20,-0.008972743882415861,0.00023345697264716766,-0.004835098735177788,-0.00708004256595151,-0.0058039506628216565,0.02151512776330269,0.021692594940116335,0.023349544215553672,0.022141346730403525,0.022119314335968396,-0.003891431941462769,0.000380747355144593,-0.0016229624231226126,-0.004477961665096782,-0.004657070685161335
2023-10-21,,,,,,0.018699108965846388,0.008813709306955266,0.010331817542575355,0.017434906676248727,0.014905960627835476,,,,,
2023-10-22,,,,,,0.00468562831336562,-0.004128745502338975,-0.008131061046308927,0.004044634935835124,0.002052534322547565,,,,,
2023-10-23,-0.00659698441956091,-0.004359045102871743,0.009161991249993043,-0.006559451838974866,-0.006247564885355219,0.057254370553528625,0.06322813153397411,0.03824522410941299,0.057457311898233596,0.05698685067838151,0.004044908075954013,-0.0037009542956146324,0.012148236101257159,-0.0010449988396069856,-0.0037996423719722774
2023-10-24,0.010865236461424664,0.015498567340907357,0.03409083475485864,0.01097282274217336,0.01110921114326442,-5.517032091718671e-05,0.013267594184869093,-0.008804245178769345,0.0015463543291666,0.00402969727922688,0.009045168664367689,0.01529521718053974,0.03072607390944,0.010126004514475215,0.010734300233065435
2023-10-25,-0.012071946699170874,-0.0011840451461811062,-0.01882754255903069,-0.009648245411601286,-0.00783479675506128,0.003641279162773314,0.014617567746765044,0.010245529522985873,0.0051360293628941,0.008159942914118652,-0.009453075722180175,-0.0007741428163899528,-0.01738633778480754,-0.008116192358624149,-0.006769940444860498
2023-10-26,-0.0020912306436232254,-0.0024442440466511143,-0.014825290849690516,-0.0014229416385206132,-0.003063325910715255,-0.0004957256077606444,-0.007870048162501394,-0.012794936675507252,-0.0007128755204180563,-0.0023197313974420352,-0.0018253131376461283,-0.0024093622235854826,-0.01563673545197056,-0.001317839875838657,-0.0022770851959800953
2023-10-27,-0.010091752733279386,-0.016359316050713234,-0.018133483535732572,-0.012507163351851112,-0.01290860908642942,-0.01083655687974755,-0.00017221652756497588,-0.006122061799460082,-0.009253545655383675,-0.005337707362981489,-0.010215886757690746,-0.016174034965738424,-0.019134771442008255,-0.012508704511027442,-0.013267219841843276
2023-10-28,,,,,,0.012065201809833436,0.006060189448219211,0.011889628609119482,0.011082897214067959,0.010144576703675183,,,,,
2023-10-29,,,,,,0.012478492769189997,0.009654581252710556,0.006713189921973584,0.011815777449410458,0.010010648168465633,,,,,
2023-10-30,0.010000411649502996,0.0057035484094138346,0.019878707181099405,0.009185923915240363,0.00953083954839928,0.012115615043815276,0.003361670180372382,0.007149901430612417,0.010174933807494404,0.007381800955158506,0.01035294554855504,0.006367934578989643,0.01884783412314227,0.009336083916125575,0.008358489330277058
2023-10-31,0.005876567388702727,0.005528938576701809,-0.011214596944543687,0.005184113064991743,0.00631625500934876,0.009585151462079566,0.010102782371120656,0.010889196249237976,0.009040173144243177,0.008513466529607125,0.006494664734265533,0.00574146267576921,-0.01072786420096616,0.005452413201753713,0.005984339163769775
2023-11-01,0.004883111660390648,0.004032139341510621,0.003989647881987313,0.004867752971302919,0.004653108202990958,0.020423321832506593,0.026373831512164443,0.02146610582985047,0.021859286134848506,0.0236846335903909,0.007473146689076639,0.004185786207087059,0.003587131315901513,0.006137009430474733,0.004671273607473791
2023-11-02,0.025794960167503007,0.014679843611544273,0.009833327724506546,0.023026303502298874,0.022523234190924744,-0.010673215464948316,-0.013231591615551158,-0.016004273886642953,-0.010886833178818094,-0.012046743245104002,0.019716930895427785,0.014528742318197459,0.005798549086442836,0.02028219476045828,0.021151026540484816
2023-11-03,0.012794021607402126,0.0017008746350119063,0.013631017526473844,0.010598405489083952,0.008946495958891368,0.005687092970192598,-0.009979348026125325,-0.007291709617059512,0.00304926009003676,-0.0006438920250463086,0.011609533501200536,0.0015791916609607644,0.0138664202943923,0.009939818413333752,0.00876727687019835
2023-11-04,,,,,,0.00926673148983166,0.007824477564126426,0.00737690062253479,0.009174861456516909,0.008801091390334413,,,,,
2023-11-05,,,,,,0.022180669055755532,0.0045479853142289355,0.008050067813141801,0.018785316299307825,0.013469773061779999,,,,,
2023-11-06,-0.004456576056500964,0.0009841479863508416,0.018715689612562744,-0.0036265126906728944,-0.0033480880799008727,0.029873216562228896,-0.002323641213793599,0.010521155475723238,0.023332533473516423,0.01312183698069784,0.0012650560466206792,0.0009719906917457378,0.01999954181669373,-0.001251944042440873,-0.0026356301569836434
2023-11-07,-0.0037390629774691317,0.0014396644511279113,0.0014577042481242653,-0.0034978299114831945,-0.0017460090293275467,-0.015245608939161114,-0.0021660334651841815,-0.005378919135819992,-0.012540457615027843,-0.009001934835559163,-0.005656820637751129,0.0013705636658175814,0.0014279263768151955,-0.004316603333188132,-0.003072258571359116
2023-11-08,-0.0011798844009914004,-0.0009009562724188922,0.012011528588546583,-0.0015560034830004843,-0.0014393592433264348,0.009123363828995878,0.011432281583620476,0.011079290353268177,0.009679171817402802,0.01085829163137395,0.0005373236373398131,-0.0008080262571385481,0.012229918177924336,-0.0007804010949773595,-0.001566933503415144
2023-11-09,-0.008903880726641446,-0.009872954400045191,-0.003867748220592397,-0.010174642071701025,-0.009649845390223788,0.018942521337077956,0.028982786250791457,0.0014763969517074841,0.02508965543198561,0.02953015930788224,-0.004262813716021547,-0.009828601041366911,-0.0055440977001297255,-0.00814545366353457,-0.008691940140871029
2023-11-10,0.010646732594233557,0.004862184065234611,0.01792079086652101,0.00902245959964969,0.00877963696844316,0.01611912776409111,0.04138155433233541,0.036069724045815765,0.02061353549293858,0.028526624057161453,0.011558798455876486,0.0051886476471512235,0.01694542658827496,0.009819040417874954,0.00928507233308492
2023-11-11,,,,,,0.00038478683348709415,0.005136006723485449,0.003648481304865189,0.0005865489846361637,0.0019467703928239724,,,,,
2023-11-12,,,,,,-0.0006957615929076177,0.0007152604597490021,0.000981229295353483,-0.0003550851300526626,0.00032604277634134773,,,,,
2023-11-13,-0.0011335907036108964,0.0032105896418257703,0.004900598629870347,-0.0007647995197940469,-0.0002289472493103599,-0.015109750322123416,-0.010622644562953951,-0.008716536336732549,-0.014816012577586492,-0.012885119502820837,-0.0034629506400296493,0.0031357932842918162,0.0036369074415576893,-0.0019781747589770406,-0.0005822576302273617
2023-11-14,0.02459404341561296,0.0073284792654327935,0.012535869985809413,0.021010371398693373,0.018910904736034358,-0.03211101876751308,-0.03758856944305622,-0.036170877828656134,-0.03250356743892692,-0.03422318503850091,0.015143199718425284,0.007035706847487579,0.010415176742854963,0.016761025770918828,0.017952060969186737
2023-11-15,0.005349194798091736,0.0033635785001028358,-0.007047504065059069,0.004420954791526335,0.004816937281990328,0.04185776999454001,0.03810239087844867,0.033386947166625026,0.04164558838447526,0.03941000250696517,0.011433957330833112,0.0034325495667575875,-0.004197406893153585,0.007310796097561884,0.00568665189982706
2023-11-16,0.000763167978912289,-0.014506869037384088,0.004302521690645445,-0.00047738356062865776,-0.002637019764121918,-0.0333948653714404,-0.03100839933755155,-0.02827320722375935,-0.03276149525466521,-0.031246927880845283,-0.0049298375794798255,-0.01449496260818858,0.004238352072129551,-0.0030646551733204746,-0.0034794254157116877
2023-11-17,0.0031683198127045098,2.6901536910636683e-05,0.002547421622698283,0.002518859352075866,0.0015756586988752064,-0.001351106118128609,0.010781130149397737,0.004768040897600029,0.0005889807845749588,0.0037567856962614178,0.0024150821575656565,7.780945364427667e-05,0.0008540964282449875,0.0022886095214818287,0.0023770723536508964
2023-11-18,,,,,,0.0010200089476241625,-0.0032699950038181944,-0.0049056573231637795,0.00045013804674759,-0.0005427227377206059,,,,,
2023-11-19,,,,,,0.01752721150821428,0.01360215501316497,0.013127954619390862,0.016885642816372656,0.015624831139057459,,,,,
2023-11-20,0.004432305553655234,0.0039962209219323785,0.006986291775650077,0.004058422611938859,0.0041451969859920244,-0.012497110479452678,-0.01030314824913627,-0.0155262213072184,-0.011726110269357872,-0.011278529779963813,0.0016107362148039155,0.003852021024155711,0.004714371147609776,0.0026904726376614863,0.003340971524445897
2023-11-21,-0.0023448833096139056,0.00319860549828889,-0.0030029886565976147,-0.001355499702492741,-0.000152040509172568,-0.05277398882146188,-0.04604233035279488,-0.04642969635255606,-0.05194291054181067,-0.050421188495499016,-0.010749734228255231,0.002936760614456439,-0.006856021683075647,-0.005323650027909387,-0.0018458541378739142
2023-11-22,0.0017220553186484743,-0.0008135469903064656,-0.008786812941731642,0.001484511727614061,0.0017489799429959913,0.04727342608349422,0.051293744038389315,0.04655322094128777,0.04842640450121475,0.050290070982740874,0.009313950446122763,-0.000545555192549896,-0.004783568571674194,0.005116887706633744,0.0034448548338302863
2023-11-23,,,,,,0.003197785503091077,0.0027772708586213442,0.005298915410849012,0.003023700589898786,0.002704730329064713,,,,,
2023-11-24,0.002442867504645432,0.004450419118834028,-0.0016529434784901707,0.0025704341261370955,0.0028279143967504996,0.010683066717420787,0.018546843568987968,0.015690932593007797,0.012149998093499518,0.014398689803842277,0.003816234040107991,0.00455362300105005,-0.0013027025164476093,0.0033078715541007444,0.0032857560438667873
2023-11-25,,,,,,0.014944736662485992,0.020912275649012387,0.018944758428699804,0.015965471071603222,0.018356818453710136,,,,,
2023-11-26,,,,,,-0.010789537345764112,-0.008831073803976887,-0.007688831273337374,-0.010573721291867713,-0.009506077006680862,,,,,
2023-11-27,0.0005314905739881359,0.0004372094484327287,0.002516909561113456,0.00021828718695949973,4.8560947882184143e-05,-0.024229064196371886,-0.03172152972871079,-0.03042829930362735,-0.02559615798670098,-0.028955576549515225,-0.003595268554405201,0.00016599348559751632,0.0008502461039089911,-0.0018143107346287367,-0.000959935639567033
2023-11-28,0.002042655700020208,-0.00023682509871771973,-0.006617261612206335,0.0014487875693790634,0.0010293374124081666,0.01087535974875631,0.011681413989010986,0.009356802619725338,0.010940870727478447,0.010760445781850283,0.0035147730414762253,-0.00018996699561173858,-0.006221431323826011,0.002174652492585187,0.0017332345307824893
2023-11-29,0.004678034968830294,-0.0017613554753356418,0.00047664962772480464,0.00371571278459265,0.002766435631859444,-0.00156338881621233,0.0015063756319742088,0.001817215105506776,-0.0013059802664572675,-0.0006893988110127957,0.0036377976713231897,-0.0017231332359278358,0.0005416177366026086,0.0032905693394356173,0.002338014453522518
2023-11-30,0.006384512229031318,0.008848134978168295,0.006947846772679784,0.00757505643229161,0.007948948167693544,-0.003735138334125721,-5.978331938910232e-05,-0.0031389569156677335,-0.002923655863142918,-0.001230914569567759,0.004697903801838477,0.008839793251201624,0.005835114363409439,0.006814657170132537,0.007680404598896643
2023-12-01,0.009225927380084266,0.00343578723000384,0.0025711495052043514,0.008587333108007376,0.007371495499407342,0.01645782673107902,0.009031889239977203,0.00018199743973059342,0.015168570243478084,0.013050629486922757,0.01043124393858339,0.003687742677376917,0.005797034633303685,0.009321585161614106,0.007844713308774294
2023-12-02,,,,,,0.01966302971088343,0.010273077091663602,0.003268974543246361,0.018844696987423325,0.016612784572601427,,,,,
2023-12-03,,,,,,0.004459218640063989,0.004880451137065821,0.0004361230258979328,0.00466403250485578,0.004253113259918331,,,,,
2023-12-04,-0.0018134092183667125,0.0012949965363787054,-0.012697956874853316,-0.0008947800361103393,-3.0184150013205425e-05,0.02434106799439686,0.024322045955637656,0.01974680707773381,0.024501258456417402,0.02349671089702973,0.0025456703170938827,0.0021694468855020963,-0.0018915378285234976,0.0016306970481500334,0.0013436581266104708
2023-12-05,-0.005261485729965479,0.0030362968717298714,-0.0020459904789710912,-0.00380413703897774,-0.0031997160517261676,0.018389489538105593,0.01945776850712821,-0.0014084104092157287,0.019165328926634542,0.01897405860818499,-0.001319656518620301,0.003528542779830413,0.0035940484939554207,-0.0017381588703436308,-0.0012010490490115878
2023-12-06,-0.0007160063436409096,-0.0030225465736704177,-0.006459807786562952,-6.530566203315875e-05,-0.00017469355492880464,0.001323715687506553,0.002063710835833553,0.005572038726565354,-0.00011561951113440994,0.00034080830551177425,-0.00037605267178299846,-0.002694912065174581,-0.007903352170433604,3.576570328366619e-05,0.0005006534810945178
2023-12-07,0.004900293951280299,0.0003006821849224435,0.00469526445502697,0.0031456862931536125,0.0011527966216943809,0.02423427798230167,-0.004520499077059479,-0.0028493516537358016,0.021787769132541317,0.017267174733413142,0.008122624623117193,-1.4587136427428778e-06,0.004102618504899917,0.004724922532800226,0.0011776979476161677
2023-12-08,0.00322869369613636,-0.002159498889767602,0.009860751358004915,0.002330609897512532,0.0016488187570438415,0.04694566876400497,0.021366038092811943,0.0248683116458977,0.04159109193604165,0.03828705960722712,0.010514856207447796,-0.0014520701851485562,0.01184685820327333,0.005988894461124401,0.0024343598786027154
2023-12-09,,,,,,0.006388985528143444,-0.0044515933841826425,-0.0013780376869750566,0.004998867776037194,0.002624932904047018,,,,,
2023-12-10,,,,,,0.0019439946326410106,0.006768826616819868,0.007824377928173636,0.0030539429549666106,0.005274987842415937,,,,,
2023-12-11,0.006783475745804727,0.006468473273485887,-0.0021904133749371104,0.006673798184717099,0.0068331048462409475,-0.06588507928304639,-0.046206283213395094,-0.04486588746431213,-0.06211980212326383,-0.0572499666431631,-0.0053279500923371255,0.005151820164207273,-0.01114666989634628,0.00032225140175801625,0.004122419457599033
2023-12-12,0.0007978025859253553,0.003638212739600677,0.014770524856351913,0.0011232945920520712,0.0015702329523719332,0.006350064513168773,0.0006100386989329921,-0.000248235769143409,0.005356042703084479,0.005014960587268727,0.0017231795737992588,0.00370212673380381,0.013026447709691708,0.001476479292269272,0.0017073124141842142
2023-12-13,0.020902411458579087,0.01510963350501567,0.001981803906420747,0.020128454342861115,0.01839951863214399,0.03016846894188363,0.018451522271277946,0.008043602455688961,0.02885178112849191,0.028129521878899715,0.022446754372463178,0.015123164716852669,0.004629513976105648,0.021000455229884935,0.01906686957096397
2023-12-14,0.01449340725484245,-0.003073962684803322,-0.004821768036001289,0.010436963418782757,0.008355853743517576,0.0058804058603049054,0.011461149270146522,0.014609106856579542,0.007077484766207547,0.007282572596994256,0.013057907022419529,-0.002727508157536788,-0.003432829340368597,0.010042304617929421,0.005744178106769596
2023-12-15,-0.003011783157942525,-0.00424831747198969,0.008962321939093758,-0.0039671531429040984,-0.004196358141494575,-0.04007389396266611,-0.035379996251682644,-0.04161454791203779,-0.040026208350733006,-0.040206959357485444,-0.009188801625396455,-0.0050410103432590855,0.004235596108190495,-0.007329128025865128,-0.005969053214998809
2023-12-16,,,,,,0.01889895317922652,0.009667528076670867,0.01161926245600246,0.017516624069702228,0.01596330356322365,,,,,
2023-12-17,,,,,,-0.01908536977025386,-0.012254378343873034,-0.008027410221619449,-0.017916225535358904,-0.017156458480273466,,,,,
2023-12-18,-0.0013770380177555875,0.003928131870013632,0.00857329490349691,-0.000457591935352927,0.0001681064614379161,0.0026682168001951447,0.005688476425644567,-0.008091915475778755,0.0031594354454408742,0.003464782537457068,-0.0007028288814304657,0.0039374146147413535,0.011421391717619751,-0.00012879714581731817,0.0007590366356870657
2023-12-19,0.008156436334441006,0.00395173474386838,0.009344694020398212,0.00718296606270426,0.0066174616531914626,-0.013889862746785242,-0.005938852351847879,-0.00489264157560062,-0.01278129187854273,-0.010980018988328994,0.004482053154236631,0.003642492088261201,0.006777998731696165,0.005299161864378104,0.0049869605347185545
2023-12-20,-0.01475297813585756,-0.01303511256867558,-0.02123528561173593,-0.01411862888638648,-0.013596241687496399,0.01919465039816033,0.025166534125698647,0.020847889529529845,0.019930296514000606,0.020901883076814756,-0.00909504004685458,-0.012036409389075813,-0.01426790410974768,-0.011039627884912412,-0.012523564572326368
2023-12-21,0.008160532810200164,0.007632703771496438,0.021088045317585794,0.007628267762791356,0.007548946760435487,0.028038946398433566,0.01355240783520536,0.018430210883869053,0.02619376803013248,0.023973525509675325,0.011473601741572397,0.007674394536738608,0.019556438325578757,0.009222062776278257,0.007678933343814057
2023-12-22,0.0019599641329174915,0.006544704661002991,-0.0003784110998445593,0.0031914001696128104,0.004195781291916015,0.017659209009807143,0.0054089464075538244,0.007300214343922114,0.016763199409111692,0.015082764105042683,0.004576504945732433,0.006429241267869942,0.0006619087345193684,0.004497920291111042,0.004884949799396294
2023-12-23,,,,,,-0.009033084431587101,0.006195201085662077,0.009085948201566822,-0.0064818785874323145,-0.002953031066474691,,,,,
2023-12-24,,,,,,-0.017737058550317875,-0.009356083457023868,-0.005926813760969206,-0.01680573191148585,-0.015420210027729794,,,,,
2023-12-25,,,,,,0.03047235648036244,0.0031322115053371096,0.0017003042104239044,0.024332418652453964,0.016405293458377282,,,,,
2023-12-26,0.006506457589898613,0.0032240740297136976,0.007287175341206532,0.005339453226195526,0.004413622223199806,-0.022479580266228292,-0.025850329504828934,-0.026916226696896382,-0.02233102444347523,-0.022659807487691374,0.0016754512805441288,0.002484258384495083,0.002823837385977358,0.002815660233524983,0.003062387167870126
2023-12-27,0.0014553578874705298,0.0036922192361526036,0.003396156937272218,0.001814729367301829,0.002273254879730754,0.05254635573080771,0.02430706285822857,0.04249164183701848,0.04914732892671112,0.044203656119041375,0.009970524194693391,0.00408203800457196,0.012177809728350116,0.006267918406100724,0.004098958286625409
2023-12-28,0.0012242203691481567,0.0018901815212253646,0.001594650380923948,0.0016269852923928986,0.0014216200171994068,-0.00840828058475297,-0.006901144876388991,0.0005105617705030039,-0.008793646805304296,-0.008066343993890996,-0.000381196456502031,0.0016572451887116903,-0.0009222368022300833,0.0007146864785386285,0.0016947292388157836
2023-12-29,-0.0030351187391592354,-0.00019551884557053738,-0.0029222407126420287,-0.0022428970813856484,-0.0017246764372100894,-0.018570001800694725,-0.005281906247949713,-0.004454604833651624,-0.016041201691474105,-0.011890537245020302,-0.005624265916081816,-0.0003064545419032039,-0.005152901184552681,-0.0036345207288671607,-0.0016684172673627079
2023-12-30,,,,,,0.00732226086147536,0.0019388151985625388,0.012223388647943824,0.005644944859861634,0.003407418523850811,,,,,
2023-12-31,,,,,,-0.011748167139113263,0.009767924968185772,0.006092179489592767,-0.007431517048090279,-0.0016705075793394225,,,,,
